POPULACAO,ANO,CO_MUNICIPIO
34768,1992,1100001
8060,1992,1100040
21774,1992,1100034
61737,1992,1100002
8633,1992,1100003
5589,1992,1100060
72462,1992,1100004
4577,1992,1100070
7711,1992,1100080
4647,1992,1100090
23280,1992,1100005
27830,1992,1100006
13317,1992,1100007
10617,1992,1100008
24630,1992,1100009
6981,1992,1100100
33783,1992,1100010
4755,1992,1100110
52287,1992,1100011
102481,1992,1100012
17202,1992,1100013
9592,1992,1100120
12403,1992,1100130
8161,1992,1100140
16317,1992,1100014
7041,1992,1100033
12119,1992,1100050
55496,1992,1100015
51784,1992,1100018
284576,1992,1100020
31981,1992,1100025
4830,1992,1100026
46703,1992,1100028
12848,1992,1100029
15050,1992,1100032
6230,1992,1100150
7138,1992,1100160
11560,1992,1100170
9540,1992,1100180
40249,1992,1100030
5688,1992,1200001
3017,1992,1200005
14353,1992,1200010
3294,1992,1200013
2367,1992,1200017
48901,1992,1200020
7570,1992,1200025
17591,1992,1200030
4203,1992,1200032
8046,1992,1200033
4629,1992,1200034
8258,1992,1200035
12856,1992,1200038
9475,1992,1200080
6593,1992,1200039
189743,1992,1200040
6800,1992,1200042
674,1992,1200043
24223,1992,1200050
15838,1992,1200045
23409,1992,1200060
10478,1992,1200070
8944,1992,1300002
4763,1992,1300006
6124,1992,1300008
8827,1992,1300010
5884,1992,1300014
8142,1992,1300020
17196,1992,1300030
11210,1992,1300040
16399,1992,1300050
19178,1992,1300060
7563,1992,1300063
7683,1992,1300068
25450,1992,1300070
16822,1992,1300080
7029,1992,1300083
12879,1992,1300090
19850,1992,1300100
33590,1992,1300110
18299,1992,1300115
38313,1992,1300120
13694,1992,1300130
21031,1992,1300140
16407,1992,1300150
16735,1992,1300160
11632,1992,1300165
39970,1992,1300170
9764,1992,1300180
19431,1992,1300185
59772,1992,1300190
9299,1992,1300195
5195,1992,1300200
11366,1992,1300210
4949,1992,1300220
15310,1992,1300230
34084,1992,1300240
58005,1992,1300250
10687,1992,1300255
1047232,1992,1300260
38403,1992,1300270
12053,1992,1300280
30946,1992,1300290
13153,1992,1300300
12939,1992,1300310
14721,1992,1300320
11894,1992,1300330
59691,1992,1300340
17876,1992,1300350
7522,1992,1300353
6717,1992,1300356
16167,1992,1300360
18221,1992,1300370
23501,1992,1300380
13940,1992,1300390
4779,1992,1300395
5617,1992,1300400
29466,1992,1300406
26203,1992,1300410
56991,1992,1300420
10297,1992,1300423
5494,1992,1300426
11994,1992,1300430
18559,1992,1300440
11918,1992,1400005
151439,1992,1400010
9915,1992,1400015
9277,1992,1400020
14068,1992,1400030
11488,1992,1400040
10890,1992,1400050
9754,1992,1400060
102399,1992,1500010
5326,1992,1500013
48378,1992,1500020
19637,1992,1500030
7255,1992,1500034
53600,1992,1500040
33475,1992,1500050
117390,1992,1500060
14494,1992,1500070
90542,1992,1500080
30810,1992,1500090
16921,1992,1500095
11178,1992,1500100
14225,1992,1500110
20400,1992,1500120
48854,1992,1500130
1273825,1992,1500140
63315,1992,1500150
14080,1992,1500157
8586,1992,1500160
97969,1992,1500170
16985,1992,1500172
6311,1992,1500175
14151,1992,1500178
73465,1992,1500180
14188,1992,1500190
13451,1992,1500200
85920,1992,1500210
52116,1992,1500220
46788,1992,1500230
105398,1992,1500240
17513,1992,1500250
8539,1992,1500260
56464,1992,1500270
15362,1992,1500275
6035,1992,1500276
28877,1992,1500277
15386,1992,1500280
20609,1992,1500290
46527,1992,1500293
12179,1992,1500295
3291,1992,1500300
20852,1992,1500307
15251,1992,1500309
19460,1992,1500310
27727,1992,1500320
42009,1992,1500330
6567,1992,1500340
13775,1992,1500345
31614,1992,1500350
98261,1992,1500360
74426,1992,1500370
10215,1992,1500375
31875,1992,1500380
23394,1992,1500390
16760,1992,1500400
29943,1992,1500405
7433,1992,1500410
132723,1992,1500420
26056,1992,1500430
20239,1992,1500440
27164,1992,1500445
14934,1992,1500450
19081,1992,1500460
41426,1992,1500470
47858,1992,1500480
22795,1992,1500490
6714,1992,1500495
9335,1992,1500500
5962,1992,1500503
29753,1992,1500506
42502,1992,1500510
19406,1992,1500520
41738,1992,1500530
13110,1992,1500540
24544,1992,1500543
32626,1992,1500548
5443,1992,1500549
81449,1992,1500550
49300,1992,1500553
4946,1992,1500555
5898,1992,1500560
16799,1992,1500570
29882,1992,1500580
15317,1992,1500590
27542,1992,1500600
17255,1992,1500610
54349,1992,1500613
28217,1992,1500616
41596,1992,1500618
20778,1992,1500619
23443,1992,1500620
12063,1992,1500630
9289,1992,1500635
4815,1992,1500640
34139,1992,1500650
19335,1992,1500655
7432,1992,1500658
18212,1992,1500660
16698,1992,1500670
271593,1992,1500680
4436,1992,1500690
17662,1992,1500700
21278,1992,1500710
14724,1992,1500715
20848,1992,1500720
26500,1992,1500730
11709,1992,1500740
40984,1992,1500745
16682,1992,1500747
5706,1992,1500750
33440,1992,1500760
15143,1992,1500770
33710,1992,1500780
17603,1992,1500790
18903,1992,1500795
5302,1992,1500796
10893,1992,1500797
65180,1992,1500800
9397,1992,1500805
33399,1992,1500808
56701,1992,1500810
16548,1992,1500812
55141,1992,1500815
38577,1992,1500820
56482,1992,1500830
14726,1992,1500835
50927,1992,1500840
6792,1992,1600010
5402,1992,1600020
1730,1992,1600021
2334,1992,1600023
1238,1992,1600025
21989,1992,1600027
173826,1992,1600030
9065,1992,1600040
7778,1992,1600050
1507,1992,1600015
5411,1992,1600053
1448,1992,1600055
53950,1992,1600060
1956,1992,1600005
4879,1992,1600070
1930,1992,1700025
6751,1992,1700035
7787,1992,1700040
10229,1992,1700070
8537,1992,1700100
2903,1992,1700105
3310,1992,1700110
2974,1992,1700130
4517,1992,1700190
9799,1992,1700200
92946,1992,1700210
2232,1992,1700215
22793,1992,1700220
10017,1992,1700230
11134,1992,1700240
10636,1992,1700255
4673,1992,1700270
10163,1992,1700290
9095,1992,1700300
6514,1992,1700310
4375,1992,1700320
2546,1992,1700330
1675,1992,1700360
6888,1992,1700370
7892,1992,1700380
1678,1992,1700382
3441,1992,1700384
2823,1992,1700386
1843,1992,1700388
1542,1992,1700389
2790,1992,1700390
1951,1992,1700410
21221,1992,1700550
8683,1992,1701670
4991,1992,1700555
4240,1992,1700560
5074,1992,1700600
8839,1992,1700610
3321,1992,1700650
13167,1992,1700700
6446,1992,1700710
7902,1992,1700720
4334,1992,1700730
5130,1992,1700740
4830,1992,1700755
5986,1992,1700765
7463,1992,1700770
17371,1992,1700820
1460,1992,1700825
5184,1992,1700830
14968,1992,1700900
19743,1992,1700930
56268,1992,1700950
7209,1992,1701050
6556,1992,1701070
2847,1992,1701090
3620,1992,1701110
2857,1992,1701150
1933,1992,1701180
2213,1992,1701190
2066,1992,1701195
782,1992,1701200
4230,1992,1701240
2376,1992,1701250
1210,1992,1701270
1967,1992,1701280
19979,1992,1701320
10839,1992,1701330
6603,1992,1701360
2834,1992,1701395
10413,1992,1701420
6134,1992,1701430
7524,1992,1701488
3097,1992,1701500
2478,1992,1701510
1887,1992,1701515
1573,1992,1701525
35304,1992,1702100
3521,1992,1701570
2879,1992,1701380
9477,1992,1701575
29789,1992,1701610
11086,1992,1701620
3820,1992,1701630
9268,1992,1701650
9373,1992,1701660
3260,1992,1701665
4925,1992,1701700
1177,1992,1701720
9016,1992,1701750
5191,1992,1701780
6156,1992,1701790
2114,1992,1701800
44648,1992,1701820
5196,1992,1701830
3502,1992,1701840
2129,1992,1701850
3668,1992,1701855
739,1992,1701865
1558,1992,1701870
7101,1992,1701875
3294,1992,1701880
2808,1992,1701884
3635,1992,1701886
1952,1992,1701888
3888,1992,1701890
1777,1992,1701900
3107,1992,1702010
834,1992,1702015
4618,1992,1702020
2644,1992,1702025
2540,1992,1702030
3748,1992,1702049
6051,1992,1702065
9080,1992,1702080
1772,1992,1702085
11479,1992,1702090
2241,1992,1702093
5743,1992,1702110
21041,1992,1702120
1198,1992,1702130
9427,1992,1702208
10598,1992,1702210
85791,1992,2100005
4655,1992,2100010
19705,1992,2100020
19552,1992,2100030
19849,1992,2100040
10525,1992,2100050
23587,1992,2100060
19561,1992,2100070
10347,1992,2100080
43992,1992,2100090
34729,1992,2100095
25064,1992,2100100
9365,1992,2100110
99919,1992,2100120
22521,1992,2100130
42655,1992,2100140
13612,1992,2100150
91955,1992,2100160
29734,1992,2100170
9002,1992,2100180
21417,1992,2100190
41397,1992,2100200
27278,1992,2100210
22915,1992,2100220
21342,1992,2100230
12372,1992,2100240
15882,1992,2100250
32939,1992,2100260
22436,1992,2100270
24902,1992,2100280
32776,1992,2100290
148135,1992,2100300
15256,1992,2100310
57079,1992,2100320
111859,1992,2100330
40453,1992,2100340
35565,1992,2100350
69602,1992,2100360
41585,1992,2100370
19797,1992,2100380
7513,1992,2100390
30043,1992,2100400
23558,1992,2100405
12654,1992,2100410
15763,1992,2100420
28975,1992,2100430
16375,1992,2100440
10243,1992,2100450
22875,1992,2100460
5914,1992,2100470
54873,1992,2100480
12334,1992,2100490
20129,1992,2100500
20764,1992,2100510
14763,1992,2100520
283497,1992,2100530
43341,1992,2100540
54501,1992,2100550
15131,1992,2100560
47071,1992,2100570
19281,1992,2100580
13456,1992,2100590
12356,1992,2100600
9539,1992,2100610
9320,1992,2100620
11518,1992,2100630
10658,1992,2100640
18493,1992,2100650
25342,1992,2100660
17165,1992,2100670
14507,1992,2100675
16942,1992,2100680
25805,1992,2100690
19762,1992,2100700
18690,1992,2100710
7619,1992,2100720
4942,1992,2100730
16314,1992,2100740
54482,1992,2100750
15644,1992,2100760
15926,1992,2100770
30773,1992,2100780
22778,1992,2100790
14063,1992,2100800
27066,1992,2100810
50730,1992,2100820
29442,1992,2100830
13509,1992,2100840
31896,1992,2100850
83311,1992,2100860
27644,1992,2100870
19675,1992,2100880
24052,1992,2100890
33140,1992,2100900
42941,1992,2100910
6493,1992,2100920
7819,1992,2100930
18498,1992,2100940
28330,1992,2100950
41885,1992,2100960
5757,1992,2100970
25984,1992,2100980
66190,1992,2100990
118418,1992,2101000
47500,1992,2101003
21144,1992,2101010
21538,1992,2101020
17461,1992,2101030
15196,1992,2101040
28262,1992,2101050
24770,1992,2101060
34727,1992,2101070
6271,1992,2101080
12881,1992,2101090
20272,1992,2101100
25759,1992,2101110
72065,1992,2101120
711464,1992,2101130
25658,1992,2101140
31163,1992,2101150
14264,1992,2101160
18254,1992,2101170
13840,1992,2101180
10416,1992,2101190
6253,1992,2101200
23125,1992,2101210
109577,1992,2101220
36222,1992,2101230
40548,1992,2101240
43412,1992,2101250
23592,1992,2101260
32898,1992,2101270
42042,1992,2101280
50270,1992,2101290
31006,1992,2101300
59320,1992,2101400
5805,1992,2200010
16282,1992,2200020
8181,1992,2200025
4554,1992,2200027
15516,1992,2200030
35331,1992,2200040
16663,1992,2200050
6184,1992,2200060
9929,1992,2200070
4982,1992,2200080
5811,1992,2200090
5511,1992,2200100
12133,1992,2200110
6255,1992,2200115
42576,1992,2200120
4111,1992,2200130
6760,1992,2200140
20895,1992,2200150
11045,1992,2200160
8837,1992,2200170
3898,1992,2200180
18368,1992,2200190
5312,1992,2200191
5008,1992,2200192
8164,1992,2200196
30794,1992,2200200
6187,1992,2200202
7701,1992,2200205
5453,1992,2200209
5859,1992,2200210
63940,1992,2200220
4073,1992,2200225
27339,1992,2200230
10247,1992,2200240
11968,1992,2200250
22619,1992,2200260
27133,1992,2200270
3933,1992,2200273
4242,1992,2200275
6970,1992,2200277
7679,1992,2200280
4264,1992,2200285
25191,1992,2200290
6051,1992,2200300
11172,1992,2200310
12976,1992,2200320
12319,1992,2200330
6143,1992,2200335
5125,1992,2200340
9071,1992,2200345
4323,1992,2200342
15228,1992,2200350
4634,1992,2200360
36349,1992,2200370
4869,1992,2200375
4860,1992,2200380
51916,1992,2200390
5339,1992,2200400
5050,1992,2200410
7140,1992,2200420
9351,1992,2200430
10049,1992,2200440
9676,1992,2200450
3684,1992,2200460
13302,1992,2200470
7618,1992,2200480
7664,1992,2200490
13545,1992,2200500
11071,1992,2200510
5680,1992,2200515
23525,1992,2200520
4137,1992,2200525
4094,1992,2200530
14634,1992,2200540
29728,1992,2200550
5391,1992,2200555
4190,1992,2200556
5646,1992,2200560
28547,1992,2200570
36218,1992,2200580
6857,1992,2200590
4857,1992,2200595
4480,1992,2200600
12009,1992,2200610
27721,1992,2200620
1247,1992,2200630
11045,1992,2200640
6367,1992,2200650
9533,1992,2200660
7855,1992,2200670
6106,1992,2200680
7170,1992,2200690
37511,1992,2200700
14116,1992,2200720
5474,1992,2200730
4452,1992,2200740
11540,1992,2200750
12797,1992,2200760
125435,1992,2200770
4523,1992,2200775
5441,1992,2200777
27105,1992,2200780
44210,1992,2200790
75229,1992,2200800
10649,1992,2200810
16271,1992,2200820
25516,1992,2200830
58788,1992,2200840
14433,1992,2200850
2752,1992,2200860
6489,1992,2200865
6970,1992,2200870
16641,1992,2200880
5824,1992,2200890
9853,1992,2200900
9722,1992,2200910
3069,1992,2200915
5694,1992,2200920
4470,1992,2200930
7681,1992,2200937
4119,1992,2200935
5041,1992,2200940
5635,1992,2200950
3840,1992,2200955
5507,1992,2200960
6657,1992,2200970
5275,1992,2200980
6880,1992,2200985
7255,1992,2200990
34199,1992,2201000
4025,1992,2201005
5958,1992,2201010
6601,1992,2201020
5315,1992,2201030
4058,1992,2201035
24878,1992,2201040
11595,1992,2201050
23684,1992,2201060
8675,1992,2201065
22428,1992,2201070
13577,1992,2201080
5295,1992,2201090
613013,1992,2201100
36027,1992,2201110
16021,1992,2201120
20696,1992,2201130
4150,1992,2201135
8152,1992,2201140
8015,1992,2300010
10271,1992,2300015
46232,1992,2300020
49045,1992,2300030
13147,1992,2300040
8567,1992,2300050
4838,1992,2300060
13590,1992,2300070
25219,1992,2300075
5056,1992,2300080
9552,1992,2300090
46994,1992,2300100
51926,1992,2300110
22618,1992,2300120
9376,1992,2300125
17633,1992,2300130
10509,1992,2300140
7399,1992,2300150
19557,1992,2300160
24332,1992,2300170
5423,1992,2300180
14288,1992,2300185
39078,1992,2300190
14953,1992,2300195
19428,1992,2300200
13104,1992,2300205
27688,1992,2300210
36823,1992,2300220
26370,1992,2300230
48022,1992,2300240
34289,1992,2300250
51880,1992,2300260
23252,1992,2300270
61771,1992,2300280
15585,1992,2300290
12403,1992,2300300
17686,1992,2300310
21240,1992,2300320
17477,1992,2300330
13809,1992,2300340
47271,1992,2300350
12088,1992,2300360
8834,1992,2300365
169708,1992,2300370
22969,1992,2300380
10667,1992,2300390
10805,1992,2300393
15602,1992,2300395
17656,1992,2300400
66765,1992,2300410
90968,1992,2300420
15024,1992,2300423
14200,1992,2300425
7952,1992,2300426
6394,1992,2300427
20709,1992,2300428
17660,1992,2300430
15335,1992,2300435
1796116,1992,2300440
9792,1992,2300445
9730,1992,2300450
5650,1992,2300460
14258,1992,2300465
41554,1992,2300470
4775,1992,2300480
8135,1992,2300490
17818,1992,2300495
30712,1992,2300500
5254,1992,2300510
17942,1992,2300520
18550,1992,2300523
11191,1992,2300526
20383,1992,2300530
8548,1992,2300533
13847,1992,2300535
60840,1992,2300540
76083,1992,2300550
23940,1992,2300560
10793,1992,2300565
11317,1992,2300570
35919,1992,2300580
35175,1992,2300590
13934,1992,2300600
17189,1992,2300610
5737,1992,2300620
23158,1992,2300625
33854,1992,2300630
77699,1992,2300640
12770,1992,2300650
25954,1992,2300655
13713,1992,2300660
17586,1992,2300670
7677,1992,2300680
32525,1992,2300690
25979,1992,2300700
23890,1992,2300710
6822,1992,2300720
5909,1992,2300725
175815,1992,2300730
21147,1992,2300740
30811,1992,2300750
42377,1992,2300760
12725,1992,2300763
164913,1992,2300765
72820,1992,2300770
21060,1992,2300780
6415,1992,2300790
23753,1992,2300800
37218,1992,2300810
10449,1992,2300820
24594,1992,2300830
12063,1992,2300835
9991,1992,2300837
29378,1992,2300840
40597,1992,2300850
15444,1992,2300860
59252,1992,2300870
6231,1992,2300880
14603,1992,2300890
11845,1992,2300900
7885,1992,2300910
11510,1992,2300920
28684,1992,2300930
26481,1992,2300940
20256,1992,2300945
22131,1992,2300950
32298,1992,2300960
37865,1992,2300970
10087,1992,2300980
5036,1992,2300990
8001,1992,2301000
10196,1992,2301010
21267,1992,2301020
20090,1992,2301025
30149,1992,2301030
10522,1992,2301040
38998,1992,2301050
6475,1992,2301060
32310,1992,2301070
14815,1992,2301080
12606,1992,2301085
13004,1992,2301090
9391,1992,2301095
11122,1992,2301100
15107,1992,2301110
8202,1992,2301120
5754,1992,2301123
17251,1992,2301126
61634,1992,2301130
15710,1992,2301135
59478,1992,2301140
13879,1992,2301150
22900,1992,2301160
17341,1992,2301170
47357,1992,2301180
15362,1992,2301190
12788,1992,2301195
40315,1992,2301220
22361,1992,2301200
15321,1992,2301210
37359,1992,2301230
29754,1992,2301240
7958,1992,2301250
10769,1992,2301260
26490,1992,2301270
5165,1992,2301280
129027,1992,2301290
16186,1992,2301300
25275,1992,2301310
26316,1992,2301320
10241,1992,2301325
51636,1992,2301330
11850,1992,2301335
44764,1992,2301340
36957,1992,2301350
9982,1992,2301355
23494,1992,2301360
7855,1992,2301370
15415,1992,2301375
13606,1992,2301380
10161,1992,2301390
13553,1992,2301395
31403,1992,2301400
41287,1992,2301410
10948,1992,2400010
44393,1992,2400020
10919,1992,2400030
2330,1992,2400040
14688,1992,2400050
5682,1992,2400060
8382,1992,2400070
14642,1992,2400080
7509,1992,2400090
31437,1992,2400100
21635,1992,2400110
11191,1992,2400120
12389,1992,2400130
7445,1992,2400140
15559,1992,2400145
3621,1992,2400150
4422,1992,2400160
7440,1992,2400170
8182,1992,2400180
2611,1992,2400190
51651,1992,2400200
9359,1992,2400210
23344,1992,2400220
20349,1992,2400230
5629,1992,2400240
10524,1992,2400250
52956,1992,2400260
10605,1992,2400270
5896,1992,2400280
4766,1992,2400290
7953,1992,2400300
40577,1992,2400310
6508,1992,2400320
4770,1992,2400330
5516,1992,2400340
10271,1992,2400350
15226,1992,2400360
6170,1992,2400370
12479,1992,2400380
3240,1992,2400390
4663,1992,2400400
1268,1992,2400410
17818,1992,2400420
10557,1992,2400430
9384,1992,2400440
6234,1992,2400450
9080,1992,2400460
16335,1992,2400470
1708,1992,2400480
4992,1992,2400490
6983,1992,2400500
5560,1992,2400510
6018,1992,2400520
6639,1992,2400530
6099,1992,2400540
2418,1992,2400550
10062,1992,2400560
11944,1992,2400570
26086,1992,2400580
2631,1992,2400590
5518,1992,2400600
14750,1992,2400610
5124,1992,2400620
5074,1992,2400630
1955,1992,2400640
11051,1992,2400650
6200,1992,2400660
8729,1992,2400670
4495,1992,2400680
2995,1992,2400690
11390,1992,2400700
44254,1992,2400710
26129,1992,2400720
8865,1992,2400730
12278,1992,2400740
13634,1992,2400750
3414,1992,2400760
9625,1992,2400770
16002,1992,2400780
2776,1992,2400790
195997,1992,2400800
619241,1992,2400810
14212,1992,2400820
30302,1992,2400830
4566,1992,2400840
4544,1992,2400850
3572,1992,2400860
4026,1992,2400870
3994,1992,2400880
17726,1992,2400890
64493,1992,2400325
6598,1992,2400910
2458,1992,2400920
11701,1992,2400930
21059,1992,2400940
3496,1992,2400950
2690,1992,2400960
11575,1992,2400970
12869,1992,2400980
11114,1992,2400990
2169,1992,2401000
10553,1992,2401010
6387,1992,2401020
6059,1992,2401030
6837,1992,2401040
3384,1992,2401050
2953,1992,2401060
2562,1992,2401070
3990,1992,2401080
5802,1992,2401090
5286,1992,2401100
3278,1992,2401110
29248,1992,2401120
17131,1992,2401140
2511,1992,2401142
19293,1992,2401150
9040,1992,2401160
3212,1992,2401170
3517,1992,2401180
2824,1992,2401190
46291,1992,2401200
5540,1992,2401210
28686,1992,2401220
11791,1992,2401230
3192,1992,2401240
21455,1992,2401250
14655,1992,2401260
7002,1992,2401270
7872,1992,2401280
11471,1992,2401290
4984,1992,2401300
4329,1992,2401310
2707,1992,2401320
6281,1992,2401330
8165,1992,2401335
7486,1992,2401340
6792,1992,2401350
10552,1992,2401360
4591,1992,2401370
2090,1992,2401380
10529,1992,2401390
10320,1992,2401400
9496,1992,2401410
6030,1992,2401420
1967,1992,2401430
27569,1992,2401440
11046,1992,2401450
8722,1992,2401460
8677,1992,2401470
8115,1992,2401480
1324,1992,2401490
2320,1992,2401500
8244,1992,2500010
7209,1992,2500020
30103,1992,2500030
22442,1992,2500040
11012,1992,2500050
13476,1992,2500060
18353,1992,2500080
9795,1992,2500090
17813,1992,2500100
28172,1992,2500110
6136,1992,2500120
28957,1992,2500130
5447,1992,2500140
22997,1992,2500150
17107,1992,2500160
5167,1992,2500170
78391,1992,2500180
15854,1992,2500190
8084,1992,2500200
6001,1992,2500210
1763,1992,2500220
6234,1992,2500230
9145,1992,2500240
33416,1992,2500250
4133,1992,2500270
13871,1992,2500280
6190,1992,2500290
15221,1992,2500300
6186,1992,2500310
29319,1992,2500320
7261,1992,2500330
2908,1992,2500340
17770,1992,2500350
10481,1992,2500360
51530,1992,2500370
4527,1992,2500380
5567,1992,2500390
331287,1992,2500400
10322,1992,2501640
1901,1992,2500410
5140,1992,2500420
25207,1992,2500430
23335,1992,2500440
7354,1992,2500450
10546,1992,2500460
4321,1992,2500470
14556,1992,2500480
12550,1992,2500490
6278,1992,2500500
23168,1992,2500510
7061,1992,2500520
2540,1992,2500530
12835,1992,2500540
7437,1992,2500560
9831,1992,2500570
7291,1992,2500580
3144,1992,2500590
27970,1992,2500600
13263,1992,2500610
2680,1992,2500620
49316,1992,2500630
13130,1992,2500640
6103,1992,2500650
6569,1992,2500660
5745,1992,2500260
10227,1992,2500670
21833,1992,2500680
26443,1992,2500690
19921,1992,2500700
13485,1992,2500710
9141,1992,2500720
18344,1992,2500730
9563,1992,2500740
508382,1992,2500750
7292,1992,2500760
17595,1992,2500770
5859,1992,2500780
9489,1992,2500790
10565,1992,2500800
5694,1992,2500810
7258,1992,2500820
21957,1992,2500830
3293,1992,2500840
7105,1992,2500850
7782,1992,2500860
4666,1992,2500870
6018,1992,2500880
50589,1992,2500890
11432,1992,2500900
20993,1992,2500910
11942,1992,2500920
5069,1992,2500930
13306,1992,2500940
3897,1992,2500950
4073,1992,2500960
27067,1992,2500970
10858,1992,2500980
11648,1992,2500990
7368,1992,2501000
7286,1992,2501010
6264,1992,2501020
3337,1992,2501030
9098,1992,2501040
3353,1992,2501050
2792,1992,2501060
3406,1992,2501070
82412,1992,2501080
11079,1992,2501090
3623,1992,2501100
6711,1992,2501110
26996,1992,2501120
16109,1992,2501130
18922,1992,2501140
13844,1992,2501150
7907,1992,2501160
5418,1992,2501170
10648,1992,2501180
9611,1992,2501190
14477,1992,2501200
39492,1992,2501210
3282,1992,2501220
22493,1992,2501230
11631,1992,2501240
33099,1992,2501250
1639,1992,2501260
17239,1992,2501270
9395,1992,2501280
27279,1992,2501290
2679,1992,2501300
12521,1992,2501310
7362,1992,2501320
6159,1992,2501330
13108,1992,2501340
95713,1992,2501370
4864,1992,2501380
6522,1992,2501350
8010,1992,2501360
21880,1992,2501390
7519,1992,2501400
21578,1992,2500070
4102,1992,2501410
7583,1992,2501420
5268,1992,2501430
5930,1992,2501440
17618,1992,2501450
2776,1992,2501460
3956,1992,2501470
6137,1992,2501480
8461,1992,2501490
4212,1992,2501500
8876,1992,2501510
4441,1992,2501520
59348,1992,2501530
7959,1992,2501540
13510,1992,2501550
3720,1992,2501560
2602,1992,2501570
7294,1992,2501580
9510,1992,2501590
32918,1992,2501600
11337,1992,2501610
79549,1992,2501620
17256,1992,2501630
15213,1992,2501650
14414,1992,2501660
17645,1992,2501670
10660,1992,2501680
20122,1992,2501690
17387,1992,2501700
2185,1992,2501710
3101,1992,2500550
77914,1992,2600005
30019,1992,2600010
13397,1992,2600020
18097,1992,2600030
25865,1992,2600040
38520,1992,2600050
11104,1992,2600060
37370,1992,2600070
23074,1992,2600080
20001,1992,2600090
8686,1992,2600100
61684,1992,2600110
56771,1992,2600120
10563,1992,2600130
41187,1992,2600140
12305,1992,2600150
22909,1992,2600160
61628,1992,2600170
11141,1992,2600180
52293,1992,2600190
28735,1992,2600200
41110,1992,2600210
36875,1992,2600220
35187,1992,2600230
8668,1992,2600240
7441,1992,2600250
31440,1992,2600260
12492,1992,2600270
38255,1992,2600280
128252,1992,2600290
24146,1992,2600300
16086,1992,2600310
20912,1992,2600320
9498,1992,2600330
6972,1992,2600340
99800,1992,2600345
14044,1992,2600350
7515,1992,2600360
24499,1992,2600370
19618,1992,2600380
18553,1992,2600390
11185,1992,2600392
55278,1992,2600400
216289,1992,2600410
31767,1992,2600420
9143,1992,2600430
10975,1992,2600440
15553,1992,2600450
18571,1992,2600460
16116,1992,2600470
12486,1992,2600480
17894,1992,2600490
22134,1992,2600500
28970,1992,2600510
13325,1992,2600515
56044,1992,2600520
31834,1992,2600530
18842,1992,2600540
1712,1992,2600545
10955,1992,2600550
21751,1992,2600560
21176,1992,2600570
14136,1992,2600580
19804,1992,2600590
104445,1992,2600600
26716,1992,2600610
64543,1992,2600620
5989,1992,2600630
62575,1992,2600640
18589,1992,2600650
28511,1992,2600660
7497,1992,2600670
81114,1992,2600680
11152,1992,2600690
11779,1992,2600760
23497,1992,2600700
4405,1992,2600710
45735,1992,2600720
21384,1992,2600730
3219,1992,2600740
27066,1992,2600750
34866,1992,2600765
15560,1992,2600770
16647,1992,2600775
14256,1992,2600780
497122,1992,2600790
14496,1992,2600800
27644,1992,2600810
15635,1992,2600820
8138,1992,2600825
11884,1992,2600830
12686,1992,2600840
11155,1992,2600845
16750,1992,2600850
11313,1992,2600860
16664,1992,2600870
29940,1992,2600880
54704,1992,2600890
20980,1992,2600900
9052,1992,2600910
21475,1992,2600920
12954,1992,2600930
11824,1992,2601430
39345,1992,2600940
26603,1992,2600950
344954,1992,2600960
20893,1992,2600970
10933,1992,2600980
63607,1992,2600990
57208,1992,2601000
8263,1992,2601010
27359,1992,2601020
11349,1992,2601030
19032,1992,2601040
29329,1992,2601050
39842,1992,2601060
217131,1992,2601070
19463,1992,2601080
57891,1992,2601090
33513,1992,2601100
166893,1992,2601110
9610,1992,2601120
21302,1992,2601130
11012,1992,2601140
21183,1992,2601150
7473,1992,2601153
1303389,1992,2601160
17998,1992,2601170
41237,1992,2601180
34232,1992,2601190
11057,1992,2601200
5943,1992,2601210
47560,1992,2601220
14747,1992,2601230
15066,1992,2601240
10462,1992,2601245
12099,1992,2601247
38976,1992,2601250
42766,1992,2601260
11509,1992,2601270
9783,1992,2601280
9827,1992,2601290
42553,1992,2601300
30010,1992,2601310
18964,1992,2601320
17198,1992,2601330
11674,1992,2601340
31096,1992,2601350
28916,1992,2601360
87399,1992,2601370
14270,1992,2601380
72559,1992,2601390
19051,1992,2601400
31408,1992,2601410
33446,1992,2601420
5745,1992,2601440
59495,1992,2601450
22892,1992,2601460
11852,1992,2601470
17617,1992,2601480
17183,1992,2601500
6748,1992,2601510
6773,1992,2601520
57469,1992,2601530
15117,1992,2601540
11964,1992,2601550
19098,1992,2601560
15627,1992,2601570
19236,1992,2601580
7219,1992,2601590
12242,1992,2601600
8161,1992,2601610
8645,1992,2601618
14103,1992,2601620
28053,1992,2601630
107552,1992,2601640
10654,1992,2601650
18249,1992,2700010
16426,1992,2700020
168086,1992,2700030
38431,1992,2700040
7595,1992,2700050
5064,1992,2700060
13186,1992,2700070
5866,1992,2700080
7159,1992,2700090
22441,1992,2700100
8229,1992,2700110
11662,1992,2700120
18971,1992,2700130
37590,1992,2700140
10095,1992,2700150
18563,1992,2700160
18811,1992,2700170
5719,1992,2700180
8129,1992,2700190
9853,1992,2700200
16806,1992,2700210
4847,1992,2700220
50339,1992,2700230
18118,1992,2700235
42161,1992,2700240
10126,1992,2700250
15767,1992,2700255
19173,1992,2700260
3484,1992,2700270
12041,1992,2700280
28170,1992,2700290
15933,1992,2700300
26267,1992,2700310
19896,1992,2700320
14978,1992,2700330
4806,1992,2700340
7397,1992,2700350
7270,1992,2700360
4483,1992,2700370
24751,1992,2700380
15443,1992,2700390
22495,1992,2700400
16078,1992,2700410
19515,1992,2700420
643392,1992,2700430
17415,1992,2700440
3936,1992,2700490
16497,1992,2700450
11329,1992,2700460
24390,1992,2700470
14889,1992,2700480
26594,1992,2700500
21389,1992,2700510
10805,1992,2700520
7508,1992,2700530
6161,1992,2700540
28907,1992,2700550
14492,1992,2700560
15742,1992,2700570
6546,1992,2700580
4371,1992,2700590
10168,1992,2700600
9386,1992,2700610
3738,1992,2700620
66526,1992,2700630
21780,1992,2700640
8444,1992,2700642
7071,1992,2700644
14253,1992,2700650
7057,1992,2700660
53392,1992,2700670
17361,1992,2700680
29581,1992,2700690
3716,1992,2700700
14835,1992,2700710
11548,1992,2700720
22855,1992,2700730
9662,1992,2700740
17752,1992,2700750
11355,1992,2700760
54450,1992,2700770
7638,1992,2700780
5944,1992,2700790
36289,1992,2700800
11924,1992,2700810
6265,1992,2700820
22022,1992,2700830
27549,1992,2700840
31615,1992,2700850
51190,1992,2700860
4902,1992,2700870
24939,1992,2700880
9401,1992,2700890
9526,1992,2700895
7712,1992,2700900
16912,1992,2700910
30334,1992,2700915
22873,1992,2700920
57813,1992,2700930
23482,1992,2700940
1916,1992,2800010
16380,1992,2800020
408859,1992,2800030
10558,1992,2800040
10767,1992,2800050
13040,1992,2800060
23285,1992,2800067
6677,1992,2800070
13579,1992,2800100
3841,1992,2800110
11729,1992,2800120
25153,1992,2800130
15392,1992,2800140
6903,1992,2800150
5134,1992,2800160
11151,1992,2800170
3305,1992,2800190
2679,1992,2800200
55744,1992,2800210
4402,1992,2800220
10370,1992,2800230
10425,1992,2800240
2165,1992,2800250
5144,1992,2800260
7097,1992,2800270
11926,1992,2800280
65526,1992,2800290
31163,1992,2800300
4839,1992,2800310
20523,1992,2800320
13147,1992,2800330
10734,1992,2800340
73239,1992,2800350
19599,1992,2800360
5015,1992,2800370
2554,1992,2800380
10113,1992,2800390
15001,1992,2800400
9462,1992,2800410
9642,1992,2800420
6746,1992,2800430
15843,1992,2800440
8446,1992,2800445
23698,1992,2800450
19740,1992,2800460
4698,1992,2800470
69876,1992,2800480
11584,1992,2800490
2171,1992,2800500
7443,1992,2800510
4495,1992,2800520
4816,1992,2800530
20413,1992,2800540
17874,1992,2800550
23530,1992,2800560
25460,1992,2800570
16953,1992,2800580
7650,1992,2800590
14124,1992,2800600
5745,1992,2800610
17073,1992,2800620
9998,1992,2800630
3383,1992,2800650
5934,1992,2800640
10889,1992,2800660
49161,1992,2800670
7845,1992,2800680
2224,1992,2800690
3158,1992,2800700
32633,1992,2800710
6333,1992,2800720
2233,1992,2800730
38043,1992,2800740
11842,1992,2800750
14910,1992,2800760
8557,1992,2900010
11590,1992,2900020
12993,1992,2900030
14015,1992,2900035
14254,1992,2900040
6571,1992,2900060
118077,1992,2900070
15821,1992,2900080
10076,1992,2900090
28195,1992,2900100
23071,1992,2900110
16122,1992,2900115
42049,1992,2900120
14448,1992,2900130
17509,1992,2900135
16364,1992,2900140
7864,1992,2900150
17445,1992,2900160
11254,1992,2900170
14430,1992,2900180
15901,1992,2900190
8410,1992,2900195
9152,1992,2900205
15557,1992,2900200
46397,1992,2900210
7552,1992,2900220
13441,1992,2900225
7701,1992,2900230
15616,1992,2900240
14119,1992,2900250
21753,1992,2900260
11565,1992,2900265
40080,1992,2900270
17579,1992,2900280
25088,1992,2900290
14670,1992,2900300
9694,1992,2900310
94676,1992,2900320
10638,1992,2900323
21936,1992,2900340
14399,1992,2900350
14966,1992,2900360
13374,1992,2900370
17185,1992,2900380
50026,1992,2900390
10364,1992,2900395
13963,1992,2900400
11341,1992,2900405
19451,1992,2900410
10284,1992,2900420
13341,1992,2900430
11417,1992,2900440
14365,1992,2900450
57795,1992,2900460
20931,1992,2900470
12621,1992,2900475
9653,1992,2900480
14837,1992,2900485
28283,1992,2900490
17655,1992,2900500
17486,1992,2900510
10915,1992,2900515
40737,1992,2900520
14792,1992,2900530
15529,1992,2900540
16196,1992,2900550
36819,1992,2900560
116538,1992,2900570
32991,1992,2900580
26423,1992,2900590
63098,1992,2900600
9485,1992,2900610
21725,1992,2900620
33389,1992,2900630
10643,1992,2900640
68814,1992,2900650
12702,1992,2900660
23800,1992,2900670
31223,1992,2900680
14106,1992,2900682
17495,1992,2900685
19914,1992,2900687
16368,1992,2900689
19369,1992,2900690
6535,1992,2900700
26197,1992,2900710
47358,1992,2900720
26654,1992,2900730
3253,1992,2900740
43646,1992,2900750
9561,1992,2900755
14750,1992,2900760
9541,1992,2900770
27408,1992,2900780
12579,1992,2900790
31504,1992,2900800
16018,1992,2900810
16171,1992,2900820
18588,1992,2900830
52996,1992,2900840
23202,1992,2900850
16227,1992,2900860
18004,1992,2900870
4737,1992,2900880
22074,1992,2900890
10900,1992,2900900
14082,1992,2900910
17505,1992,2900920
28372,1992,2900930
12563,1992,2900940
4689,1992,2900950
16768,1992,2900960
12805,1992,2900970
46467,1992,2900980
25359,1992,2900990
13573,1992,2901000
32010,1992,2901005
9797,1992,2901010
3881,1992,2901020
7845,1992,2901030
21885,1992,2901040
27946,1992,2901050
11039,1992,2900050
23491,1992,2901060
52512,1992,2901070
72268,1992,2901072
17895,1992,2901075
6424,1992,2901077
413415,1992,2901080
17371,1992,2901085
5462,1992,2901090
13826,1992,2901100
15630,1992,2901110
26821,1992,2901120
7275,1992,2901125
11251,1992,2901130
12980,1992,2901140
9007,1992,2901150
10728,1992,2900330
17910,1992,2901160
8466,1992,2901165
67060,1992,2901170
25170,1992,2901180
11330,1992,2901185
26087,1992,2901190
11940,1992,2901200
30433,1992,2901210
8875,1992,2901220
15501,1992,2901230
17811,1992,2901240
13324,1992,2901250
5807,1992,2901260
27037,1992,2901270
8251,1992,2901280
22855,1992,2901290
17359,1992,2901300
17329,1992,2901310
23804,1992,2901320
8717,1992,2901330
14143,1992,2901340
12981,1992,2901345
22827,1992,2901350
229572,1992,2901360
25848,1992,2901370
16288,1992,2901380
45528,1992,2901390
62959,1992,2901400
8137,1992,2901410
6391,1992,2901420
17586,1992,2901430
17233,1992,2901440
24040,1992,2901450
52225,1992,2901460
20614,1992,2901465
54415,1992,2901470
187876,1992,2901480
18685,1992,2901490
14165,1992,2901500
14616,1992,2901510
19951,1992,2901520
7801,1992,2901530
17687,1992,2901535
9713,1992,2901540
25026,1992,2901550
64456,1992,2901560
8858,1992,2901570
23699,1992,2901580
5631,1992,2901590
23107,1992,2901600
15425,1992,2901610
15880,1992,2901620
11104,1992,2901630
53852,1992,2901640
25201,1992,2901650
10489,1992,2901660
7123,1992,2901670
17209,1992,2901680
10154,1992,2901685
12622,1992,2901690
34624,1992,2901700
20383,1992,2901710
16368,1992,2901720
20595,1992,2901730
11081,1992,2901733
11714,1992,2901735
13832,1992,2901740
77369,1992,2901750
39748,1992,2901760
31935,1992,2901770
13997,1992,2901780
8328,1992,2901790
146405,1992,2901800
39414,1992,2901810
11917,1992,2901820
20996,1992,2901830
19414,1992,2901835
130960,1992,2901840
16121,1992,2901845
14051,1992,2901850
8404,1992,2901855
10295,1992,2901860
5159,1992,2901870
11233,1992,2901875
18416,1992,2901880
3797,1992,2901890
6184,1992,2901900
6485,1992,2901905
10349,1992,2901910
21206,1992,2901915
70851,1992,2901920
7757,1992,2901930
14160,1992,2901940
34761,1992,2901950
10751,1992,2901960
13947,1992,2901970
34813,1992,2901980
6716,1992,2901990
9249,1992,2901992
10632,1992,2901995
7871,1992,2902000
20578,1992,2902010
15315,1992,2902020
7308,1992,2902030
17064,1992,2902040
10436,1992,2902045
27355,1992,2902050
38637,1992,2902060
17696,1992,2902070
13946,1992,2902080
20285,1992,2902090
30365,1992,2902100
9057,1992,2902105
22898,1992,2902110
25413,1992,2902120
9301,1992,2902130
14728,1992,2902140
8153,1992,2902145
51963,1992,2902150
7384,1992,2902160
32006,1992,2902170
13076,1992,2902180
10559,1992,2902190
17796,1992,2902200
13919,1992,2902205
31561,1992,2902210
6287,1992,2902220
8449,1992,2902225
24708,1992,2902230
20758,1992,2902240
26131,1992,2902250
12556,1992,2902260
9403,1992,2902265
13751,1992,2902270
10651,1992,2902273
10731,1992,2902275
6583,1992,2902280
10392,1992,2902285
24773,1992,2902290
26150,1992,2902300
10256,1992,2902303
11229,1992,2902305
21703,1992,2902310
21236,1992,2902320
7099,1992,2902330
12399,1992,2902335
20746,1992,2902340
7093,1992,2902350
19581,1992,2902360
24509,1992,2902370
26012,1992,2902380
16053,1992,2902390
87713,1992,2902400
17372,1992,2902405
6767,1992,2902410
15102,1992,2902420
18421,1992,2902430
32184,1992,2902440
16752,1992,2902450
24621,1992,2902460
10344,1992,2902465
14085,1992,2902467
10431,1992,2902470
24789,1992,2902480
10414,1992,2902490
23655,1992,2902500
38328,1992,2902510
22935,1992,2902520
17515,1992,2902525
35400,1992,2902530
10328,1992,2902540
22969,1992,2902550
13868,1992,2902560
14299,1992,2902570
18916,1992,2902575
23489,1992,2902580
24279,1992,2902590
14246,1992,2902593
22567,1992,2902595
34821,1992,2902600
11349,1992,2902610
20423,1992,2902620
38360,1992,2902630
27453,1992,2902640
14053,1992,2902650
43068,1992,2902660
11002,1992,2902665
14076,1992,2902670
13410,1992,2902680
12179,1992,2902690
28357,1992,2902700
4265,1992,2902710
29925,1992,2902720
8959,1992,2902730
2110334,1992,2902740
16865,1992,2902750
13529,1992,2902760
6504,1992,2902770
6543,1992,2902780
10144,1992,2902790
16340,1992,2902805
42020,1992,2902810
23515,1992,2902840
8796,1992,2902850
31031,1992,2902800
24825,1992,2902820
9273,1992,2902830
54515,1992,2902860
65752,1992,2902870
37484,1992,2902880
19242,1992,2902890
10499,1992,2902895
20238,1992,2902910
12019,1992,2902900
12076,1992,2902905
20363,1992,2902920
18285,1992,2902925
24468,1992,2902930
8947,1992,2902935
14445,1992,2902937
9224,1992,2902940
37058,1992,2902950
15391,1992,2902960
13757,1992,2902970
8070,1992,2902975
11524,1992,2902980
38788,1992,2902990
9259,1992,2903000
85269,1992,2903010
28271,1992,2903020
33562,1992,2903015
17581,1992,2903030
17520,1992,2903040
76966,1992,2903050
11720,1992,2903060
74341,1992,2903070
8651,1992,2903075
12189,1992,2903076
21084,1992,2903077
18736,1992,2903080
11359,1992,2903090
18544,1992,2903100
12906,1992,2903105
10134,1992,2903110
17409,1992,2903120
14022,1992,2903130
87289,1992,2903135
9565,1992,2903140
22029,1992,2903150
12718,1992,2903160
12172,1992,2903170
21916,1992,2903180
47183,1992,2903190
24659,1992,2903200
20948,1992,2903210
21344,1992,2903220
26056,1992,2903230
13782,1992,2903240
11813,1992,2903245
23858,1992,2903250
16164,1992,2903260
31420,1992,2903270
17413,1992,2903280
67658,1992,2903290
17910,1992,2903300
13464,1992,2903305
9565,1992,2903310
17514,1992,2903315
8849,1992,2903317
22561,1992,2903320
8871,1992,2903325
228488,1992,2903330
8009,1992,2903340
13811,1992,2903345
16895,1992,2903350
40831,1992,2903360
6422,1992,3100010
20892,1992,3100020
19000,1992,3100030
3611,1992,3100040
24634,1992,3100050
15654,1992,3100060
1789,1992,3100070
3214,1992,3100080
22131,1992,3100090
19593,1992,3100100
26240,1992,3100110
6528,1992,3100120
2717,1992,3100130
2528,1992,3100140
31230,1992,3100150
54039,1992,3100160
4842,1992,3100163
33949,1992,3100170
6819,1992,3100180
20118,1992,3100190
11753,1992,3100200
7506,1992,3105350
14019,1992,3100210
5987,1992,3100220
15380,1992,3100230
3890,1992,3100240
6254,1992,3100250
28509,1992,3100260
12372,1992,3100280
9823,1992,3100290
9670,1992,3100300
2262,1992,3100310
1996,1992,3100320
2363,1992,3100330
34133,1992,3100340
92107,1992,3100350
2603,1992,3100360
8024,1992,3100370
4388,1992,3100375
3059,1992,3100380
5609,1992,3100390
71317,1992,3100400
7283,1992,3100410
27990,1992,3100420
11033,1992,3100430
3052,1992,3100440
17449,1992,3100450
11547,1992,3100460
17747,1992,3100470
5663,1992,3100480
16793,1992,3100490
8535,1992,3100500
20707,1992,3100510
5743,1992,3100520
4179,1992,3100530
20720,1992,3100540
6144,1992,3100550
100886,1992,3100560
8932,1992,3100570
17350,1992,3100590
9506,1992,3100600
3982,1992,3100610
2038176,1992,3100620
17051,1992,3100630
6958,1992,3100640
17797,1992,3100650
10614,1992,3100660
178992,1992,3100670
4801,1992,3100680
11334,1992,3100690
3011,1992,3100700
33658,1992,3100710
4890,1992,3100720
47432,1992,3100730
36025,1992,3100740
6194,1992,3100750
2932,1992,3100760
4998,1992,3100770
17568,1992,3100780
9081,1992,3100790
16518,1992,3100800
7206,1992,3100810
14322,1992,3100820
15547,1992,3100830
14301,1992,3100840
7266,1992,3100850
5829,1992,3100870
45590,1992,3100860
13545,1992,3100890
6438,1992,3100880
19528,1992,3100900
10657,1992,3100910
10032,1992,3100920
18786,1992,3100930
24994,1992,3100940
12263,1992,3100950
3735,1992,3100960
9438,1992,3100970
8804,1992,3100270
2280,1992,3100980
7544,1992,3100990
33481,1992,3101000
4667,1992,3101010
3670,1992,3101020
12195,1992,3101030
3848,1992,3101040
17146,1992,3101050
18596,1992,3101060
11635,1992,3101070
3150,1992,3101080
12386,1992,3101090
17500,1992,3101100
19902,1992,3101110
45460,1992,3101120
11090,1992,3101130
4445,1992,3101140
11139,1992,3101150
24194,1992,3101160
5668,1992,3101190
5432,1992,3101170
16291,1992,3101180
13651,1992,3101200
8086,1992,3101210
5085,1992,3101220
30992,1992,3101230
7364,1992,3101240
6468,1992,3101250
15211,1992,3101260
4447,1992,3101265
11956,1992,3101270
6954,1992,3101280
7906,1992,3101290
22239,1992,3101300
3417,1992,3101310
19211,1992,3101320
31653,1992,3101330
87004,1992,3101340
8184,1992,3101350
5523,1992,3101360
22997,1992,3101370
2217,1992,3101380
10485,1992,3101390
10328,1992,3101400
11412,1992,3101410
14441,1992,3101420
27626,1992,3101430
17821,1992,3101440
13941,1992,3101450
9717,1992,3101455
4543,1992,3101460
2605,1992,3101470
4620,1992,3101480
2060,1992,3101490
2654,1992,3101500
15661,1992,3101510
59382,1992,3101530
3409,1992,3101540
7067,1992,3101545
19661,1992,3101550
1380,1992,3101560
6387,1992,3101570
14087,1992,3101580
3266,1992,3101590
5544,1992,3101600
15832,1992,3101610
2860,1992,3101620
6231,1992,3101630
3348,1992,3101640
8261,1992,3101650
18678,1992,3101660
5523,1992,3101670
10451,1992,3101680
2920,1992,3101690
10341,1992,3101700
9226,1992,3101710
3933,1992,3101520
14084,1992,3101730
2516,1992,3101720
5104,1992,3101740
18585,1992,3101750
3932,1992,3101760
10484,1992,3101770
7776,1992,3101780
7232,1992,3101790
35729,1992,3101800
4547,1992,3101810
7035,1992,3101820
90699,1992,3101830
30340,1992,3101840
1726,1992,3101850
464003,1992,3101860
9265,1992,3101870
32976,1992,3101880
8475,1992,3101890
3057,1992,3101900
25212,1992,3101910
10816,1992,3101920
25450,1992,3101930
88191,1992,3101940
9280,1992,3101950
3249,1992,3101960
2944,1992,3101970
4207,1992,3101980
3965,1992,3101990
7859,1992,3102000
4059,1992,3102010
8927,1992,3102020
5010,1992,3102030
4230,1992,3102040
10102,1992,3102050
4591,1992,3102060
3100,1992,3102070
11790,1992,3102080
59577,1992,3102090
4785,1992,3102100
7920,1992,3102110
6709,1992,3102120
4096,1992,3102130
6757,1992,3102140
3475,1992,3102150
45234,1992,3102160
4112,1992,3102170
10187,1992,3102180
2964,1992,3102190
21787,1992,3102200
5220,1992,3102210
5958,1992,3102220
154416,1992,3102230
5011,1992,3102240
5914,1992,3102245
6162,1992,3102250
4905,1992,3102260
10044,1992,3102270
2894,1992,3102280
4897,1992,3102290
7327,1992,3102300
5405,1992,3102310
13742,1992,3102320
5055,1992,3102330
1230,1992,3102340
1551,1992,3102350
5869,1992,3102352
19549,1992,3102360
8833,1992,3102370
7676,1992,3102380
4883,1992,3102385
12137,1992,3102390
15708,1992,3102400
24792,1992,3102410
19923,1992,3102420
30920,1992,3102430
4077,1992,3102440
9579,1992,3102450
2615,1992,3102460
3906,1992,3102470
7206,1992,3102480
9926,1992,3102490
3316,1992,3102500
14610,1992,3102510
2136,1992,3102520
3065,1992,3102530
5908,1992,3102540
6061,1992,3102560
12053,1992,3102570
3226,1992,3102580
14005,1992,3102590
9215,1992,3102595
5066,1992,3102600
63067,1992,3102610
7340,1992,3102620
3794,1992,3102630
2327,1992,3102640
17289,1992,3102650
3667,1992,3102660
25006,1992,3102670
6939,1992,3102680
7239,1992,3102690
7972,1992,3102700
5039,1992,3102705
42281,1992,3102710
2641,1992,3102720
10720,1992,3102730
3816,1992,3102740
6222,1992,3102750
11688,1992,3102760
233458,1992,3102770
20122,1992,3102780
1247,1992,3102790
25427,1992,3102800
11900,1992,3102810
10528,1992,3102820
16579,1992,3102830
8070,1992,3102840
3890,1992,3102850
5978,1992,3102860
40432,1992,3102870
7158,1992,3102880
5756,1992,3102890
10274,1992,3102900
7558,1992,3102910
5302,1992,3102920
14136,1992,3102930
4874,1992,3102940
18487,1992,3102950
7240,1992,3102960
8550,1992,3102970
94572,1992,3102980
2697,1992,3102990
2567,1992,3103000
9558,1992,3103005
27942,1992,3103010
6104,1992,3103020
8462,1992,3103030
4555,1992,3103040
8964,1992,3103050
6279,1992,3103060
4958,1992,3103070
2374,1992,3103080
33837,1992,3103090
4859,1992,3103100
6087,1992,3103110
11931,1992,3103115
18254,1992,3103120
182328,1992,3103130
4065,1992,3103140
7827,1992,3103150
4556,1992,3103160
87066,1992,3103170
10124,1992,3103180
32765,1992,3103190
6752,1992,3103200
22157,1992,3103210
10774,1992,3103220
8676,1992,3103230
76177,1992,3103240
32791,1992,3103250
3470,1992,3103260
21025,1992,3103270
2702,1992,3103280
9289,1992,3103290
10234,1992,3103300
11385,1992,3103310
12345,1992,3103320
20510,1992,3103330
11187,1992,3103340
22410,1992,3103350
5582,1992,3103360
7510,1992,3103370
11049,1992,3103375
67719,1992,3103380
6352,1992,3103390
22421,1992,3103400
6383,1992,3103410
85420,1992,3103420
6238,1992,3103430
28548,1992,3103440
4346,1992,3103450
12847,1992,3103460
12215,1992,3103470
6629,1992,3103480
17931,1992,3103490
2794,1992,3103500
18164,1992,3103505
4672,1992,3103507
54201,1992,3103510
80650,1992,3103520
3348,1992,3103530
7020,1992,3103540
14982,1992,3103550
9446,1992,3103560
5062,1992,3103570
22828,1992,3103580
4359,1992,3103590
18241,1992,3103600
6858,1992,3103610
60586,1992,3103620
50345,1992,3103630
4375,1992,3103640
9624,1992,3103650
9653,1992,3103665
392701,1992,3103670
6291,1992,3103680
6700,1992,3103690
16632,1992,3103700
8040,1992,3103710
31469,1992,3103720
4128,1992,3103730
10219,1992,3103740
15794,1992,3103750
6031,1992,3103753
30352,1992,3103760
17278,1992,3103770
16239,1992,3103780
3579,1992,3103790
5882,1992,3103800
6671,1992,3103810
67233,1992,3103820
2933,1992,3103830
46909,1992,3103840
5969,1992,3103850
14676,1992,3103860
7025,1992,3103862
6250,1992,3103865
5128,1992,3103870
16610,1992,3103880
6901,1992,3103890
30928,1992,3103900
3915,1992,3103910
34917,1992,3103920
7059,1992,3103925
29322,1992,3103930
69770,1992,3103940
21491,1992,3103950
33829,1992,3103960
9897,1992,3103980
5588,1992,3103970
13900,1992,3103990
38911,1992,3104000
4426,1992,3104010
2291,1992,3104020
3485,1992,3104030
2950,1992,3104040
12088,1992,3104050
5900,1992,3104055
4587,1992,3104060
17942,1992,3104070
3705,1992,3107150
11060,1992,3104080
11270,1992,3104085
14634,1992,3104090
20367,1992,3104100
24130,1992,3104110
3707,1992,3104120
2755,1992,3104130
21593,1992,3104140
10850,1992,3104150
10058,1992,3104160
7028,1992,3104170
34475,1992,3104180
3808,1992,3104190
17056,1992,3104200
10329,1992,3104210
14724,1992,3104220
3876,1992,3104230
5560,1992,3104240
2900,1992,3104250
7164,1992,3104260
16391,1992,3104270
18212,1992,3104280
30687,1992,3104290
13928,1992,3104300
35428,1992,3104310
19330,1992,3104320
17663,1992,3104340
256002,1992,3104330
6558,1992,3104345
6727,1992,3104350
3101,1992,3104360
3819,1992,3104370
5748,1992,3104380
86272,1992,3104390
27090,1992,3104400
18059,1992,3104410
3947,1992,3104420
42980,1992,3104430
4374,1992,3104440
7001,1992,3104450
24319,1992,3104460
17980,1992,3104470
53419,1992,3104480
4365,1992,3104490
10361,1992,3104500
11981,1992,3104510
18276,1992,3104520
4954,1992,3103660
30603,1992,3104530
2286,1992,3104540
1815,1992,3104550
32419,1992,3104560
2190,1992,3104570
3058,1992,3104580
27894,1992,3104590
31278,1992,3104600
63800,1992,3104610
7831,1992,3104620
17496,1992,3104630
5158,1992,3104640
8041,1992,3104650
1397,1992,3104660
6977,1992,3104670
7172,1992,3104675
10321,1992,3104690
62342,1992,3104710
64019,1992,3104700
16664,1992,3104720
14659,1992,3104730
17335,1992,3104740
13562,1992,3104760
8178,1992,3104770
2378,1992,3104780
1660,1992,3104750
86386,1992,3104790
104249,1992,3104800
61826,1992,3104810
4467,1992,3104820
8320,1992,3104830
5786,1992,3104840
15334,1992,3104850
20760,1992,3104860
22291,1992,3104870
4154,1992,3104880
3914,1992,3104890
1661,1992,3104900
11112,1992,3104910
8133,1992,3104915
4466,1992,3104920
42457,1992,3104930
1597,1992,3104940
2724,1992,3104950
3219,1992,3104960
4554,1992,3104970
10837,1992,3104980
16453,1992,3104990
4358,1992,3105000
2981,1992,3105010
4307,1992,3105020
4981,1992,3105030
4262,1992,3105040
6867,1992,3105050
5996,1992,3105060
3119,1992,3105070
16383,1992,3105080
4579,1992,3105090
6437,1992,3105100
9165,1992,3105110
47199,1992,3105120
9159,1992,3105130
20594,1992,3105140
25452,1992,3105150
7226,1992,3105160
13959,1992,3105170
112201,1992,3105180
11098,1992,3105190
20782,1992,3105200
57250,1992,3105210
55002,1992,3105220
9468,1992,3105230
14515,1992,3105240
83484,1992,3105250
5945,1992,3105260
7394,1992,3105270
25146,1992,3105280
9425,1992,3105290
2508,1992,3105300
6349,1992,3105310
4235,1992,3105320
2985,1992,3105330
17048,1992,3105340
6899,1992,3105360
2909,1992,3105370
1702,1992,3105380
14463,1992,3105390
29248,1992,3105400
10553,1992,3105410
9804,1992,3105420
17355,1992,3105430
4576,1992,3105440
7390,1992,3105445
10314,1992,3105450
150506,1992,3105460
3619,1992,3105470
7199,1992,3105480
15346,1992,3105490
6219,1992,3105510
2592,1992,3105500
7391,1992,3105520
4465,1992,3105530
11447,1992,3105540
9370,1992,3105550
42770,1992,3105560
13825,1992,3105570
14942,1992,3105580
7200,1992,3105590
15920,1992,3105600
5746,1992,3105610
1548,1992,3105620
3781,1992,3105630
3453,1992,3105640
9914,1992,3105650
10652,1992,3105660
91611,1992,3105670
16229,1992,3105680
20540,1992,3105690
50992,1992,3105700
7705,1992,3105710
26474,1992,3105720
6216,1992,3105725
5282,1992,3105730
6356,1992,3105740
5043,1992,3105750
4650,1992,3105760
7978,1992,3105770
144616,1992,3105780
12936,1992,3105790
10538,1992,3105800
5367,1992,3105810
18174,1992,3105820
9308,1992,3105920
4018,1992,3105940
5062,1992,3105930
6720,1992,3105935
6032,1992,3105950
26883,1992,3105960
2878,1992,3105970
16417,1992,3105980
6863,1992,3105830
3564,1992,3105840
9128,1992,3105850
3432,1992,3105860
1775,1992,3105870
3847,1992,3105880
9338,1992,3105890
13349,1992,3105895
3414,1992,3105900
4092,1992,3105910
13917,1992,3105990
3433,1992,3106000
4537,1992,3106010
4389,1992,3106020
11903,1992,3106030
18264,1992,3106040
2080,1992,3106050
3634,1992,3106060
45401,1992,3106070
2601,1992,3106080
3227,1992,3106090
18804,1992,3106100
51510,1992,3106110
6205,1992,3106120
4986,1992,3106130
6427,1992,3106140
7876,1992,3106150
5107,1992,3106160
9663,1992,3106170
7679,1992,3106180
8228,1992,3106190
3007,1992,3102550
19795,1992,3106200
19894,1992,3106210
5405,1992,3106220
2591,1992,3106230
26197,1992,3106240
73463,1992,3106250
7039,1992,3106255
4040,1992,3106257
8063,1992,3106260
29486,1992,3106270
15425,1992,3106280
21891,1992,3106290
6983,1992,3106295
3648,1992,3106300
2740,1992,3106310
3350,1992,3106320
4191,1992,3106330
6104,1992,3106340
10873,1992,3106350
2192,1992,3106360
30472,1992,3106370
6380,1992,3106380
5087,1992,3106390
9316,1992,3106410
10169,1992,3106400
7437,1992,3106420
6316,1992,3106430
3930,1992,3106440
12864,1992,3106450
5074,1992,3106460
50089,1992,3106470
2085,1992,3106480
1817,1992,3106490
5763,1992,3106520
9736,1992,3106500
6865,1992,3106510
5347,1992,3106530
4314,1992,3106540
4295,1992,3106550
4175,1992,3106557
1850,1992,3106560
6174,1992,3106570
1988,1992,3106580
5247,1992,3106590
5105,1992,3106600
3651,1992,3106610
9815,1992,3106620
6502,1992,3106630
1728,1992,3106640
3884,1992,3106650
836,1992,3106660
8122,1992,3106680
10448,1992,3106670
7116,1992,3106690
2002,1992,3106700
19636,1992,3106710
147809,1992,3106720
2044,1992,3106730
5841,1992,3106740
2424,1992,3106750
16472,1992,3106760
6768,1992,3106770
4940,1992,3106780
4300,1992,3106790
27230,1992,3106800
2999,1992,3106810
2206,1992,3106820
3369,1992,3106830
17974,1992,3106840
10130,1992,3106850
141732,1992,3106860
58972,1992,3106870
10423,1992,3106880
8558,1992,3106890
12797,1992,3106900
4711,1992,3106910
9795,1992,3106920
58245,1992,3106930
21858,1992,3106935
46725,1992,3106940
5350,1992,3106950
22245,1992,3106960
19609,1992,3106970
3665,1992,3106980
67810,1992,3106990
14122,1992,3107000
10251,1992,3107005
212439,1992,3107010
377933,1992,3107020
2963,1992,3107030
69692,1992,3107040
10618,1992,3107050
12929,1992,3107052
2284,1992,3107060
89884,1992,3107070
30149,1992,3107080
27353,1992,3107090
19194,1992,3107100
2953,1992,3107110
48741,1992,3107120
52719,1992,3107130
3743,1992,3107140
13971,1992,3107160
8583,1992,3107170
12462,1992,3107180
6747,1992,3107190
28709,1992,3107200
4562,1992,3107210
2482,1992,3107220
40142,1992,3200010
12594,1992,3200016
9776,1992,3200013
30798,1992,3200020
12825,1992,3200030
7497,1992,3200035
15328,1992,3200040
7024,1992,3200050
54021,1992,3200060
6729,1992,3200070
27274,1992,3200080
35738,1992,3200090
12731,1992,3200100
8088,1992,3200110
146478,1992,3200120
282060,1992,3200130
29932,1992,3200140
100574,1992,3200150
22938,1992,3200160
10663,1992,3200170
4160,1992,3200180
26765,1992,3200190
5435,1992,3200200
23991,1992,3200210
10281,1992,3200220
22194,1992,3200230
63473,1992,3200240
16000,1992,3200245
9441,1992,3200250
7717,1992,3200255
10350,1992,3200260
9613,1992,3200265
13385,1992,3200270
45699,1992,3200280
10536,1992,3200290
23161,1992,3200300
17548,1992,3200305
8971,1992,3200310
13655,1992,3200313
10713,1992,3200316
120685,1992,3200320
13980,1992,3200330
9774,1992,3200334
8969,1992,3200335
24098,1992,3200340
18149,1992,3200350
11253,1992,3200360
20275,1992,3200370
13708,1992,3200380
39734,1992,3200390
20704,1992,3200400
22170,1992,3200405
21423,1992,3200410
9677,1992,3200420
9396,1992,3200430
15197,1992,3200435
10078,1992,3200440
11273,1992,3200450
23936,1992,3200455
29729,1992,3200460
6508,1992,3200465
30033,1992,3200470
10283,1992,3200480
76079,1992,3200490
233887,1992,3200500
13270,1992,3200503
12345,1992,3200506
45171,1992,3200510
8162,1992,3200515
270761,1992,3200520
262742,1992,3200530
87633,1992,3300010
6390,1992,3300015
59122,1992,3300020
8319,1992,3300022
20116,1992,3300025
79108,1992,3300030
164365,1992,3300040
364483,1992,3300045
20799,1992,3300050
30063,1992,3300060
86987,1992,3300070
40530,1992,3300080
20944,1992,3300090
380520,1992,3300100
19723,1992,3300110
12946,1992,3300115
14723,1992,3300120
15973,1992,3300130
7170,1992,3300095
17316,1992,3300140
21214,1992,3300150
9993,1992,3300160
673319,1992,3300170
11986,1992,3300180
28326,1992,3300185
165572,1992,3300190
115058,1992,3300200
12770,1992,3300205
23069,1992,3300210
79136,1992,3300220
16411,1992,3300225
66473,1992,3300227
7422,1992,3300230
103708,1992,3300240
165119,1992,3300250
18294,1992,3300260
47836,1992,3300270
16622,1992,3300280
19809,1992,3300290
25422,1992,3300300
14734,1992,3300310
158502,1992,3300320
439091,1992,3300330
170860,1992,3300340
780507,1992,3300350
36859,1992,3300360
34206,1992,3300370
24178,1992,3300380
21542,1992,3300385
257556,1992,3300390
33897,1992,3300400
14681,1992,3300410
8814,1992,3300412
99859,1992,3300414
10555,1992,3300415
92919,1992,3300420
45485,1992,3300430
13673,1992,3300440
6429,1992,3300450
18633,1992,3300452
5508048,1992,3300455
10804,1992,3300460
33700,1992,3300470
34494,1992,3300480
793395,1992,3300490
59721,1992,3300500
426993,1992,3300510
15686,1992,3300515
51770,1992,3300520
8059,1992,3300530
15402,1992,3300540
38775,1992,3300550
18292,1992,3300560
13067,1992,3300570
122673,1992,3300580
10692,1992,3300590
66838,1992,3300600
61314,1992,3300610
7172,1992,3300615
28596,1992,3300620
223445,1992,3300630
32085,1992,3500010
3230,1992,3500020
24008,1992,3500030
6747,1992,3500040
12211,1992,3500050
3963,1992,3500055
1744,1992,3500060
32247,1992,3500070
3356,1992,3500075
3449,1992,3500080
3323,1992,3500090
13733,1992,3500100
4733,1992,3500110
14180,1992,3500115
5001,1992,3500120
19195,1992,3500130
3091,1992,3500140
2510,1992,3500150
156610,1992,3500160
20663,1992,3500170
5543,1992,3500180
51521,1992,3500190
3074,1992,3500200
52910,1992,3500210
17519,1992,3500220
3518,1992,3500230
3205,1992,3500240
33639,1992,3500250
5055,1992,3500260
27012,1992,3500270
7011,1992,3500275
155070,1992,3500280
14988,1992,3500290
4140,1992,3500300
5784,1992,3500310
2309,1992,3500315
166806,1992,3500320
90208,1992,3500330
6873,1992,3500340
3246,1992,3500350
10312,1992,3500360
5873,1992,3500370
19922,1992,3500380
38795,1992,3500390
1941,1992,3500395
77066,1992,3500400
89008,1992,3500410
12858,1992,3500420
4585,1992,3500430
8102,1992,3500440
62161,1992,3500450
5887,1992,3500460
1229,1992,3500470
6867,1992,3500480
9134,1992,3500490
2985,1992,3500500
5334,1992,3500510
24961,1992,3500520
31767,1992,3500530
5004,1992,3500535
7299,1992,3500540
97256,1992,3500550
19414,1992,3500560
135287,1992,3500570
19457,1992,3500580
44846,1992,3500590
267369,1992,3500600
69965,1992,3500610
2411,1992,3500620
10121,1992,3500630
11488,1992,3500635
5501,1992,3500640
77560,1992,3500650
18360,1992,3500660
12217,1992,3500670
7304,1992,3500680
5763,1992,3500690
23806,1992,3500700
10119,1992,3500710
2351,1992,3500715
742,1992,3500720
3420,1992,3500730
12202,1992,3500740
1427,1992,3500745
93580,1992,3500750
101537,1992,3500760
4214,1992,3500770
14043,1992,3500780
14651,1992,3500790
14595,1992,3500800
12816,1992,3500810
3753,1992,3500820
3894,1992,3500830
19326,1992,3500840
67074,1992,3500850
23300,1992,3500860
17388,1992,3500870
15193,1992,3500880
3882,1992,3500890
40304,1992,3500900
3364,1992,3500910
34808,1992,3500920
25078,1992,3500925
9015,1992,3500930
20609,1992,3500940
3975,1992,3500945
862637,1992,3500950
46897,1992,3500960
38276,1992,3500970
4047,1992,3500980
9895,1992,3500990
25893,1992,3501000
2344,1992,3501010
2454,1992,3501015
46908,1992,3501020
11088,1992,3501030
35293,1992,3501040
54694,1992,3501050
292369,1992,3501060
12283,1992,3501070
25531,1992,3501080
2739,1992,3501090
14871,1992,3501100
92423,1992,3501110
6311,1992,3501120
5649,1992,3501130
13069,1992,3501140
20686,1992,3501150
11495,1992,3501160
10928,1992,3501170
11797,1992,3505720
4920,1992,3501190
16383,1992,3501200
5442,1992,3501210
19826,1992,3501220
12006,1992,3501230
13736,1992,3501240
6050,1992,3501250
5698,1992,3501260
3176,1992,3501270
37165,1992,3501280
7756,1992,3501290
111601,1992,3501300
22911,1992,3501310
5682,1992,3501320
2693,1992,3501330
69802,1992,3501340
91960,1992,3501350
23599,1992,3501360
26197,1992,3501370
311875,1992,3501380
1880,1992,3501385
11940,1992,3501390
7114,1992,3501400
19118,1992,3501410
2068,1992,3501420
7879,1992,3501430
39972,1992,3501440
11748,1992,3501450
5122,1992,3501460
6354,1992,3501470
13248,1992,3501480
11978,1992,3501490
2583,1992,3501492
2469,1992,3501495
161201,1992,3501500
37045,1992,3501510
2915,1992,3501512
6711,1992,3501515
37534,1992,3501518
3003,1992,3501519
6860,1992,3505730
8402,1992,3501520
2744,1992,3501530
9875,1992,3501535
14452,1992,3501540
5218,1992,3501560
57134,1992,3501550
99107,1992,3501570
2353,1992,3501580
3501,1992,3501590
12355,1992,3501600
3017,1992,3501610
240326,1992,3501620
86341,1992,3501630
88362,1992,3501640
2440,1992,3501650
10401,1992,3501660
41790,1992,3501670
3838,1992,3501680
11396,1992,3501690
10026,1992,3501700
4178,1992,3501710
6463,1992,3501720
5094,1992,3501730
31525,1992,3501740
10957,1992,3501750
18396,1992,3501760
16660,1992,3501770
8220,1992,3501780
7949,1992,3501790
6706,1992,3501800
5490,1992,3501810
27172,1992,3501820
18298,1992,3501830
93642,1992,3501840
8618,1992,3501850
29736,1992,3501860
215042,1992,3501870
808950,1992,3501880
5935,1992,3501885
5092,1992,3501890
6976,1992,3501900
5597,1992,3501905
89808,1992,3501907
7614,1992,3501910
6980,1992,3501920
2194,1992,3501925
19417,1992,3501930
8797,1992,3501940
5537,1992,3501950
38920,1992,3501960
50683,1992,3501970
6220,1992,3501980
10093,1992,3501990
21541,1992,3502000
22406,1992,3502010
6482,1992,3502020
26001,1992,3502030
2800,1992,3502042
21929,1992,3502044
13955,1992,3502040
104787,1992,3502050
4656,1992,3502060
4708,1992,3502070
3314,1992,3502080
11497,1992,3502090
10864,1992,3502100
2777,1992,3502110
4564,1992,3502120
10428,1992,3502130
12309,1992,3502140
6051,1992,3502150
8177,1992,3502160
18040,1992,3502170
18113,1992,3502180
13282,1992,3502190
2331,1992,3502200
47467,1992,3502210
3792,1992,3502215
88161,1992,3502220
103558,1992,3502230
74886,1992,3502240
112842,1992,3502250
57526,1992,3502260
3231,1992,3502265
33637,1992,3502270
14238,1992,3502280
9209,1992,3502290
3762,1992,3502300
172825,1992,3502310
42269,1992,3502320
11781,1992,3502330
63598,1992,3502340
14195,1992,3502350
10207,1992,3502360
5088,1992,3502370
6902,1992,3502380
110004,1992,3502390
18617,1992,3502400
33627,1992,3502410
6386,1992,3502420
60193,1992,3502430
168129,1992,3502440
3200,1992,3502450
15305,1992,3502460
23328,1992,3502470
43595,1992,3502480
3309,1992,3502490
64617,1992,3502500
24553,1992,3502510
11220,1992,3502520
95830,1992,3502530
3308,1992,3502540
8251,1992,3502550
3078,1992,3502560
23856,1992,3502570
3803,1992,3502580
291302,1992,3502590
17491,1992,3502600
17103,1992,3502610
20464,1992,3502620
4671,1992,3502630
19451,1992,3502640
5392,1992,3502650
4761,1992,3502660
70416,1992,3502670
45608,1992,3502680
212481,1992,3502690
4197,1992,3502700
59810,1992,3502710
74482,1992,3502720
1644,1992,3502725
16737,1992,3502730
19426,1992,3502740
2309,1992,3502750
6009,1992,3502760
4187,1992,3502770
4097,1992,3502780
2609,1992,3502790
13698,1992,3502800
7443,1992,3502810
3903,1992,3502820
3705,1992,3502830
30356,1992,3502840
41239,1992,3502850
7492,1992,3502860
3459,1992,3502870
12660,1992,3502880
1848,1992,3502885
4300,1992,3502890
164355,1992,3502900
2092,1992,3502910
19688,1992,3502920
65711,1992,3502930
302550,1992,3502940
3434,1992,3502950
3791,1992,3502960
1991,1992,3502965
17725,1992,3502970
9741,1992,3502980
2686,1992,3503000
19103,1992,3502990
24677,1992,3503010
14989,1992,3503020
40554,1992,3503030
3041,1992,3503040
59461,1992,3503050
103599,1992,3503070
279964,1992,3503060
65914,1992,3503080
2565,1992,3503090
2092,1992,3503100
19533,1992,3503110
5474,1992,3503120
40459,1992,3503130
17642,1992,3503140
18230,1992,3503150
4667,1992,3503160
26349,1992,3503180
3436,1992,3503170
21631,1992,3503190
8342,1992,3503200
3367,1992,3503205
3739,1992,3503210
3101,1992,3503220
6403,1992,3503230
11997,1992,3503240
8384,1992,3503250
10370,1992,3503260
2787,1992,3503270
4147,1992,3503280
5311,1992,3503282
2709,1992,3503284
5474,1992,3503290
15137,1992,3503300
2108,1992,3503310
2009,1992,3503320
2725,1992,3503330
35211,1992,3503340
3110,1992,3503325
30762,1992,3503350
5834,1992,3503360
4244,1992,3503370
2768,1992,3503380
44229,1992,3503390
2913,1992,3503400
6852,1992,3503410
3110,1992,3503420
31786,1992,3503430
575181,1992,3503440
2504,1992,3503450
29208,1992,3503460
78295,1992,3503470
7221,1992,3503480
12222,1992,3503490
8900,1992,3503500
7544,1992,3503510
10774,1992,3503520
18797,1992,3503530
12707,1992,3503540
34925,1992,3503550
14989,1992,3503560
4819,1992,3503570
12898,1992,3503580
3734,1992,3503590
11284,1992,3503600
3481,1992,3503610
13269,1992,3503620
1539,1992,3503625
9789,1992,3503630
4279,1992,3503640
37798,1992,3503650
8447,1992,3503660
32497,1992,3503670
5185,1992,3503680
3066,1992,3503690
13838,1992,3503700
28255,1992,3503710
2603,1992,3503715
7936,1992,3503720
48955,1992,3503730
25841,1992,3503740
4513,1992,3503750
34035,1992,3503760
4486,1992,3503770
44316,1992,3503780
20100,1992,3503790
104823,1992,3503800
12564,1992,3503810
8541,1992,3503820
3231,1992,3503830
14867,1992,3503850
19665,1992,3503860
284905,1992,3503870
26539,1992,3503880
18605,1992,3503890
10040,1992,3503900
8201,1992,3503910
21157,1992,3503920
57754,1992,3503930
9546,1992,3503940
30460,1992,3503950
3467,1992,3503960
2881,1992,3503970
78813,1992,3503980
4444,1992,3503990
17325,1992,3504000
3594,1992,3504010
23481,1992,3504020
3202,1992,3504025
2987,1992,3504030
4622,1992,3504040
5657,1992,3504050
38080,1992,3504060
39657,1992,3504070
9889,1992,3504075
11280,1992,3504080
10037,1992,3504090
128615,1992,3504100
4451,1992,3504110
13466,1992,3504120
35469,1992,3504130
167966,1992,3504140
36779,1992,3504150
28875,1992,3504160
11563,1992,3504170
1915,1992,3504180
7747,1992,3504190
5221,1992,3504200
8853,1992,3504210
27190,1992,3504220
4008,1992,3504230
15414,1992,3504240
4813,1992,3504250
49823,1992,3504260
4485,1992,3504270
4039,1992,3504280
10497,1992,3504290
19834,1992,3504300
3283,1992,3504310
3632,1992,3504320
6231,1992,3504325
87812,1992,3504330
440666,1992,3504340
2861,1992,3504360
10661,1992,3504370
11023,1992,3504380
139901,1992,3504390
19648,1992,3504400
30823,1992,3504410
7812,1992,3504420
9317,1992,3504350
21405,1992,3504425
6283,1992,3504430
2686,1992,3504440
2209,1992,3504450
4498,1992,3504460
2622,1992,3504470
3712,1992,3504480
7758,1992,3504490
11411,1992,3504500
4411,1992,3504510
4906,1992,3504515
74430,1992,3504520
26168,1992,3504530
7773,1992,3504540
2374,1992,3504550
12838,1992,3504560
5824,1992,3504570
151437,1992,3504580
10480,1992,3504600
2469,1992,3504610
2947,1992,3504620
22422,1992,3504630
36908,1992,3504640
5773,1992,3504650
23279,1992,3504660
10667,1992,3504670
38636,1992,3504680
6395,1992,3504690
4419,1992,3504700
2945,1992,3504710
3445,1992,3504740
24307,1992,3504750
19545,1992,3504760
2330,1992,3504720
38809,1992,3504730
22068,1992,3504770
620639,1992,3504780
5021,1992,3504790
14505,1992,3504800
7119,1992,3504805
5733,1992,3504810
5362,1992,3504820
2195,1992,3504830
3875,1992,3504840
418078,1992,3504850
8628,1992,3504860
578867,1992,3504870
147967,1992,3504880
161629,1992,3504890
2512,1992,3504900
70332,1992,3504910
2758,1992,3504920
1610,1992,3504925
2779,1992,3504930
36578,1992,3504940
7182,1992,3504950
3886,1992,3504960
45371,1992,3504970
291785,1992,3504980
455773,1992,3504990
7726,1992,3504995
9905,1992,3505000
36013,1992,3505010
26321,1992,3505020
9727889,1992,3505030
20645,1992,3505040
6959,1992,3505050
57701,1992,3505060
34816,1992,3505070
11888,1992,3505080
12064,1992,3505090
275479,1992,3505100
6615,1992,3505110
3050,1992,3505120
2522,1992,3505130
6270,1992,3505140
22045,1992,3505160
23857,1992,3505150
81325,1992,3505170
12578,1992,3505180
10460,1992,3505190
4994,1992,3505200
31292,1992,3505210
388035,1992,3505220
7423,1992,3505230
147499,1992,3505240
2663,1992,3505255
164317,1992,3505250
10029,1992,3505260
11116,1992,3505270
165439,1992,3505280
4787,1992,3505290
6480,1992,3505300
5164,1992,3505310
5310,1992,3505320
20208,1992,3505330
21677,1992,3505340
5790,1992,3505350
11996,1992,3505360
47747,1992,3505370
18687,1992,3505380
3133,1992,3505385
4795,1992,3505390
9732,1992,3505395
79166,1992,3505400
209726,1992,3505410
4677,1992,3505420
19555,1992,3505430
6687,1992,3505440
26934,1992,3505450
2815,1992,3505460
1246,1992,3505465
7566,1992,3505470
28431,1992,3505480
5058,1992,3505490
4162,1992,3505495
61903,1992,3505500
13871,1992,3505510
2058,1992,3505520
2717,1992,3505530
2867,1992,3505535
48875,1992,3505540
4140,1992,3505550
8359,1992,3505560
1336,1992,3505570
10041,1992,3505580
1335,1992,3505590
10881,1992,3505600
5920,1992,3505610
70084,1992,3505620
16847,1992,3505630
5090,1992,3505635
31946,1992,3505640
16317,1992,3505645
71042,1992,3505650
10896,1992,3505660
34667,1992,3505670
13328,1992,3505680
3682,1992,3505690
83317,1992,3505700
65685,1992,3505710
1943,1992,3505715
10273,1992,4100010
8819,1992,4100020
6185,1992,4100030
67349,1992,4100040
7175,1992,4100045
11895,1992,4100060
12211,1992,4100070
23730,1992,4100050
9336,1992,4100080
4003,1992,4100090
13018,1992,4100100
3471,1992,4100105
19926,1992,4100110
2375,1992,4100115
17132,1992,4100120
7870,1992,4100130
96722,1992,4100140
65760,1992,4100150
20902,1992,4100160
12213,1992,4100170
62761,1992,4100180
20079,1992,4100190
39282,1992,4100200
22515,1992,4100210
4077,1992,4100220
7661,1992,4100230
34359,1992,4100240
17810,1992,4100250
3025,1992,4100270
14080,1992,4100260
15152,1992,4100280
13025,1992,4100290
6854,1992,4100300
3831,1992,4100302
10328,1992,4100305
7648,1992,4100310
6871,1992,4100320
3888,1992,4100322
11044,1992,4100330
7772,1992,4100335
4486,1992,4100337
2317,1992,4100340
8242,1992,4100345
5593,1992,4100347
7215,1992,4100350
21283,1992,4100360
75209,1992,4100370
6275,1992,4100380
20282,1992,4100390
19629,1992,4100400
4980,1992,4100405
5324,1992,4100410
73725,1992,4100420
79383,1992,4100430
22027,1992,4100440
19091,1992,4100442
25953,1992,4100445
18786,1992,4100450
12466,1992,4100460
12184,1992,4100470
197242,1992,4100480
65164,1992,4100490
9454,1992,4100500
14089,1992,4100510
16069,1992,4100520
10435,1992,4100530
19852,1992,4100540
50034,1992,4100550
8492,1992,4100560
18130,1992,4100570
122233,1992,4100580
19260,1992,4100590
7742,1992,4100600
3479,1992,4100610
9278,1992,4100620
16109,1992,4100630
47510,1992,4100640
25074,1992,4100650
6405,1992,4100655
16816,1992,4100680
5224,1992,4100657
23361,1992,4100660
4940,1992,4100670
1337157,1992,4100690
10539,1992,4100700
8923,1992,4100715
7503,1992,4100710
4463,1992,4100712
31068,1992,4100720
6343,1992,4100725
5852,1992,4100730
4999,1992,4102863
7363,1992,4100740
14603,1992,4100750
2889,1992,4100753
4464,1992,4100755
19225,1992,4100760
25453,1992,4100765
5772,1992,4100770
9643,1992,4100775
5221,1992,4100785
5410,1992,4100780
4550,1992,4100790
11957,1992,4100800
2104,1992,4100810
11313,1992,4100820
195571,1992,4100830
8857,1992,4100832
62426,1992,4100840
11500,1992,4100850
5112,1992,4100855
40523,1992,4100860
11790,1992,4100870
30082,1992,4100880
5371,1992,4100890
3864,1992,4100900
2260,1992,4100910
5530,1992,4100920
21260,1992,4100930
143435,1992,4100940
7776,1992,4100950
18258,1992,4100960
7862,1992,4100965
25770,1992,4100970
6185,1992,4100975
35834,1992,4100980
11603,1992,4100990
3260,1992,4101000
2983,1992,4101005
26088,1992,4101010
13965,1992,4101020
2634,1992,4101030
4215,1992,4101040
12788,1992,4101050
19489,1992,4101060
3372,1992,4101065
48665,1992,4101070
15331,1992,4101080
5038,1992,4101090
4052,1992,4101095
9891,1992,4101100
6137,1992,4101110
8931,1992,4101120
10939,1992,4101125
4625,1992,4101130
11487,1992,4101140
43978,1992,4101150
7038,1992,4101155
2499,1992,4101160
4316,1992,4101170
41025,1992,4101180
10474,1992,4101190
25612,1992,4101200
18642,1992,4101210
10203,1992,4101220
4767,1992,4101230
7823,1992,4101240
13142,1992,4101250
1417,1992,4101260
10463,1992,4101270
12456,1992,4101275
9837,1992,4101280
4081,1992,4101290
8758,1992,4101295
6068,1992,4101300
6344,1992,4101310
40876,1992,4101320
6713,1992,4101325
32045,1992,4101330
4684,1992,4101340
6580,1992,4101342
6632,1992,4101345
17530,1992,4101350
3822,1992,4101360
397329,1992,4101370
9099,1992,4101373
7257,1992,4101375
4399,1992,4101380
11984,1992,4101390
16094,1992,4101400
14750,1992,4101410
28619,1992,4101420
13583,1992,4101430
18233,1992,4101440
11582,1992,4101450
34676,1992,4101460
8142,1992,4101470
23050,1992,4101480
9195,1992,4101490
6651,1992,4101500
10907,1992,4101510
246140,1992,4101520
6325,1992,4101530
6427,1992,4101535
15076,1992,4101540
4832,1992,4101550
13203,1992,4101560
11531,1992,4101570
6164,1992,4101573
4506,1992,4101575
38772,1992,4101580
4153,1992,4101585
2375,1992,4101590
5261,1992,4101600
10234,1992,4101605
16796,1992,4101610
13071,1992,4101620
3502,1992,4101630
3435,1992,4101640
1225,1992,4101650
4053,1992,4101660
15289,1992,4101670
11217,1992,4101680
24287,1992,4101690
5329,1992,4101695
8393,1992,4101700
12643,1992,4101705
12897,1992,4101710
5326,1992,4101720
11188,1992,4101725
3679,1992,4101721
7065,1992,4101722
17356,1992,4101727
3399,1992,4101729
26531,1992,4101730
3624,1992,4101740
6118,1992,4101745
22635,1992,4101750
35904,1992,4101760
29583,1992,4101770
17689,1992,4101780
24296,1992,4101790
9042,1992,4101800
8555,1992,4101810
109741,1992,4101820
2491,1992,4101830
71437,1992,4101840
3492,1992,4101845
52839,1992,4101850
4672,1992,4101860
6656,1992,4101870
13977,1992,4101880
14587,1992,4101890
11883,1992,4101900
7887,1992,4101910
77564,1992,4101915
2816,1992,4101925
5534,1992,4101920
35063,1992,4101930
19655,1992,4101940
32217,1992,4101950
44990,1992,4101960
2301,1992,4101965
3745,1992,4101970
14640,1992,4101980
237800,1992,4101990
16585,1992,4102000
3626,1992,4102010
3102,1992,4102020
3796,1992,4102030
8290,1992,4102035
3511,1992,4102040
11753,1992,4102050
47916,1992,4102060
5785,1992,4102070
10186,1992,4102080
3612,1992,4102085
31404,1992,4102090
10551,1992,4102100
5401,1992,4102110
14640,1992,4102120
3604,1992,4102125
4447,1992,4102130
4107,1992,4102135
16594,1992,4102140
13109,1992,4102150
7515,1992,4102160
25150,1992,4102170
11244,1992,4102180
13808,1992,4102190
12589,1992,4102200
4143,1992,4102210
5309,1992,4102215
28014,1992,4102220
26814,1992,4102230
41583,1992,4102240
17181,1992,4102250
8329,1992,4102260
9548,1992,4102265
5315,1992,4102270
11136,1992,4102280
6276,1992,4102290
13665,1992,4102300
4646,1992,4102310
4858,1992,4102320
10246,1992,4102330
8595,1992,4102340
18279,1992,4102350
1977,1992,4102360
9379,1992,4102370
12124,1992,4102380
4819,1992,4102382
13551,1992,4102385
14663,1992,4102390
3078,1992,4102395
6034,1992,4102402
14364,1992,4102405
5812,1992,4102400
38865,1992,4102410
3007,1992,4102420
2406,1992,4102430
17255,1992,4102440
5496,1992,4102450
4989,1992,4102460
13111,1992,4102470
13247,1992,4102480
5928,1992,4102490
16369,1992,4102500
12500,1992,4102510
9957,1992,4102520
5883,1992,4102530
9020,1992,4102535
8385,1992,4102540
5408,1992,4102545
132975,1992,4102550
2289,1992,4102555
33755,1992,4102560
19917,1992,4102570
8792,1992,4102575
9205,1992,4102580
3138,1992,4102590
8117,1992,4102600
4944,1992,4102610
6995,1992,4102620
48886,1992,4102625
4487,1992,4102627
15208,1992,4102630
6679,1992,4102640
14110,1992,4102650
14045,1992,4102660
5043,1992,4102665
4520,1992,4102670
12010,1992,4102680
8213,1992,4102690
14062,1992,4102700
66089,1992,4102710
14063,1992,4102720
13728,1992,4102730
19113,1992,4102740
16678,1992,4102750
10406,1992,4102760
87872,1992,4102770
11552,1992,4102780
14508,1992,4102785
2817,1992,4102788
11313,1992,4102790
8700,1992,4102795
14169,1992,4102796
26759,1992,4102800
88806,1992,4102810
44785,1992,4102820
2627,1992,4102830
13238,1992,4102840
6442,1992,4102853
11214,1992,4102855
10078,1992,4102860
4311,1992,4102862
3536,1992,4102865
6454,1992,4102870
18947,1992,4102850
8465,1992,4102880
3212,1992,4200005
13123,1992,4200010
7281,1992,4200020
3734,1992,4200030
7079,1992,4200040
6403,1992,4200050
3181,1992,4200055
4610,1992,4200060
9825,1992,4200070
9540,1992,4200080
6219,1992,4200090
10565,1992,4200100
3539,1992,4200110
5643,1992,4200120
7682,1992,4200125
3809,1992,4200127
12924,1992,4200130
49469,1992,4200140
6115,1992,4200150
3369,1992,4200160
2709,1992,4200165
6231,1992,4200170
3720,1992,4200180
6139,1992,4200190
3595,1992,4200205
41254,1992,4200200
10654,1992,4200210
3388,1992,4200215
8358,1992,4200220
34891,1992,4200230
216422,1992,4200240
4117,1992,4200250
7207,1992,4200260
4831,1992,4200245
4330,1992,4200270
16961,1992,4200280
2523,1992,4200285
59401,1992,4200290
52035,1992,4200300
7446,1992,4200310
2676,1992,4200315
26369,1992,4200320
10150,1992,4200330
7950,1992,4200340
26370,1992,4200350
34037,1992,4200360
8173,1992,4200370
55808,1992,4200380
14053,1992,4200390
16287,1992,4200395
6461,1992,4200400
5927,1992,4200410
3430,1992,4200415
5116,1992,4200417
114203,1992,4200420
12184,1992,4200425
61164,1992,4200430
2906,1992,4200435
10226,1992,4200440
3574,1992,4200445
17560,1992,4200455
10517,1992,4200450
149902,1992,4200460
10902,1992,4200470
36241,1992,4200480
10555,1992,4200490
13557,1992,4200500
3631,1992,4200510
3004,1992,4200515
4587,1992,4200520
9383,1992,4200530
260543,1992,4200540
2701,1992,4200543
14426,1992,4200545
27344,1992,4200550
7014,1992,4200560
10024,1992,4200570
8967,1992,4200580
36516,1992,4200590
9846,1992,4200600
5316,1992,4200610
8296,1992,4200620
10155,1992,4200630
12481,1992,4200640
18091,1992,4200650
4737,1992,4200660
4768,1992,4200665
18042,1992,4200670
3902,1992,4200680
13637,1992,4200690
39182,1992,4200700
9548,1992,4200710
15296,1992,4200720
31772,1992,4200730
5367,1992,4200740
30853,1992,4200750
4732,1992,4200760
7738,1992,4200765
5691,1992,4200768
7275,1992,4200770
5689,1992,4200775
7766,1992,4200780
2893,1992,4200785
9876,1992,4200790
8434,1992,4200800
17660,1992,4200810
122401,1992,4200820
12479,1992,4200830
15170,1992,4200840
4089,1992,4200845
21699,1992,4200850
4370,1992,4200860
11417,1992,4200870
13000,1992,4200880
78948,1992,4200890
2228,1992,4200895
28439,1992,4200900
361596,1992,4200910
4518,1992,4200915
2067,1992,4200920
152889,1992,4200930
45283,1992,4200940
1489,1992,4200945
4379,1992,4200950
13986,1992,4200960
11090,1992,4200970
4291,1992,4200980
5299,1992,4200985
7602,1992,4200990
6443,1992,4201000
1970,1992,4201005
47550,1992,4201010
3802,1992,4201020
7388,1992,4201030
4685,1992,4201040
21714,1992,4201050
6402,1992,4201055
11050,1992,4201060
2363,1992,4201070
6793,1992,4201080
2922,1992,4201085
5867,1992,4201090
9819,1992,4201100
5924,1992,4201105
8703,1992,4201110
12686,1992,4201120
2873,1992,4201125
24204,1992,4201130
3086,1992,4201140
4279,1992,4201145
9181,1992,4201150
10480,1992,4201160
3591,1992,4201165
20232,1992,4201170
14627,1992,4201175
7057,1992,4201180
3277,1992,4201185
70032,1992,4201190
8958,1992,4201200
17733,1992,4201210
16413,1992,4201220
6061,1992,4201223
2750,1992,4201225
3221,1992,4201227
5558,1992,4201230
5016,1992,4201240
13467,1992,4201250
3223,1992,4201260
7086,1992,4201270
8111,1992,4201280
10697,1992,4201290
2385,1992,4201300
4922,1992,4201310
2548,1992,4201315
19267,1992,4201320
4710,1992,4201330
2640,1992,4201335
9024,1992,4201340
7099,1992,4201350
29919,1992,4201360
11460,1992,4201370
7474,1992,4201380
1803,1992,4201390
11482,1992,4201400
2751,1992,4201410
13682,1992,4201420
2326,1992,4201430
5769,1992,4201440
6897,1992,4201450
6920,1992,4201460
46827,1992,4201480
8663,1992,4201470
4184,1992,4201490
29202,1992,4201500
1736,1992,4201505
6280,1992,4201507
9481,1992,4201510
9409,1992,4201520
7247,1992,4201530
3523,1992,4201540
5901,1992,4201545
12659,1992,4201550
2942,1992,4201555
1915,1992,4201560
7491,1992,4201565
8662,1992,4201567
13480,1992,4201570
51580,1992,4201580
3352,1992,4201590
12263,1992,4201600
3740,1992,4201605
10587,1992,4201610
24243,1992,4201620
12860,1992,4201630
2731,1992,4201635
6681,1992,4201625
6279,1992,4201640
22374,1992,4201650
143619,1992,4201660
17602,1992,4201670
11497,1992,4201680
19463,1992,4201690
6123,1992,4201700
3414,1992,4201710
2650,1992,4201715
36629,1992,4201720
9010,1992,4201730
6753,1992,4201740
15568,1992,4201750
3873,1992,4201755
13416,1992,4201760
22835,1992,4201770
3833,1992,4201775
16536,1992,4201780
11820,1992,4201790
20136,1992,4201800
5642,1992,4201810
24434,1992,4201820
5023,1992,4201825
16015,1992,4201830
6162,1992,4201840
4060,1992,4201850
5887,1992,4201860
81184,1992,4201870
5435,1992,4201875
12492,1992,4201880
3480,1992,4201885
9647,1992,4201890
2498,1992,4201895
18408,1992,4201900
3726,1992,4201910
3301,1992,4201915
5850,1992,4201917
6912,1992,4201920
37125,1992,4201930
5893,1992,4201935
3689,1992,4201940
34954,1992,4201950
4919,1992,4201960
20347,1992,4201970
3798,1992,4300005
16802,1992,4300010
11037,1992,4300020
10004,1992,4300030
79162,1992,4300040
6181,1992,4300045
13401,1992,4300050
2104,1992,4300055
2846,1992,4300057
146249,1992,4300060
5938,1992,4300063
6411,1992,4300064
1044,1992,4300066
6927,1992,4300070
11234,1992,4300080
3047,1992,4300085
7845,1992,4300090
15064,1992,4300100
3092,1992,4300105
15533,1992,4300120
12092,1992,4300110
18245,1992,4300130
9855,1992,4300140
8241,1992,4300150
4118,1992,4300155
109305,1992,4300160
6221,1992,4300165
7144,1992,4300170
5917,1992,4300175
3491,1992,4300185
10800,1992,4300190
2737,1992,4300192
1988,1992,4300195
6160,1992,4300180
12281,1992,4300200
75638,1992,4300210
2136,1992,4300215
9127,1992,4300220
13271,1992,4300230
7387,1992,4300235
2788,1992,4300237
11726,1992,4300240
7418,1992,4300245
7972,1992,4300250
4844,1992,4300260
4047,1992,4300265
19114,1992,4300270
34749,1992,4300280
15914,1992,4300290
88302,1992,4300300
90182,1992,4300310
4991,1992,4300320
7749,1992,4300330
6135,1992,4300340
59338,1992,4300350
2485,1992,4300355
7127,1992,4300360
3074,1992,4300367
8023,1992,4300370
8528,1992,4300380
48837,1992,4300390
7139,1992,4300400
3894,1992,4300410
27836,1992,4300420
7809,1992,4300430
5657,1992,4300435
25150,1992,4300440
49977,1992,4300450
273962,1992,4300460
19854,1992,4300463
19309,1992,4300466
7678,1992,4300468
2240,1992,4300469
54177,1992,4300470
16692,1992,4300480
2366,1992,4300485
7965,1992,4300490
2887,1992,4300495
10796,1992,4300500
296476,1992,4300510
3311,1992,4300511
5314,1992,4300513
3019,1992,4300515
7523,1992,4300517
13249,1992,4300520
10249,1992,4300530
25268,1992,4300535
3884,1992,4300537
4509,1992,4300540
9202,1992,4300545
5841,1992,4300550
2630,1992,4300558
4382,1992,4300560
6429,1992,4300570
12161,1992,4300580
2909,1992,4300585
2442,1992,4300587
9644,1992,4300590
4146,1992,4300595
3079,1992,4300597
17969,1992,4300600
6018,1992,4300605
69231,1992,4300610
10874,1992,4300620
4652,1992,4300630
4442,1992,4300632
3921,1992,4300635
15029,1992,4300640
2783,1992,4300642
3166,1992,4300645
12481,1992,4300650
38295,1992,4300660
3654,1992,4300670
7129,1992,4300673
18101,1992,4300676
18558,1992,4300680
21428,1992,4300690
2724,1992,4300692
3977,1992,4300695
9937,1992,4300693
3230,1992,4300697
73899,1992,4300700
3780,1992,4300705
7196,1992,4300720
10088,1992,4300730
6054,1992,4300740
17013,1992,4300750
5645,1992,4300755
28830,1992,4300760
72096,1992,4300770
25021,1992,4300780
3530,1992,4300783
2546,1992,4300786
45971,1992,4300790
7024,1992,4300800
3035,1992,4300805
8755,1992,4300810
17875,1992,4300820
12141,1992,4300830
7676,1992,4300840
4754,1992,4300845
25081,1992,4300850
26184,1992,4300860
3229,1992,4300865
6505,1992,4300870
11514,1992,4300880
1955,1992,4300885
19790,1992,4300890
26198,1992,4300900
4618,1992,4300905
22584,1992,4300910
2649,1992,4300912
3605,1992,4300915
187508,1992,4300920
1709,1992,4300925
80516,1992,4300930
17448,1992,4300940
11516,1992,4300950
3139,1992,4300955
7149,1992,4300710
17038,1992,4300960
7447,1992,4300965
5920,1992,4300970
5116,1992,4300975
5828,1992,4300980
7567,1992,4300990
5824,1992,4300995
17910,1992,4301000
20880,1992,4301010
73567,1992,4301020
3884,1992,4301030
7499,1992,4301033
3947,1992,4301036
7413,1992,4301040
2411,1992,4301041
5656,1992,4301043
2350,1992,4301046
10647,1992,4301050
3358,1992,4301055
2842,1992,4301057
40901,1992,4301060
6642,1992,4301070
2556,1992,4301075
11420,1992,4301080
5010,1992,4301085
4263,1992,4301090
28368,1992,4301100
12723,1992,4301110
4035,1992,4301112
7715,1992,4301115
19844,1992,4301120
1780,1992,4301127
28914,1992,4301130
6205,1992,4301125
58012,1992,4301140
2582,1992,4301142
8800,1992,4301150
8566,1992,4301160
3193,1992,4301162
1488,1992,4301164
7257,1992,4301170
5798,1992,4301175
6948,1992,4301177
2237,1992,4301179
22295,1992,4301180
7003,1992,4301190
3112,1992,4301198
2989,1992,4301200
5486,1992,4301210
2246,1992,4301213
2768,1992,4301215
6616,1992,4301220
6981,1992,4301225
5940,1992,4301230
1757,1992,4301235
2985,1992,4301238
47072,1992,4301240
2439,1992,4301242
2160,1992,4301244
6026,1992,4301245
4386,1992,4301247
9341,1992,4301250
7048,1992,4301260
1899,1992,4301262
13345,1992,4301265
1822,1992,4301267
12608,1992,4301270
2615,1992,4301275
2926,1992,4301280
6794,1992,4301290
2405,1992,4301295
4670,1992,4301300
3664,1992,4301303
10224,1992,4301306
2341,1992,4301308
6163,1992,4301310
13138,1992,4301320
15412,1992,4301330
2915,1992,4301335
10046,1992,4301337
3991,1992,4301349
211240,1992,4301340
5385,1992,4301342
2346,1992,4301344
30673,1992,4301350
5399,1992,4301360
11504,1992,4301365
38614,1992,4301370
6720,1992,4301380
30025,1992,4301390
10067,1992,4301395
5144,1992,4301400
6595,1992,4301402
2839,1992,4301403
32673,1992,4301405
5471,1992,4301407
144000,1992,4301410
7215,1992,4301415
14729,1992,4301420
4043,1992,4301430
294798,1992,4301440
3938,1992,4301442
2743,1992,4301445
4143,1992,4301447
4803,1992,4301449
13319,1992,4301450
3757,1992,4301455
17420,1992,4301460
12335,1992,4301470
2082,1992,4301475
4495,1992,4301477
2236,1992,4301478
19881,1992,4301480
1265546,1992,4301490
7025,1992,4301500
2912,1992,4301505
2817,1992,4301507
10803,1992,4301510
2178,1992,4301513
1969,1992,4301514
6850,1992,4301515
2302,1992,4301517
5158,1992,4301520
22194,1992,4301530
2790,1992,4301532
3420,1992,4301535
9094,1992,4301540
2520,1992,4301545
15302,1992,4301550
5630,1992,4301555
174604,1992,4301560
37720,1992,4301570
3337,1992,4301575
9208,1992,4301580
8307,1992,4301590
13665,1992,4301600
10832,1992,4301610
7049,1992,4301620
8712,1992,4301630
40669,1992,4301640
2814,1992,4301642
3275,1992,4301643
10932,1992,4301645
2763,1992,4301647
6456,1992,4301650
14515,1992,4301660
9992,1992,4301670
4188,1992,4301675
92442,1992,4301680
217702,1992,4301690
5235,1992,4301695
58641,1992,4301720
2133,1992,4301725
35224,1992,4301730
8392,1992,4301700
81927,1992,4301710
52086,1992,4301740
72529,1992,4301750
40468,1992,4301760
13022,1992,4301770
2266,1992,4301755
2021,1992,4301775
15287,1992,4301780
14836,1992,4301790
2971,1992,4301795
62258,1992,4301800
2579,1992,4301805
21257,1992,4301810
19263,1992,4301820
59156,1992,4301830
20773,1992,4301840
5198,1992,4301842
2091,1992,4301843
2876,1992,4301844
3206,1992,4301845
2471,1992,4301846
2671,1992,4301848
2547,1992,4301849
22103,1992,4301850
7018,1992,4301860
2899,1992,4301862
173561,1992,4301870
41692,1992,4301880
41809,1992,4301890
16198,1992,4301900
7295,1992,4301910
3130,1992,4301912
7434,1992,4301915
6856,1992,4301920
8419,1992,4301930
2160,1992,4301935
2846,1992,4301937
20335,1992,4301940
17195,1992,4301950
24627,1992,4301960
7689,1992,4301970
2356,1992,4301971
2667,1992,4301973
1468,1992,4301975
7609,1992,4301980
59823,1992,4301990
107168,1992,4302000
16109,1992,4302010
13274,1992,4302020
3761,1992,4302023
6875,1992,4302026
4542,1992,4302030
4643,1992,4302035
8497,1992,4302040
3102,1992,4302045
8267,1992,4302050
4961,1992,4302055
4459,1992,4302060
2339,1992,4302065
14112,1992,4302067
20275,1992,4302070
28450,1992,4302080
15478,1992,4302090
9852,1992,4302100
14369,1992,4302110
43412,1992,4302120
25190,1992,4302130
3008,1992,4302132
5057,1992,4302135
15564,1992,4302140
10649,1992,4302143
17963,1992,4302145
8976,1992,4302147
32252,1992,4302150
20549,1992,4302160
2607,1992,4302162
3278,1992,4302163
8210,1992,4302166
15380,1992,4302170
24014,1992,4302180
3276,1992,4302183
5016,1992,4302185
30904,1992,4302190
6846,1992,4302195
18333,1992,4302200
6636,1992,4302210
4374,1992,4302215
2042,1992,4302218
23397,1992,4302220
2287,1992,4302225
9750,1992,4302230
2502,1992,4302235
119603,1992,4302240
55914,1992,4302250
10585,1992,4302253
3500,1992,4302254
1820,1992,4302255
54095,1992,4302260
18322,1992,4302270
17285,1992,4302280
6534,1992,4302290
182591,1992,4302300
6553,1992,4302310
3809,1992,4302320
2667,1992,4302330
4082,1992,4302340
3861,1992,4302345
3097,1992,4302350
1777,1992,4302360
2703,1992,4302370
4429,1992,4302375
5385,1992,4302380
6814,1992,5000020
6206,1992,5000025
26363,1992,5000060
20569,1992,5000070
7302,1992,5000080
8611,1992,5000085
6702,1992,5000090
15248,1992,5000100
39986,1992,5000110
7860,1992,5000124
5982,1992,5000150
11620,1992,5000190
7970,1992,5000200
19453,1992,5000210
8150,1992,5000215
15995,1992,5000220
10678,1992,5000230
22656,1992,5000240
15996,1992,5000260
547984,1992,5000270
3942,1992,5000280
18357,1992,5000290
5716,1992,5000295
3689,1992,5000310
12016,1992,5000315
88949,1992,5000320
14407,1992,5000325
27806,1992,5000330
13243,1992,5000345
8882,1992,5000348
4626,1992,5000350
139140,1992,5000370
10829,1992,5000375
21720,1992,5000380
11497,1992,5000400
9310,1992,5000410
10861,1992,5000430
6665,1992,5000440
16026,1992,5000450
13135,1992,5000460
24543,1992,5000470
4432,1992,5000480
4398,1992,5000490
19917,1992,5000500
4877,1992,5000510
4970,1992,5000515
12356,1992,5000520
4801,1992,5000525
23756,1992,5000540
20463,1992,5000560
17564,1992,5000568
30922,1992,5000570
11233,1992,5000580
7438,1992,5000600
30661,1992,5000620
8848,1992,5000625
37228,1992,5000630
9817,1992,5000635
8473,1992,5000640
52682,1992,5000660
12887,1992,5000690
13648,1992,5000710
16384,1992,5000720
5477,1992,5000730
15034,1992,5000740
3442,1992,5000750
5564,1992,5000755
12394,1992,5000769
6058,1992,5000780
15108,1992,5000770
15886,1992,5000790
5955,1992,5000793
7068,1992,5000795
4422,1992,5000797
10161,1992,5000800
69251,1992,5000830
7096,1992,5000840
5404,1992,5100010
17806,1992,5100020
64440,1992,5100025
10991,1992,5100030
2782,1992,5100035
8416,1992,5100040
14109,1992,5100050
3161,1992,5100060
7246,1992,5100080
3341,1992,5100100
1425,1992,5100120
12341,1992,5100125
13841,1992,5100130
14627,1992,5100140
10052,1992,5100160
19189,1992,5100170
46686,1992,5100180
7066,1992,5100190
77545,1992,5100250
12677,1992,5100260
6786,1992,5100263
6276,1992,5100267
3065,1992,5100269
10583,1992,5100270
9664,1992,5100285
13038,1992,5100300
9254,1992,5100305
5720,1992,5100310
32422,1992,5100320
9796,1992,5100330
3483,1992,5100335
2595,1992,5100337
419783,1992,5100340
4809,1992,5100345
17274,1992,5100350
8570,1992,5100360
5226,1992,5100380
4331,1992,5100390
4588,1992,5100395
25661,1992,5100410
14713,1992,5100420
1950,1992,5100450
7556,1992,5100455
8131,1992,5100460
19575,1992,5100480
5324,1992,5100490
13516,1992,5100500
24279,1992,5100510
38718,1992,5100515
3727,1992,5100517
10775,1992,5100520
6255,1992,5100523
7130,1992,5100525
3162,1992,5100530
9611,1992,5100558
10953,1992,5100560
22587,1992,5100562
14615,1992,5100590
9810,1992,5100600
10504,1992,5100610
3330,1992,5100615
7145,1992,5100620
14668,1992,5100621
6304,1992,5100880
1905,1992,5100885
4065,1992,5100890
4481,1992,5100895
6796,1992,5100622
7361,1992,5100623
18606,1992,5100625
4124,1992,5100627
7566,1992,5100628
13053,1992,5100629
18596,1992,5100630
11050,1992,5100637
40105,1992,5100642
2731,1992,5100645
30409,1992,5100650
2658,1992,5100665
2315,1992,5100670
36021,1992,5100675
7927,1992,5100677
4768,1992,5100680
8751,1992,5100682
5694,1992,5100685
23961,1992,5100700
13157,1992,5100704
3116,1992,5100706
3082,1992,5100715
8758,1992,5100718
1440,1992,5100719
6005,1992,5100720
127404,1992,5100760
20156,1992,5100770
7235,1992,5100775
2789,1992,5100724
5934,1992,5100777
4294,1992,5100726
15662,1992,5100780
11241,1992,5100785
3030,1992,5100729
10962,1992,5100730
2569,1992,5100735
22547,1992,5100710
3423,1992,5100740
38845,1992,5100790
17245,1992,5100792
2686,1992,5100794
40784,1992,5100795
7861,1992,5100800
17892,1992,5100805
4649,1992,5100810
5716,1992,5100820
169797,1992,5100840
11557,1992,5100850
14357,1992,5100550
10155,1992,5100860
9443,1992,5200010
14521,1992,5200013
2337,1992,5200015
3989,1992,5200017
1920,1992,5200020
17074,1992,5200030
1978,1992,5200050
2144,1992,5200055
4231,1992,5200060
7457,1992,5200080
4841,1992,5200085
4345,1992,5200090
244736,1992,5200110
879,1992,5200120
18244,1992,5200130
191407,1992,5200140
1908,1992,5200145
3402,1992,5200150
3679,1992,5200160
14180,1992,5200170
5045,1992,5200180
7470,1992,5200215
4067,1992,5200235
5037,1992,5200250
4187,1992,5200260
2273,1992,5200280
4246,1992,5200310
9762,1992,5200320
15472,1992,5200330
8077,1992,5200340
13930,1992,5200350
3421,1992,5200355
2337,1992,5200360
4822,1992,5200380
8538,1992,5200390
2021,1992,5200393
3152,1992,5200396
6533,1992,5200400
8455,1992,5200410
1455,1992,5200420
8621,1992,5200425
11250,1992,5200430
13625,1992,5200440
24931,1992,5200450
1951,1992,5200455
2313,1992,5200460
4403,1992,5200465
8291,1992,5200470
4549,1992,5200480
15268,1992,5200490
17238,1992,5200495
10611,1992,5200500
3211,1992,5200505
56456,1992,5200510
4158,1992,5200520
8178,1992,5200530
22892,1992,5200540
5899,1992,5200545
1713,1992,5200547
30702,1992,5200549
10355,1992,5200551
3561,1992,5200552
3224,1992,5200570
9299,1992,5200580
5396,1992,5200590
25807,1992,5200620
2436,1992,5200630
19512,1992,5200640
3398,1992,5200650
2830,1992,5200660
3675,1992,5200670
2630,1992,5200680
2077,1992,5200690
2579,1992,5200710
5080,1992,5200830
10503,1992,5200725
4140,1992,5200735
8955,1992,5200740
3428,1992,5200750
7878,1992,5200753
7061,1992,5200760
9726,1992,5200780
5188,1992,5200790
62309,1992,5200800
6043,1992,5200810
7457,1992,5200840
5352,1992,5200850
45018,1992,5200860
940757,1992,5200870
11255,1992,5200880
27837,1992,5200890
32913,1992,5200910
4026,1992,5200915
11896,1992,5200920
2734,1992,5200929
5760,1992,5200940
3753,1992,5200945
2949,1992,5200960
10350,1992,5200970
4993,1992,5200980
9850,1992,5200990
5021,1992,5200993
10147,1992,5200995
38774,1992,5201000
20808,1992,5201010
30081,1992,5201020
3289,1992,5201030
24643,1992,5201040
4020,1992,5201056
6322,1992,5201060
6076,1992,5201080
12818,1992,5201090
8922,1992,5201100
28548,1992,5201120
5891,1992,5201130
8521,1992,5201140
75557,1992,5201150
2956,1992,5201160
6451,1992,5201170
27818,1992,5201180
63487,1992,5201190
3190,1992,5201200
2063,1992,5201205
6555,1992,5201210
21209,1992,5201220
7558,1992,5201230
189092,1992,5201250
2652,1992,5201260
4075,1992,5201270
15781,1992,5201280
1444,1992,5201290
3915,1992,5201295
7445,1992,5201300
3665,1992,5201305
32743,1992,5201308
32145,1992,5201310
2208,1992,5201340
8146,1992,5201350
8329,1992,5201370
5574,1992,5201375
2417,1992,5201377
32566,1992,5201380
2478,1992,5201385
6890,1992,5201390
10205,1992,5201400
5461,1992,5201405
3980,1992,5201410
6308,1992,5201440
13338,1992,5201450
41314,1992,5201460
1911,1992,5201470
1835,1992,5201480
11442,1992,5201483
8314,1992,5201486
3342,1992,5201487
4771,1992,5201490
4998,1992,5201500
4779,1992,5201520
4505,1992,5201525
12516,1992,5201530
4296,1992,5201540
3746,1992,5201550
16794,1992,5201560
3117,1992,5201565
16544,1992,5201570
2150,1992,5201580
3559,1992,5201590
2457,1992,5201600
7569,1992,5201630
9647,1992,5201640
1456,1992,5201645
10611,1992,5201680
4751,1992,5201690
22449,1992,5201710
12971,1992,5201720
24683,1992,5201730
22350,1992,5201740
41642,1992,5201760
15457,1992,5201770
41604,1992,5201800
3083,1992,5201810
24334,1992,5201830
2824,1992,5201839
34738,1992,5201850
9030,1992,5201860
4327,1992,5201870
820,1992,5201878
92781,1992,5201880
16658,1992,5201890
7236,1992,5201900
3944,1992,5201910
3301,1992,5201920
3511,1992,5201925
34350,1992,5201930
3792,1992,5201935
4595,1992,5201940
3963,1992,5201950
5079,1992,5201960
17150,1992,5201970
3370,1992,5201971
2051,1992,5201973
35621,1992,5201975
10436,1992,5201980
5914,1992,5201990
5187,1992,5202000
1834,1992,5202005
24985,1992,5202010
4277,1992,5202015
19132,1992,5202020
2857,1992,5202026
11037,1992,5202040
24788,1992,5202045
8069,1992,5202050
18042,1992,5202060
5704,1992,5202068
2756,1992,5202070
3995,1992,5202100
1388,1992,5202108
3589,1992,5202119
2267,1992,5202130
55880,1992,5202140
3955,1992,5202145
5287,1992,5202150
2421,1992,5202155
3026,1992,5202157
35141,1992,5202160
13962,1992,5202170
2777,1992,5202180
3361,1992,5202190
9135,1992,5202200
5384,1992,5202205
2942,1992,5202220
1639035,1992,5300010
37036,1993,1100001
9478,1993,1100040
23073,1993,1100034
65899,1993,1100002
9006,1993,1100003
5873,1993,1100060
74691,1993,1100004
4773,1993,1100070
8041,1993,1100080
4869,1993,1100090
24652,1993,1100005
28901,1993,1100006
13825,1993,1100007
11616,1993,1100008
25848,1993,1100009
7270,1993,1100100
34824,1993,1100010
4966,1993,1100110
54456,1993,1100011
106457,1993,1100012
17677,1993,1100013
9887,1993,1100120
12848,1993,1100130
6383,1993,1100140
16743,1993,1100014
6882,1993,1100033
12699,1993,1100050
57490,1993,1100015
54273,1993,1100018
296770,1993,1100020
33559,1993,1100025
5219,1993,1100026
48940,1993,1100028
13465,1993,1100029
15932,1993,1100032
6607,1993,1100150
7434,1993,1100160
11996,1993,1100170
9883,1993,1100180
41452,1993,1100030
5858,1993,1200001
3182,1993,1200005
14737,1993,1200010
3401,1993,1200013
2418,1993,1200017
49782,1993,1200020
7725,1993,1200025
17463,1993,1200030
4192,1993,1200032
8213,1993,1200033
4560,1993,1200034
8407,1993,1200035
13235,1993,1200038
9784,1993,1200080
6711,1993,1200039
195943,1993,1200040
6930,1993,1200042
663,1993,1200043
24306,1993,1200050
16321,1993,1200045
23348,1993,1200060
10316,1993,1200070
9318,1993,1300002
4779,1993,1300006
6198,1993,1300008
8723,1993,1300010
6016,1993,1300014
8224,1993,1300020
17332,1993,1300030
11369,1993,1300040
16530,1993,1300050
19951,1993,1300060
7650,1993,1300063
7876,1993,1300068
25706,1993,1300070
16502,1993,1300080
7171,1993,1300083
13325,1993,1300090
20299,1993,1300100
34962,1993,1300110
18399,1993,1300115
38010,1993,1300120
13870,1993,1300130
21552,1993,1300140
16554,1993,1300150
16942,1993,1300160
11714,1993,1300165
41039,1993,1300170
9837,1993,1300180
19855,1993,1300185
59926,1993,1300190
9463,1993,1300195
5285,1993,1300200
11817,1993,1300210
4895,1993,1300220
15663,1993,1300230
34967,1993,1300240
58777,1993,1300250
10670,1993,1300255
1078277,1993,1300260
38919,1993,1300270
12197,1993,1300280
31354,1993,1300290
13191,1993,1300300
12891,1993,1300310
15279,1993,1300320
12118,1993,1300330
60432,1993,1300340
18562,1993,1300350
7783,1993,1300353
6842,1993,1300356
16801,1993,1300360
18755,1993,1300370
23789,1993,1300380
14189,1993,1300390
4983,1993,1300395
5534,1993,1300400
30684,1993,1300406
26857,1993,1300410
59307,1993,1300420
10451,1993,1300423
5563,1993,1300426
12421,1993,1300430
19255,1993,1300440
12525,1993,1400005
159979,1993,1400010
10320,1993,1400015
9564,1993,1400020
15031,1993,1400030
11778,1993,1400040
11606,1993,1400050
10296,1993,1400060
104862,1993,1500010
4696,1993,1500013
38240,1993,1500020
19442,1993,1500030
7551,1993,1500034
54311,1993,1500040
33608,1993,1500050
69565,1993,1500060
14673,1993,1500070
92447,1993,1500080
31184,1993,1500090
12700,1993,1500095
11371,1993,1500100
14880,1993,1500110
20704,1993,1500120
50712,1993,1500130
1297592,1993,1500140
65899,1993,1500150
12450,1993,1500157
8652,1993,1500160
99824,1993,1500170
12714,1993,1500172
6277,1993,1500175
14438,1993,1500178
75656,1993,1500180
14315,1993,1500190
13607,1993,1500200
86242,1993,1500210
52575,1993,1500220
47667,1993,1500230
108326,1993,1500240
17619,1993,1500250
8565,1993,1500260
57576,1993,1500270
15461,1993,1500275
6302,1993,1500276
30243,1993,1500277
15618,1993,1500280
20603,1993,1500290
26985,1993,1500293
12755,1993,1500295
3310,1993,1500300
21562,1993,1500307
11656,1993,1500309
19566,1993,1500310
28083,1993,1500320
42361,1993,1500330
6529,1993,1500340
9545,1993,1500345
31994,1993,1500350
102853,1993,1500360
41151,1993,1500370
10693,1993,1500375
33162,1993,1500380
23555,1993,1500390
16994,1993,1500400
30605,1993,1500405
7531,1993,1500410
138270,1993,1500420
26301,1993,1500430
20340,1993,1500440
21887,1993,1500445
15200,1993,1500450
19480,1993,1500460
42352,1993,1500470
48244,1993,1500480
23072,1993,1500490
6731,1993,1500495
9231,1993,1500500
6240,1993,1500503
30604,1993,1500506
42831,1993,1500510
19791,1993,1500520
42768,1993,1500530
13423,1993,1500540
25628,1993,1500543
34087,1993,1500548
5413,1993,1500549
65823,1993,1500550
51317,1993,1500553
5153,1993,1500555
5842,1993,1500560
17020,1993,1500570
30288,1993,1500580
15642,1993,1500590
28167,1993,1500600
17348,1993,1500610
56621,1993,1500613
29504,1993,1500616
32767,1993,1500618
21564,1993,1500619
23876,1993,1500620
12213,1993,1500630
9668,1993,1500635
4841,1993,1500640
35052,1993,1500650
19783,1993,1500655
7557,1993,1500658
18511,1993,1500660
17115,1993,1500670
277482,1993,1500680
4393,1993,1500690
18039,1993,1500700
21392,1993,1500710
15825,1993,1500715
21452,1993,1500720
27571,1993,1500730
11782,1993,1500740
42851,1993,1500745
17124,1993,1500747
6133,1993,1500750
33868,1993,1500760
15333,1993,1500770
35188,1993,1500780
17701,1993,1500790
19613,1993,1500795
5301,1993,1500796
10968,1993,1500797
41916,1993,1500800
9836,1993,1500805
34884,1993,1500808
57810,1993,1500810
8210,1993,1500812
28067,1993,1500815
39353,1993,1500820
56617,1993,1500830
13475,1993,1500835
53006,1993,1500840
6899,1993,1600010
5575,1993,1600020
1784,1993,1600021
2340,1993,1600023
1277,1993,1600025
22761,1993,1600027
179273,1993,1600030
9194,1993,1600040
7984,1993,1600050
1555,1993,1600015
5580,1993,1600053
1471,1993,1600055
56062,1993,1600060
2017,1993,1600005
5015,1993,1600070
1941,1993,1700025
6655,1993,1700035
7894,1993,1700040
10499,1993,1700070
8769,1993,1700100
2915,1993,1700105
3279,1993,1700110
3037,1993,1700130
4543,1993,1700190
9761,1993,1700200
94909,1993,1700210
2279,1993,1700215
23213,1993,1700220
9987,1993,1700230
11165,1993,1700240
10972,1993,1700255
4681,1993,1700270
10296,1993,1700290
9105,1993,1700300
6617,1993,1700310
4437,1993,1700320
2628,1993,1700330
1651,1993,1700360
6924,1993,1700370
8105,1993,1700380
1684,1993,1700382
3480,1993,1700384
2884,1993,1700386
1882,1993,1700388
1556,1993,1700389
2854,1993,1700390
1911,1993,1700410
21639,1993,1700550
8653,1993,1701670
5078,1993,1700555
4341,1993,1700560
5209,1993,1700600
8893,1993,1700610
3333,1993,1700650
13320,1993,1700700
6484,1993,1700710
7877,1993,1700720
4305,1993,1700730
5213,1993,1700740
4887,1993,1700755
5898,1993,1700765
7425,1993,1700770
17785,1993,1700820
1476,1993,1700825
5223,1993,1700830
15134,1993,1700900
19962,1993,1700930
57645,1993,1700950
7063,1993,1701050
6588,1993,1701070
2789,1993,1701090
3592,1993,1701110
2847,1993,1701150
1984,1993,1701180
2227,1993,1701190
2057,1993,1701195
805,1993,1701200
4284,1993,1701240
2399,1993,1701250
1189,1993,1701270
1974,1993,1701280
20429,1993,1701320
10809,1993,1701330
6634,1993,1701360
2894,1993,1701395
10468,1993,1701420
6158,1993,1701430
7415,1993,1701488
3103,1993,1701500
2480,1993,1701510
1893,1993,1701515
1541,1993,1701525
47560,1993,1702100
3504,1993,1701570
2889,1993,1701380
9591,1993,1701575
30497,1993,1701610
11312,1993,1701620
3809,1993,1701630
9568,1993,1701650
9341,1993,1701660
3235,1993,1701665
5089,1993,1701700
1179,1993,1701720
9147,1993,1701750
5088,1993,1701780
6049,1993,1701790
2120,1993,1701800
45731,1993,1701820
4562,1993,1701830
3452,1993,1701840
2089,1993,1701850
3769,1993,1701855
747,1993,1701865
1593,1993,1701870
7215,1993,1701875
3305,1993,1701880
2798,1993,1701884
3712,1993,1701886
2015,1993,1701888
3930,1993,1701890
1767,1993,1701900
3161,1993,1702010
835,1993,1702015
7097,1993,1702020
2676,1993,1702025
2569,1993,1702030
3806,1993,1702049
6205,1993,1702065
7362,1993,1702080
1751,1993,1702085
11551,1993,1702090
2289,1993,1702093
5912,1993,1702110
21116,1993,1702120
1180,1993,1702130
9552,1993,1702208
10619,1993,1702210
88937,1993,2100005
4789,1993,2100010
19800,1993,2100020
19593,1993,2100030
19564,1993,2100040
10808,1993,2100050
24447,1993,2100060
19601,1993,2100070
10482,1993,2100080
43930,1993,2100090
35994,1993,2100095
25372,1993,2100100
9442,1993,2100110
101465,1993,2100120
22747,1993,2100130
44191,1993,2100140
13807,1993,2100150
93276,1993,2100160
30292,1993,2100170
9040,1993,2100180
21609,1993,2100190
43049,1993,2100200
27451,1993,2100210
22966,1993,2100220
21658,1993,2100230
11940,1993,2100240
15667,1993,2100250
34122,1993,2100260
22847,1993,2100270
25207,1993,2100280
33903,1993,2100290
149160,1993,2100300
15473,1993,2100310
57457,1993,2100320
112477,1993,2100330
42091,1993,2100340
36115,1993,2100350
70877,1993,2100360
41765,1993,2100370
19940,1993,2100380
7478,1993,2100390
29191,1993,2100400
24372,1993,2100405
12995,1993,2100410
16106,1993,2100420
29964,1993,2100430
16170,1993,2100440
10183,1993,2100450
22993,1993,2100460
5944,1993,2100470
55874,1993,2100480
12259,1993,2100490
20289,1993,2100500
20904,1993,2100510
14689,1993,2100520
294628,1993,2100530
44012,1993,2100540
56500,1993,2100550
14932,1993,2100560
47368,1993,2100570
19485,1993,2100580
13823,1993,2100590
12303,1993,2100600
9680,1993,2100610
9557,1993,2100620
11542,1993,2100630
10702,1993,2100640
18773,1993,2100650
25596,1993,2100660
17322,1993,2100670
14929,1993,2100675
17039,1993,2100680
26839,1993,2100690
20193,1993,2100700
18933,1993,2100710
7437,1993,2100720
4954,1993,2100730
16425,1993,2100740
56443,1993,2100750
15734,1993,2100760
16161,1993,2100770
29922,1993,2100780
22898,1993,2100790
14163,1993,2100800
27107,1993,2100810
51133,1993,2100820
29931,1993,2100830
13679,1993,2100840
32273,1993,2100850
84661,1993,2100860
27900,1993,2100870
20035,1993,2100880
23379,1993,2100890
34290,1993,2100900
43168,1993,2100910
6581,1993,2100920
7791,1993,2100930
18619,1993,2100940
28675,1993,2100950
43414,1993,2100960
5795,1993,2100970
25244,1993,2100980
68664,1993,2100990
122288,1993,2101000
49219,1993,2101003
21448,1993,2101010
22013,1993,2101020
17242,1993,2101030
15425,1993,2101040
28652,1993,2101050
24938,1993,2101060
35334,1993,2101070
6300,1993,2101080
12812,1993,2101090
19998,1993,2101100
26114,1993,2101110
74880,1993,2101120
738327,1993,2101130
24911,1993,2101140
31734,1993,2101150
14469,1993,2101160
18062,1993,2101170
14262,1993,2101180
10462,1993,2101190
6338,1993,2101200
23465,1993,2101210
113051,1993,2101220
36226,1993,2101230
42017,1993,2101240
43766,1993,2101250
23902,1993,2101260
32823,1993,2101270
42067,1993,2101280
50181,1993,2101290
31224,1993,2101300
61554,1993,2101400
5932,1993,2200010
16429,1993,2200020
8374,1993,2200025
4656,1993,2200027
15383,1993,2200030
35783,1993,2200040
16938,1993,2200050
6266,1993,2200060
10020,1993,2200070
5091,1993,2200080
5791,1993,2200090
5614,1993,2200100
12303,1993,2200110
6374,1993,2200115
43160,1993,2200120
4202,1993,2200130
6907,1993,2200140
20963,1993,2200150
10960,1993,2200160
8965,1993,2200170
3910,1993,2200180
18727,1993,2200190
5410,1993,2200191
5043,1993,2200192
8257,1993,2200196
31291,1993,2200200
6202,1993,2200202
7807,1993,2200205
5468,1993,2200209
5804,1993,2200210
64478,1993,2200220
4085,1993,2200225
27554,1993,2200230
10403,1993,2200240
12196,1993,2200250
22673,1993,2200260
27350,1993,2200270
3983,1993,2200273
4335,1993,2200275
7026,1993,2200277
7747,1993,2200280
4293,1993,2200285
25551,1993,2200290
6184,1993,2200300
11407,1993,2200310
13238,1993,2200320
12521,1993,2200330
6197,1993,2200335
5246,1993,2200340
9206,1993,2200345
4369,1993,2200342
15109,1993,2200350
4736,1993,2200360
36873,1993,2200370
4912,1993,2200375
4875,1993,2200380
52705,1993,2200390
5383,1993,2200400
5096,1993,2200410
7311,1993,2200420
9378,1993,2200430
10210,1993,2200440
9751,1993,2200450
3768,1993,2200460
13501,1993,2200470
7804,1993,2200480
7755,1993,2200490
13564,1993,2200500
11171,1993,2200510
5764,1993,2200515
23882,1993,2200520
4211,1993,2200525
4106,1993,2200530
14692,1993,2200540
30143,1993,2200550
5424,1993,2200555
4222,1993,2200556
5594,1993,2200560
28786,1993,2200570
36495,1993,2200580
6961,1993,2200590
4913,1993,2200595
4585,1993,2200600
12114,1993,2200610
27805,1993,2200620
1235,1993,2200630
11148,1993,2200640
6509,1993,2200650
9671,1993,2200660
7876,1993,2200670
6159,1993,2200680
7144,1993,2200690
37816,1993,2200700
14280,1993,2200720
5558,1993,2200730
4468,1993,2200740
11448,1993,2200750
12980,1993,2200760
127953,1993,2200770
4541,1993,2200775
5524,1993,2200777
27507,1993,2200780
44847,1993,2200790
76553,1993,2200800
10744,1993,2200810
16661,1993,2200820
25726,1993,2200830
59664,1993,2200840
14680,1993,2200850
2811,1993,2200860
6586,1993,2200865
7137,1993,2200870
16938,1993,2200880
5934,1993,2200890
9940,1993,2200900
9757,1993,2200910
3058,1993,2200915
5825,1993,2200920
4481,1993,2200930
7744,1993,2200937
4192,1993,2200935
4996,1993,2200940
5650,1993,2200950
3867,1993,2200955
5453,1993,2200960
6622,1993,2200970
5393,1993,2200980
6945,1993,2200985
7231,1993,2200990
34461,1993,2201000
4059,1993,2201005
6004,1993,2201010
6681,1993,2201020
5433,1993,2201030
4086,1993,2201035
24942,1993,2201040
11690,1993,2201050
23851,1993,2201060
8747,1993,2201065
22807,1993,2201070
13785,1993,2201080
5337,1993,2201090
636904,1993,2201100
36231,1993,2201110
16147,1993,2201120
20876,1993,2201130
4179,1993,2201135
8272,1993,2201140
8182,1993,2300010
10361,1993,2300015
47452,1993,2300020
48580,1993,2300030
13037,1993,2300040
8490,1993,2300050
4886,1993,2300060
13686,1993,2300070
25286,1993,2300075
5018,1993,2300080
9585,1993,2300090
48286,1993,2300100
53244,1993,2300110
22850,1993,2300120
9466,1993,2300125
18024,1993,2300130
10436,1993,2300140
7440,1993,2300150
19417,1993,2300160
24250,1993,2300170
5451,1993,2300180
14166,1993,2300185
40074,1993,2300190
15280,1993,2300195
19471,1993,2300200
13386,1993,2300205
27559,1993,2300210
36989,1993,2300220
27014,1993,2300230
48162,1993,2300240
35164,1993,2300250
53219,1993,2300260
23636,1993,2300270
62142,1993,2300280
15646,1993,2300290
12502,1993,2300300
17572,1993,2300310
21108,1993,2300320
17398,1993,2300330
14106,1993,2300340
48497,1993,2300350
12356,1993,2300360
8747,1993,2300365
177159,1993,2300370
23044,1993,2300380
10952,1993,2300390
10828,1993,2300393
15579,1993,2300395
17652,1993,2300400
66992,1993,2300410
91946,1993,2300420
15410,1993,2300423
14263,1993,2300425
7887,1993,2300426
6350,1993,2300427
21234,1993,2300428
17713,1993,2300430
15483,1993,2300435
1846955,1993,2300440
10040,1993,2300445
9774,1993,2300450
5772,1993,2300460
14167,1993,2300465
41713,1993,2300470
4822,1993,2300480
8214,1993,2300490
18271,1993,2300495
31609,1993,2300500
5222,1993,2300510
17989,1993,2300520
19021,1993,2300523
11098,1993,2300526
20840,1993,2300530
8482,1993,2300533
14144,1993,2300535
61419,1993,2300540
76842,1993,2300550
23794,1993,2300560
10703,1993,2300565
11347,1993,2300570
36252,1993,2300580
35278,1993,2300590
13822,1993,2300600
17251,1993,2300610
5796,1993,2300620
23802,1993,2300625
34175,1993,2300630
78481,1993,2300640
12677,1993,2300650
26580,1993,2300655
13662,1993,2300660
17667,1993,2300670
7614,1993,2300680
32850,1993,2300690
26046,1993,2300700
24083,1993,2300710
6771,1993,2300720
5935,1993,2300725
180013,1993,2300730
21205,1993,2300740
30908,1993,2300750
43484,1993,2300760
12858,1993,2300763
177411,1993,2300765
74773,1993,2300770
21540,1993,2300780
6360,1993,2300790
23807,1993,2300800
37343,1993,2300810
10435,1993,2300820
25164,1993,2300830
12086,1993,2300835
9917,1993,2300837
29373,1993,2300840
40270,1993,2300850
15313,1993,2300860
59841,1993,2300870
6188,1993,2300880
14753,1993,2300890
11787,1993,2300900
7898,1993,2300910
11531,1993,2300920
28962,1993,2300930
26718,1993,2300940
20629,1993,2300945
22348,1993,2300950
33161,1993,2300960
38920,1993,2300970
10089,1993,2300980
5192,1993,2300990
8079,1993,2301000
10098,1993,2301010
21788,1993,2301020
20590,1993,2301025
30228,1993,2301030
10622,1993,2301040
39412,1993,2301050
6543,1993,2301060
32417,1993,2301070
14875,1993,2301080
12882,1993,2301085
12917,1993,2301090
9345,1993,2301095
11242,1993,2301100
15261,1993,2301110
8284,1993,2301120
5706,1993,2301123
17106,1993,2301126
61764,1993,2301130
15767,1993,2301135
60032,1993,2301140
14016,1993,2301150
23103,1993,2301160
17402,1993,2301170
48558,1993,2301180
15248,1993,2301190
13092,1993,2301195
39916,1993,2301220
22226,1993,2301200
15191,1993,2301210
38270,1993,2301230
30468,1993,2301240
7910,1993,2301250
11003,1993,2301260
26335,1993,2301270
5262,1993,2301280
131518,1993,2301290
16053,1993,2301300
25487,1993,2301310
26390,1993,2301320
10489,1993,2301325
52148,1993,2301330
11989,1993,2301335
45888,1993,2301340
37899,1993,2301350
10082,1993,2301355
23729,1993,2301360
7790,1993,2301370
15570,1993,2301375
13729,1993,2301380
10083,1993,2301390
13675,1993,2301395
31491,1993,2301400
41509,1993,2301410
11091,1993,2400010
45791,1993,2400020
11227,1993,2400030
2365,1993,2400040
14620,1993,2400050
5664,1993,2400060
8626,1993,2400070
14823,1993,2400080
7495,1993,2400090
31620,1993,2400100
22287,1993,2400110
11306,1993,2400120
12614,1993,2400130
7611,1993,2400140
15692,1993,2400145
3578,1993,2400150
4369,1993,2400160
7583,1993,2400170
8403,1993,2400180
2618,1993,2400190
53196,1993,2400200
9363,1993,2400210
24076,1993,2400220
20537,1993,2400230
5632,1993,2400240
10617,1993,2400250
54790,1993,2400260
10795,1993,2400270
5873,1993,2400280
4852,1993,2400290
7923,1993,2400300
41191,1993,2400310
6621,1993,2400320
4847,1993,2400330
5560,1993,2400340
10587,1993,2400350
15695,1993,2400360
6366,1993,2400370
12601,1993,2400380
3198,1993,2400390
4699,1993,2400400
1238,1993,2400410
18379,1993,2400420
10714,1993,2400430
9544,1993,2400440
6408,1993,2400450
9022,1993,2400460
16830,1993,2400470
1720,1993,2400480
5164,1993,2400490
7227,1993,2400500
5736,1993,2400510
6057,1993,2400520
6619,1993,2400530
6147,1993,2400540
2388,1993,2400550
10212,1993,2400560
12143,1993,2400570
26474,1993,2400580
2598,1993,2400590
5498,1993,2400600
14893,1993,2400610
5207,1993,2400620
5111,1993,2400630
1927,1993,2400640
11282,1993,2400650
6294,1993,2400660
8816,1993,2400670
4566,1993,2400680
3038,1993,2400690
11626,1993,2400700
45643,1993,2400710
26356,1993,2400720
8944,1993,2400730
12240,1993,2400740
13842,1993,2400750
3415,1993,2400760
9870,1993,2400770
16251,1993,2400780
2792,1993,2400790
202684,1993,2400800
639160,1993,2400810
14637,1993,2400820
30773,1993,2400830
4548,1993,2400840
4548,1993,2400850
3662,1993,2400860
4052,1993,2400870
4024,1993,2400880
17996,1993,2400890
66508,1993,2400325
6698,1993,2400910
2476,1993,2400920
11758,1993,2400930
21878,1993,2400940
3528,1993,2400950
2653,1993,2400960
11740,1993,2400970
13062,1993,2400980
11338,1993,2400990
2185,1993,2401000
10723,1993,2401010
6435,1993,2401020
6156,1993,2401030
6988,1993,2401040
3477,1993,2401050
2916,1993,2401060
2586,1993,2401070
4024,1993,2401080
5781,1993,2401090
5322,1993,2401100
3234,1993,2401110
30100,1993,2401120
17106,1993,2401140
2512,1993,2401142
19491,1993,2401150
9076,1993,2401160
3171,1993,2401170
3543,1993,2401180
2862,1993,2401190
47756,1993,2401200
5630,1993,2401210
29572,1993,2401220
11718,1993,2401230
3212,1993,2401240
21796,1993,2401250
14767,1993,2401260
6977,1993,2401270
7960,1993,2401280
11482,1993,2401290
4990,1993,2401300
4357,1993,2401310
2779,1993,2401320
6256,1993,2401330
8385,1993,2401335
7460,1993,2401340
6838,1993,2401350
10875,1993,2401360
4572,1993,2401370
2121,1993,2401380
10605,1993,2401390
10474,1993,2401400
9442,1993,2401410
6124,1993,2401420
2019,1993,2401430
28408,1993,2401440
10982,1993,2401450
8863,1993,2401460
8924,1993,2401470
8337,1993,2401480
1341,1993,2401490
2397,1993,2401500
8293,1993,2500010
7129,1993,2500020
30048,1993,2500030
22638,1993,2500040
10893,1993,2500050
13760,1993,2500060
18320,1993,2500080
10011,1993,2500090
17675,1993,2500100
28210,1993,2500110
6242,1993,2500120
29188,1993,2500130
5575,1993,2500140
22871,1993,2500150
17234,1993,2500160
5104,1993,2500170
80236,1993,2500180
16223,1993,2500190
7995,1993,2500200
6040,1993,2500210
1805,1993,2500220
6164,1993,2500230
9291,1993,2500240
33704,1993,2500250
4062,1993,2500270
13845,1993,2500280
6121,1993,2500290
15561,1993,2500300
6191,1993,2500310
30081,1993,2500320
7184,1993,2500330
2912,1993,2500340
17910,1993,2500350
10356,1993,2500360
51965,1993,2500370
4531,1993,2500380
5614,1993,2500390
339641,1993,2500400
10236,1993,2501640
1948,1993,2500410
5047,1993,2500420
25153,1993,2500430
23282,1993,2500440
7266,1993,2500450
10775,1993,2500460
4240,1993,2500470
14667,1993,2500480
12443,1993,2500490
6166,1993,2500500
23219,1993,2500510
7181,1993,2500520
2542,1993,2500530
12932,1993,2500540
7558,1993,2500560
9814,1993,2500570
7335,1993,2500580
3166,1993,2500590
28571,1993,2500600
13361,1993,2500610
2673,1993,2500620
50377,1993,2500630
13099,1993,2500640
6138,1993,2500650
6563,1993,2500660
5729,1993,2500260
10254,1993,2500670
22014,1993,2500680
26394,1993,2500690
20081,1993,2500700
13604,1993,2500710
9157,1993,2500720
18396,1993,2500730
9718,1993,2500740
526086,1993,2500750
7417,1993,2500760
17982,1993,2500770
6002,1993,2500780
9663,1993,2500790
10655,1993,2500800
5588,1993,2500810
7190,1993,2500820
22427,1993,2500830
3316,1993,2500840
7222,1993,2500850
7910,1993,2500860
4581,1993,2500870
6005,1993,2500880
51654,1993,2500890
11518,1993,2500900
21435,1993,2500910
11832,1993,2500920
5192,1993,2500930
13336,1993,2500940
3992,1993,2500950
4100,1993,2500960
27129,1993,2500970
10742,1993,2500980
11659,1993,2500990
7287,1993,2501000
7336,1993,2501010
6368,1993,2501020
3359,1993,2501030
9081,1993,2501040
3293,1993,2501050
2744,1993,2501060
3343,1993,2501070
84178,1993,2501080
11142,1993,2501090
3711,1993,2501100
6750,1993,2501110
27557,1993,2501120
16161,1993,2501130
18949,1993,2501140
13946,1993,2501150
7908,1993,2501160
5454,1993,2501170
10729,1993,2501180
9813,1993,2501190
14461,1993,2501200
39407,1993,2501210
3214,1993,2501220
23022,1993,2501230
11719,1993,2501240
33708,1993,2501250
1609,1993,2501260
17383,1993,2501270
9292,1993,2501280
27493,1993,2501290
2631,1993,2501300
12499,1993,2501310
7277,1993,2501320
6194,1993,2501330
13204,1993,2501340
97757,1993,2501370
4776,1993,2501380
6572,1993,2501350
7919,1993,2501360
22343,1993,2501390
7514,1993,2501400
21612,1993,2500070
4025,1993,2501410
7513,1993,2501420
5173,1993,2501430
5823,1993,2501440
17578,1993,2501450
2726,1993,2501460
3884,1993,2501470
6069,1993,2501480
8368,1993,2501490
4195,1993,2501500
9035,1993,2501510
4429,1993,2501520
60588,1993,2501530
8086,1993,2501540
13371,1993,2501550
3746,1993,2501560
2603,1993,2501570
7283,1993,2501580
9404,1993,2501590
33174,1993,2501600
11588,1993,2501610
80203,1993,2501620
17283,1993,2501630
15243,1993,2501650
14522,1993,2501660
17789,1993,2501670
10739,1993,2501680
20080,1993,2501690
17411,1993,2501700
2146,1993,2501710
3176,1993,2500550
80681,1993,2600005
30666,1993,2600010
13544,1993,2600020
18317,1993,2600030
25811,1993,2600040
38729,1993,2600050
11240,1993,2600060
37285,1993,2600070
22958,1993,2600080
20149,1993,2600090
8605,1993,2600100
63453,1993,2600110
58416,1993,2600120
10601,1993,2600130
42489,1993,2600140
12424,1993,2600150
22817,1993,2600160
63529,1993,2600170
11061,1993,2600180
52643,1993,2600190
29051,1993,2600200
40990,1993,2600210
37157,1993,2600220
35385,1993,2600230
8579,1993,2600240
7460,1993,2600250
32312,1993,2600260
12555,1993,2600270
38495,1993,2600280
130923,1993,2600290
24423,1993,2600300
16471,1993,2600310
21357,1993,2600320
9570,1993,2600330
7137,1993,2600340
100377,1993,2600345
14367,1993,2600350
7546,1993,2600360
24378,1993,2600370
19723,1993,2600380
18625,1993,2600390
11190,1993,2600392
56070,1993,2600400
220690,1993,2600410
32121,1993,2600420
9344,1993,2600430
11309,1993,2600440
15614,1993,2600450
18782,1993,2600460
15964,1993,2600470
12638,1993,2600480
17722,1993,2600490
22341,1993,2600500
29068,1993,2600510
13862,1993,2600515
56386,1993,2600520
31684,1993,2600530
18859,1993,2600540
1749,1993,2600545
11011,1993,2600550
21635,1993,2600560
21185,1993,2600570
14204,1993,2600580
20016,1993,2600590
106111,1993,2600600
26592,1993,2600610
65418,1993,2600620
6039,1993,2600630
62701,1993,2600640
18589,1993,2600650
29097,1993,2600660
7437,1993,2600670
83616,1993,2600680
11074,1993,2600690
12043,1993,2600760
24020,1993,2600700
4365,1993,2600710
46322,1993,2600720
21636,1993,2600730
3200,1993,2600740
26924,1993,2600750
35871,1993,2600765
15412,1993,2600770
17049,1993,2600775
14575,1993,2600780
513740,1993,2600790
14558,1993,2600800
27943,1993,2600810
15984,1993,2600820
8228,1993,2600825
12016,1993,2600830
12782,1993,2600840
11315,1993,2600845
17153,1993,2600850
11208,1993,2600860
16499,1993,2600870
30286,1993,2600880
54611,1993,2600890
21252,1993,2600900
9090,1993,2600910
21901,1993,2600920
13098,1993,2600930
11704,1993,2601430
39906,1993,2600940
26741,1993,2600950
351449,1993,2600960
20902,1993,2600970
11135,1993,2600980
64390,1993,2600990
57469,1993,2601000
8189,1993,2601010
27615,1993,2601020
11247,1993,2601030
19478,1993,2601040
29691,1993,2601050
40391,1993,2601060
227266,1993,2601070
19306,1993,2601080
58761,1993,2601090
34523,1993,2601100
173624,1993,2601110
9658,1993,2601120
21411,1993,2601130
11263,1993,2601140
21293,1993,2601150
7503,1993,2601153
1314857,1993,2601160
18074,1993,2601170
41833,1993,2601180
34163,1993,2601190
10949,1993,2601200
5969,1993,2601210
48145,1993,2601220
14604,1993,2601230
15136,1993,2601240
10590,1993,2601245
12168,1993,2601247
40146,1993,2601250
43994,1993,2601260
11592,1993,2601270
9823,1993,2601280
9739,1993,2601290
43071,1993,2601300
30647,1993,2601310
19053,1993,2601320
17020,1993,2601330
11967,1993,2601340
31251,1993,2601350
29224,1993,2601360
89925,1993,2601370
14427,1993,2601380
73047,1993,2601390
19150,1993,2601400
31256,1993,2601410
33916,1993,2601420
5694,1993,2601440
60165,1993,2601450
23160,1993,2601460
12115,1993,2601470
18030,1993,2601480
17400,1993,2601500
6689,1993,2601510
6928,1993,2601520
57815,1993,2601530
15489,1993,2601540
12026,1993,2601550
19533,1993,2601560
15716,1993,2601570
19290,1993,2601580
7378,1993,2601590
12542,1993,2601600
8195,1993,2601610
8743,1993,2601618
14032,1993,2601620
28231,1993,2601630
109166,1993,2601640
10632,1993,2601650
18424,1993,2700010
16583,1993,2700020
171792,1993,2700030
38110,1993,2700040
7861,1993,2700050
5267,1993,2700060
13429,1993,2700070
5768,1993,2700080
7304,1993,2700090
22870,1993,2700100
8093,1993,2700110
12081,1993,2700120
19524,1993,2700130
38883,1993,2700140
10174,1993,2700150
18677,1993,2700160
18824,1993,2700170
5766,1993,2700180
7987,1993,2700190
9929,1993,2700200
16991,1993,2700210
4945,1993,2700220
52070,1993,2700230
18704,1993,2700235
43583,1993,2700240
10315,1993,2700250
16085,1993,2700255
19339,1993,2700260
3553,1993,2700270
11964,1993,2700280
28630,1993,2700290
16399,1993,2700300
26510,1993,2700310
19899,1993,2700320
15240,1993,2700330
4905,1993,2700340
7501,1993,2700350
7547,1993,2700360
4652,1993,2700370
25592,1993,2700380
15963,1993,2700390
22904,1993,2700400
16389,1993,2700410
19740,1993,2700420
668071,1993,2700430
17517,1993,2700440
3864,1993,2700490
16650,1993,2700450
11255,1993,2700460
25173,1993,2700470
14801,1993,2700480
26863,1993,2700500
21796,1993,2700510
11187,1993,2700520
7570,1993,2700530
6225,1993,2700540
29145,1993,2700550
14393,1993,2700560
15889,1993,2700570
6824,1993,2700580
4301,1993,2700590
10264,1993,2700600
9470,1993,2700610
3860,1993,2700620
67780,1993,2700630
22167,1993,2700640
8525,1993,2700642
7318,1993,2700644
14519,1993,2700650
6936,1993,2700660
55248,1993,2700670
17757,1993,2700680
30127,1993,2700690
3653,1993,2700700
15311,1993,2700710
11641,1993,2700720
22999,1993,2700730
9509,1993,2700740
18097,1993,2700750
11277,1993,2700760
55533,1993,2700770
7921,1993,2700780
6167,1993,2700790
36617,1993,2700800
11880,1993,2700810
6152,1993,2700820
22052,1993,2700830
27815,1993,2700840
32170,1993,2700850
52201,1993,2700860
4910,1993,2700870
25433,1993,2700880
9728,1993,2700890
9699,1993,2700895
7736,1993,2700900
17326,1993,2700910
31369,1993,2700915
23377,1993,2700920
58266,1993,2700930
23294,1993,2700940
1926,1993,2800010
16364,1993,2800020
420901,1993,2800030
10704,1993,2800040
11143,1993,2800050
13410,1993,2800060
23724,1993,2800067
6626,1993,2800070
13713,1993,2800100
3802,1993,2800110
12089,1993,2800120
25608,1993,2800130
15364,1993,2800140
7168,1993,2800150
5153,1993,2800160
11519,1993,2800170
3272,1993,2800190
2731,1993,2800200
58739,1993,2800210
4444,1993,2800220
10501,1993,2800230
10349,1993,2800240
2188,1993,2800250
5094,1993,2800260
7046,1993,2800270
12230,1993,2800280
66837,1993,2800290
31504,1993,2800300
4864,1993,2800310
20950,1993,2800320
13425,1993,2800330
11115,1993,2800340
74368,1993,2800350
20657,1993,2800360
5060,1993,2800370
2566,1993,2800380
10303,1993,2800390
15471,1993,2800400
9336,1993,2800410
9797,1993,2800420
6827,1993,2800430
16057,1993,2800440
8488,1993,2800445
23948,1993,2800450
19999,1993,2800460
4755,1993,2800470
73683,1993,2800480
11751,1993,2800490
2214,1993,2800500
7722,1993,2800510
4512,1993,2800520
5097,1993,2800530
20776,1993,2800540
18237,1993,2800550
23580,1993,2800560
25864,1993,2800570
16933,1993,2800580
7794,1993,2800590
14339,1993,2800600
5960,1993,2800610
17614,1993,2800620
10192,1993,2800630
3425,1993,2800650
6014,1993,2800640
11194,1993,2800660
51858,1993,2800670
8002,1993,2800680
2236,1993,2800690
3151,1993,2800700
33188,1993,2800710
6434,1993,2800720
2277,1993,2800730
38735,1993,2800740
11340,1993,2800750
15376,1993,2800760
8612,1993,2900010
11816,1993,2900020
13104,1993,2900030
14535,1993,2900035
14375,1993,2900040
6504,1993,2900060
120352,1993,2900070
16333,1993,2900080
10162,1993,2900090
28521,1993,2900100
23548,1993,2900110
16476,1993,2900115
42926,1993,2900120
14742,1993,2900130
18105,1993,2900135
16926,1993,2900140
7885,1993,2900150
18035,1993,2900160
11122,1993,2900170
14925,1993,2900180
16246,1993,2900190
8613,1993,2900195
9447,1993,2900205
15716,1993,2900200
48163,1993,2900210
7512,1993,2900220
13347,1993,2900225
7837,1993,2900230
15451,1993,2900240
14651,1993,2900250
21980,1993,2900260
11676,1993,2900265
40508,1993,2900270
18185,1993,2900280
25671,1993,2900290
14932,1993,2900300
9722,1993,2900310
98407,1993,2900320
12781,1993,2900323
21712,1993,2900340
14534,1993,2900350
15495,1993,2900360
13260,1993,2900370
17207,1993,2900380
51955,1993,2900390
10563,1993,2900395
14460,1993,2900400
11749,1993,2900405
19498,1993,2900410
10288,1993,2900420
13459,1993,2900430
11629,1993,2900440
14495,1993,2900450
59078,1993,2900460
21173,1993,2900470
12743,1993,2900475
9549,1993,2900480
15393,1993,2900485
28364,1993,2900490
18097,1993,2900500
18048,1993,2900510
11260,1993,2900515
41093,1993,2900520
14938,1993,2900530
16128,1993,2900540
16762,1993,2900550
36639,1993,2900560
121146,1993,2900570
33430,1993,2900580
26994,1993,2900590
64170,1993,2900600
9507,1993,2900610
21940,1993,2900620
34118,1993,2900630
10554,1993,2900640
70201,1993,2900650
12815,1993,2900660
24363,1993,2900670
31931,1993,2900680
14586,1993,2900682
18075,1993,2900685
20322,1993,2900687
16616,1993,2900689
19818,1993,2900690
6763,1993,2900700
27156,1993,2900710
48396,1993,2900720
26495,1993,2900730
3285,1993,2900740
44196,1993,2900750
9792,1993,2900755
14935,1993,2900760
9447,1993,2900770
27681,1993,2900780
13008,1993,2900790
31612,1993,2900800
16035,1993,2900810
16324,1993,2900820
18593,1993,2900830
54079,1993,2900840
23678,1993,2900850
16408,1993,2900860
18185,1993,2900870
4686,1993,2900880
22288,1993,2900890
11269,1993,2900900
13910,1993,2900910
18066,1993,2900920
28937,1993,2900930
12683,1993,2900940
4643,1993,2900950
17344,1993,2900960
13056,1993,2900970
47384,1993,2900980
25723,1993,2900990
13551,1993,2901000
33206,1993,2901005
9884,1993,2901010
3840,1993,2901020
7865,1993,2901030
22525,1993,2901040
28640,1993,2901050
11305,1993,2900050
23988,1993,2901060
53536,1993,2901070
74936,1993,2901072
18280,1993,2901075
6552,1993,2901077
425974,1993,2901080
17919,1993,2901085
5433,1993,2901090
13687,1993,2901100
15912,1993,2901110
27341,1993,2901120
7522,1993,2901125
11448,1993,2901130
13225,1993,2901140
9092,1993,2901150
10950,1993,2900330
18145,1993,2901160
8395,1993,2901165
69675,1993,2901170
25177,1993,2901180
11169,1993,2901185
26133,1993,2901190
12092,1993,2901200
30243,1993,2901210
9221,1993,2901220
15687,1993,2901230
18399,1993,2901240
13461,1993,2901250
5743,1993,2901260
27675,1993,2901270
8155,1993,2901280
23057,1993,2901290
17934,1993,2901300
17562,1993,2901310
24537,1993,2901320
9084,1993,2901330
14399,1993,2901340
13455,1993,2901345
22611,1993,2901350
239429,1993,2901360
26232,1993,2901370
16110,1993,2901380
46043,1993,2901390
63778,1993,2901400
8299,1993,2901410
6251,1993,2901420
18136,1993,2901430
17580,1993,2901440
24251,1993,2901450
54077,1993,2901460
20510,1993,2901465
55530,1993,2901470
192255,1993,2901480
19435,1993,2901490
14036,1993,2901500
14791,1993,2901510
20235,1993,2901520
7913,1993,2901530
18285,1993,2901535
9614,1993,2901540
24673,1993,2901550
64475,1993,2901560
8971,1993,2901570
23513,1993,2901580
5736,1993,2901590
22848,1993,2901600
15957,1993,2901610
16581,1993,2901620
11114,1993,2901630
54420,1993,2901640
25678,1993,2901650
10509,1993,2901660
7063,1993,2901670
17264,1993,2901680
10370,1993,2901685
13026,1993,2901690
35010,1993,2901700
20177,1993,2901710
16638,1993,2901720
20882,1993,2901730
11456,1993,2901733
11730,1993,2901735
13686,1993,2901740
79064,1993,2901750
40682,1993,2901760
33079,1993,2901770
14283,1993,2901780
8496,1993,2901790
149512,1993,2901800
40842,1993,2901810
12140,1993,2901820
21534,1993,2901830
19859,1993,2901835
134606,1993,2901840
16268,1993,2901845
14230,1993,2901850
8332,1993,2901855
10391,1993,2901860
5206,1993,2901870
11635,1993,2901875
18612,1993,2901880
3756,1993,2901890
6124,1993,2901900
6689,1993,2901905
10437,1993,2901910
21619,1993,2901915
73582,1993,2901920
8014,1993,2901930
14318,1993,2901940
35488,1993,2901950
10645,1993,2901960
13802,1993,2901970
35168,1993,2901980
6660,1993,2901990
9328,1993,2901992
10989,1993,2901995
7957,1993,2902000
20432,1993,2902010
15458,1993,2902020
7394,1993,2902030
17072,1993,2902040
10629,1993,2902045
28057,1993,2902050
38409,1993,2902060
18086,1993,2902070
14479,1993,2902080
20501,1993,2902090
30219,1993,2902100
9141,1993,2902105
22685,1993,2902110
25706,1993,2902120
9329,1993,2902130
14890,1993,2902140
8056,1993,2902145
52986,1993,2902150
7436,1993,2902160
32327,1993,2902170
13320,1993,2902180
10920,1993,2902190
17888,1993,2902200
14564,1993,2902205
32775,1993,2902210
6301,1993,2902220
8726,1993,2902225
24967,1993,2902230
21182,1993,2902240
26412,1993,2902250
13026,1993,2902260
9622,1993,2902265
13860,1993,2902270
11038,1993,2902273
11098,1993,2902275
6528,1993,2902280
10481,1993,2902285
25109,1993,2902290
27162,1993,2902300
10345,1993,2902303
11435,1993,2902305
22186,1993,2902310
21443,1993,2902320
7154,1993,2902330
12627,1993,2902335
21168,1993,2902340
7255,1993,2902350
20055,1993,2902360
24986,1993,2902370
25757,1993,2902380
15916,1993,2902390
89501,1993,2902400
17976,1993,2902405
6702,1993,2902410
15687,1993,2902420
18601,1993,2902430
32513,1993,2902440
17134,1993,2902450
25544,1993,2902460
10236,1993,2902465
14583,1993,2902467
10451,1993,2902470
25681,1993,2902480
10495,1993,2902490
23903,1993,2902500
39093,1993,2902510
23709,1993,2902520
18106,1993,2902525
36819,1993,2902530
10220,1993,2902540
23864,1993,2902550
14058,1993,2902560
14577,1993,2902570
19544,1993,2902575
23943,1993,2902580
24755,1993,2902590
14761,1993,2902593
22634,1993,2902595
35525,1993,2902600
11484,1993,2902610
20607,1993,2902620
39951,1993,2902630
27740,1993,2902640
14169,1993,2902650
43923,1993,2902660
11103,1993,2902665
14114,1993,2902670
13539,1993,2902680
12298,1993,2902690
29512,1993,2902700
4228,1993,2902710
29741,1993,2902720
9031,1993,2902730
2174072,1993,2902740
17036,1993,2902750
14086,1993,2902760
6429,1993,2902770
6545,1993,2902780
10379,1993,2902790
16364,1993,2902805
42910,1993,2902810
24024,1993,2902840
8716,1993,2902850
31653,1993,2902800
25104,1993,2902820
9178,1993,2902830
55116,1993,2902860
68335,1993,2902870
38238,1993,2902880
19617,1993,2902890
10859,1993,2902895
20429,1993,2902910
11961,1993,2902900
12298,1993,2902905
20562,1993,2902920
18858,1993,2902925
24717,1993,2902930
9266,1993,2902935
14944,1993,2902937
9160,1993,2902940
37475,1993,2902950
15678,1993,2902960
13902,1993,2902970
8143,1993,2902975
12071,1993,2902980
40216,1993,2902990
9606,1993,2903000
88614,1993,2903010
28093,1993,2903020
34267,1993,2903015
17753,1993,2903030
17369,1993,2903040
78542,1993,2903050
11597,1993,2903060
77041,1993,2903070
8558,1993,2903075
12436,1993,2903076
20864,1993,2903077
19356,1993,2903080
11465,1993,2903090
18928,1993,2903100
13419,1993,2903105
10442,1993,2903110
17974,1993,2903120
14511,1993,2903130
90872,1993,2903135
9445,1993,2903140
22745,1993,2903150
13178,1993,2903160
12016,1993,2903170
22250,1993,2903180
48169,1993,2903190
25153,1993,2903200
21142,1993,2903210
21773,1993,2903220
26357,1993,2903230
14052,1993,2903240
12231,1993,2903245
24137,1993,2903250
16485,1993,2903260
32678,1993,2903270
17976,1993,2903280
69158,1993,2903290
18115,1993,2903300
13492,1993,2903305
9476,1993,2903310
17722,1993,2903315
9154,1993,2903317
23341,1993,2903320
8769,1993,2903325
234344,1993,2903330
8279,1993,2903340
14074,1993,2903345
17304,1993,2903350
41716,1993,2903360
6354,1993,3100010
21080,1993,3100020
19060,1993,3100030
3651,1993,3100040
24484,1993,3100050
15474,1993,3100060
1761,1993,3100070
3215,1993,3100080
22091,1993,3100090
19949,1993,3100100
26052,1993,3100110
6475,1993,3100120
2685,1993,3100130
2572,1993,3100140
31516,1993,3100150
54798,1993,3100160
4851,1993,3100163
34328,1993,3100170
6878,1993,3100180
20295,1993,3100190
11835,1993,3100200
7574,1993,3105350
13895,1993,3100210
5987,1993,3100220
15413,1993,3100230
3883,1993,3100240
6268,1993,3100250
29507,1993,3100260
12263,1993,3100280
9869,1993,3100290
9589,1993,3100300
2268,1993,3100310
2012,1993,3100320
2338,1993,3100330
34465,1993,3100340
93007,1993,3100350
2570,1993,3100360
8162,1993,3100370
4394,1993,3100375
3032,1993,3100380
5708,1993,3100390
72695,1993,3100400
7301,1993,3100410
28510,1993,3100420
11233,1993,3100430
3011,1993,3100440
17784,1993,3100450
11628,1993,3100460
17627,1993,3100470
5604,1993,3100480
16958,1993,3100490
8540,1993,3100500
20681,1993,3100510
5689,1993,3100520
4242,1993,3100530
21099,1993,3100540
6080,1993,3100550
101842,1993,3100560
8954,1993,3100570
17668,1993,3100590
9414,1993,3100600
3997,1993,3100610
2060804,1993,3100620
17361,1993,3100630
7020,1993,3100640
17838,1993,3100650
10634,1993,3100660
185671,1993,3100670
4749,1993,3100680
11452,1993,3100690
2976,1993,3100700
34330,1993,3100710
4839,1993,3100720
47934,1993,3100730
36737,1993,3100740
6103,1993,3100750
2938,1993,3100760
5043,1993,3100770
17611,1993,3100780
9243,1993,3100790
16568,1993,3100800
7225,1993,3100810
14193,1993,3100820
15702,1993,3100830
14330,1993,3100840
7271,1993,3100850
5712,1993,3100870
45829,1993,3100860
13454,1993,3100890
6376,1993,3100880
19673,1993,3100900
10850,1993,3100910
9910,1993,3100920
19150,1993,3100930
25452,1993,3100940
12294,1993,3100950
3783,1993,3100960
9499,1993,3100970
8825,1993,3100270
2278,1993,3100980
7674,1993,3100990
33879,1993,3101000
4751,1993,3101010
3625,1993,3101020
12140,1993,3101030
3880,1993,3101040
17578,1993,3101050
18938,1993,3101060
11726,1993,3101070
3119,1993,3101080
12492,1993,3101090
17541,1993,3101100
19785,1993,3101110
46300,1993,3101120
11301,1993,3101130
4402,1993,3101140
11177,1993,3101150
24398,1993,3101160
5707,1993,3101190
5443,1993,3101170
16605,1993,3101180
13688,1993,3101200
8213,1993,3101210
5031,1993,3101220
31546,1993,3101230
7436,1993,3101240
6576,1993,3101250
15345,1993,3101260
4407,1993,3101265
12182,1993,3101270
7073,1993,3101280
7972,1993,3101290
22645,1993,3101300
3371,1993,3101310
19583,1993,3101320
32257,1993,3101330
87922,1993,3101340
8171,1993,3101350
5539,1993,3101360
22945,1993,3101370
2184,1993,3101380
10674,1993,3101390
10425,1993,3101400
11505,1993,3101410
14688,1993,3101420
27875,1993,3101430
18142,1993,3101440
14159,1993,3101450
9661,1993,3101455
4553,1993,3101460
2620,1993,3101470
4580,1993,3101480
2039,1993,3101490
2675,1993,3101500
15522,1993,3101510
60453,1993,3101530
3438,1993,3101540
7081,1993,3101545
19859,1993,3101550
1366,1993,3101560
6306,1993,3101570
14313,1993,3101580
3275,1993,3101590
5561,1993,3101600
15882,1993,3101610
2825,1993,3101620
6222,1993,3101630
3321,1993,3101640
8286,1993,3101650
18830,1993,3101660
5579,1993,3101670
10538,1993,3101680
2887,1993,3101690
10434,1993,3101700
9331,1993,3101710
3966,1993,3101520
14136,1993,3101730
2536,1993,3101720
5053,1993,3101740
18446,1993,3101750
3967,1993,3101760
10533,1993,3101770
7839,1993,3101780
7353,1993,3101790
36032,1993,3101800
4558,1993,3101810
7028,1993,3101820
92605,1993,3101830
30120,1993,3101840
1738,1993,3101850
478317,1993,3101860
9388,1993,3101870
33305,1993,3101880
8500,1993,3101890
3083,1993,3101900
25228,1993,3101910
10863,1993,3101920
25948,1993,3101930
89091,1993,3101940
9365,1993,3101950
3243,1993,3101960
2911,1993,3101970
4255,1993,3101980
3997,1993,3101990
7876,1993,3102000
4151,1993,3102010
9009,1993,3102020
5032,1993,3102030
4237,1993,3102040
10186,1993,3102050
4606,1993,3102060
3121,1993,3102070
11895,1993,3102080
60130,1993,3102090
4874,1993,3102100
8007,1993,3102110
6737,1993,3102120
4106,1993,3102130
6680,1993,3102140
3434,1993,3102150
46063,1993,3102160
4053,1993,3102170
10209,1993,3102180
2931,1993,3102190
21871,1993,3102200
5169,1993,3102210
6002,1993,3102220
157260,1993,3102230
5097,1993,3102240
5980,1993,3102245
6148,1993,3102250
4854,1993,3102260
10086,1993,3102270
2920,1993,3102280
4980,1993,3102290
7390,1993,3102300
5435,1993,3102310
13627,1993,3102320
5072,1993,3102330
1215,1993,3102340
1542,1993,3102350
5884,1993,3102352
19739,1993,3102360
8866,1993,3102370
7843,1993,3102380
4934,1993,3102385
12026,1993,3102390
15845,1993,3102400
25266,1993,3102410
20321,1993,3102420
31185,1993,3102430
4115,1993,3102440
9500,1993,3102450
2610,1993,3102460
3879,1993,3102470
7212,1993,3102480
10011,1993,3102490
3343,1993,3102500
14864,1993,3102510
2152,1993,3102520
3023,1993,3102530
6014,1993,3102540
6113,1993,3102560
12152,1993,3102570
3192,1993,3102580
14091,1993,3102590
9391,1993,3102595
5083,1993,3102600
64214,1993,3102610
7462,1993,3102620
3790,1993,3102630
2364,1993,3102640
17502,1993,3102650
3686,1993,3102660
25124,1993,3102670
6858,1993,3102680
7091,1993,3102690
8050,1993,3102700
4994,1993,3102705
43073,1993,3102710
2661,1993,3102720
10617,1993,3102730
3777,1993,3102740
6278,1993,3102750
11898,1993,3102760
236369,1993,3102770
19986,1993,3102780
1232,1993,3102790
25648,1993,3102800
11921,1993,3102810
10513,1993,3102820
16876,1993,3102830
8093,1993,3102840
3946,1993,3102850
6030,1993,3102860
41188,1993,3102870
7156,1993,3102880
5773,1993,3102890
10270,1993,3102900
7477,1993,3102910
5354,1993,3102920
14022,1993,3102930
4882,1993,3102940
18663,1993,3102950
7357,1993,3102960
8572,1993,3102970
96365,1993,3102980
2706,1993,3102990
2565,1993,3103000
9735,1993,3103005
28491,1993,3103010
6205,1993,3103020
8668,1993,3103030
4628,1993,3103040
9121,1993,3103050
6337,1993,3103060
5039,1993,3103070
2336,1993,3103080
33963,1993,3103090
4940,1993,3103100
6145,1993,3103110
12057,1993,3103115
18324,1993,3103120
185122,1993,3103130
4015,1993,3103140
7896,1993,3103150
4631,1993,3103160
89015,1993,3103170
10019,1993,3103180
33369,1993,3103190
6662,1993,3103200
22642,1993,3103210
10873,1993,3103220
8694,1993,3103230
78001,1993,3103240
33120,1993,3103250
3499,1993,3103260
20884,1993,3103270
2684,1993,3103280
9317,1993,3103290
10413,1993,3103300
11486,1993,3103310
12234,1993,3103320
20743,1993,3103330
11174,1993,3103340
22473,1993,3103350
5632,1993,3103360
7635,1993,3103370
11160,1993,3103375
69039,1993,3103380
6378,1993,3103390
22280,1993,3103400
6315,1993,3103410
86175,1993,3103420
6351,1993,3103430
28383,1993,3103440
4380,1993,3103450
12957,1993,3103460
12240,1993,3103470
6655,1993,3103480
18233,1993,3103490
2840,1993,3103500
18446,1993,3103505
4626,1993,3103507
55219,1993,3103510
82331,1993,3103520
3372,1993,3103530
7085,1993,3103540
14843,1993,3103550
9523,1993,3103560
5078,1993,3103570
22671,1993,3103580
4369,1993,3103590
18250,1993,3103600
6793,1993,3103610
61703,1993,3103620
50900,1993,3103630
4326,1993,3103640
9704,1993,3103650
9833,1993,3103665
399327,1993,3103670
6253,1993,3103680
6819,1993,3103690
16698,1993,3103700
7957,1993,3103710
32043,1993,3103720
4143,1993,3103730
10310,1993,3103740
15651,1993,3103750
5959,1993,3103753
31012,1993,3103760
17557,1993,3103770
16375,1993,3103780
3592,1993,3103790
5821,1993,3103800
6678,1993,3103810
68517,1993,3103820
2944,1993,3103830
47319,1993,3103840
5916,1993,3103850
14726,1993,3103860
6984,1993,3103862
6237,1993,3103865
5082,1993,3103870
16743,1993,3103880
6998,1993,3103890
31289,1993,3103900
3868,1993,3103910
34637,1993,3103920
7119,1993,3103925
29905,1993,3103930
71085,1993,3103940
21546,1993,3103950
33565,1993,3103960
10083,1993,3103980
5507,1993,3103970
14153,1993,3103990
39700,1993,3104000
4442,1993,3104010
2300,1993,3104020
3448,1993,3104030
2960,1993,3104040
12312,1993,3104050
5966,1993,3104055
4526,1993,3104060
18276,1993,3104070
3785,1993,3107150
11162,1993,3104080
11494,1993,3104085
14903,1993,3104090
20734,1993,3104100
24546,1993,3104110
3661,1993,3104120
2775,1993,3104130
21440,1993,3104140
10819,1993,3104150
10048,1993,3104160
7160,1993,3104170
34970,1993,3104180
3774,1993,3104190
17213,1993,3104200
10421,1993,3104210
14785,1993,3104220
3875,1993,3104230
5608,1993,3104240
2865,1993,3104250
7309,1993,3104260
16243,1993,3104270
18633,1993,3104280
30970,1993,3104290
14037,1993,3104300
36087,1993,3104310
19392,1993,3104320
17994,1993,3104340
262422,1993,3104330
6611,1993,3104345
6783,1993,3104350
3160,1993,3104360
3773,1993,3104370
5859,1993,3104380
87953,1993,3104390
27181,1993,3104400
18225,1993,3104410
3899,1993,3104420
43316,1993,3104430
4385,1993,3104440
7050,1993,3104450
24524,1993,3104460
18306,1993,3104470
54486,1993,3104480
4305,1993,3104490
10537,1993,3104500
12194,1993,3104510
18626,1993,3104520
5043,1993,3103660
30658,1993,3104530
2296,1993,3104540
1791,1993,3104550
32831,1993,3104560
2195,1993,3104570
3074,1993,3104580
28515,1993,3104590
31811,1993,3104600
65003,1993,3104610
7754,1993,3104620
17655,1993,3104630
5124,1993,3104640
8042,1993,3104650
1379,1993,3104660
6904,1993,3104670
7159,1993,3104675
10508,1993,3104690
63630,1993,3104710
65274,1993,3104700
16810,1993,3104720
14699,1993,3104730
17669,1993,3104740
13662,1993,3104760
8200,1993,3104770
2351,1993,3104780
1639,1993,3104750
87992,1993,3104790
105804,1993,3104800
63172,1993,3104810
4474,1993,3104820
8344,1993,3104830
5798,1993,3104840
15549,1993,3104850
20608,1993,3104860
22485,1993,3104870
4183,1993,3104880
3883,1993,3104890
1685,1993,3104900
11207,1993,3104910
8303,1993,3104915
4544,1993,3104920
43250,1993,3104930
1602,1993,3104940
2731,1993,3104950
3242,1993,3104960
4571,1993,3104970
10938,1993,3104980
16609,1993,3104990
4373,1993,3105000
2944,1993,3105010
4261,1993,3105020
4928,1993,3105030
4299,1993,3105040
6979,1993,3105050
5931,1993,3105060
3129,1993,3105070
16427,1993,3105080
4568,1993,3105090
6489,1993,3105100
9337,1993,3105110
48197,1993,3105120
8971,1993,3105130
20976,1993,3105140
25931,1993,3105150
7153,1993,3105160
14079,1993,3105170
114056,1993,3105180
10990,1993,3105190
21160,1993,3105200
57749,1993,3105210
56052,1993,3105220
9494,1993,3105230
14401,1993,3105240
85095,1993,3105250
5993,1993,3105260
7414,1993,3105270
25619,1993,3105280
9450,1993,3105290
2517,1993,3105300
6283,1993,3105310
4181,1993,3105320
3034,1993,3105330
16846,1993,3105340
7068,1993,3105360
2876,1993,3105370
1683,1993,3105380
14790,1993,3105390
29063,1993,3105400
10550,1993,3105410
9890,1993,3105420
17242,1993,3105430
4584,1993,3105440
7537,1993,3105445
10394,1993,3105450
156865,1993,3105460
3634,1993,3105470
7324,1993,3105480
15327,1993,3105490
6207,1993,3105510
2561,1993,3105500
7302,1993,3105520
4486,1993,3105530
11391,1993,3105540
9276,1993,3105550
43118,1993,3105560
13935,1993,3105570
14971,1993,3105580
7116,1993,3105590
15954,1993,3105600
5736,1993,3105610
1555,1993,3105620
3814,1993,3105630
3510,1993,3105640
9819,1993,3105650
10570,1993,3105660
93313,1993,3105670
16358,1993,3105680
20791,1993,3105690
51116,1993,3105700
7622,1993,3105710
26964,1993,3105720
6282,1993,3105725
5274,1993,3105730
6289,1993,3105740
5080,1993,3105750
4740,1993,3105760
8106,1993,3105770
151064,1993,3105780
13047,1993,3105790
10630,1993,3105800
5411,1993,3105810
18037,1993,3105820
9312,1993,3105920
3959,1993,3105940
5013,1993,3105930
6791,1993,3105935
5965,1993,3105950
27365,1993,3105960
2883,1993,3105970
16273,1993,3105980
6974,1993,3105830
3592,1993,3105840
9040,1993,3105850
3436,1993,3105860
1765,1993,3105870
3857,1993,3105880
9508,1993,3105890
13598,1993,3105895
3423,1993,3105900
4037,1993,3105910
14013,1993,3105990
3400,1993,3106000
4489,1993,3106010
4332,1993,3106020
11867,1993,3106030
18695,1993,3106040
2047,1993,3106050
3726,1993,3106060
45814,1993,3106070
2645,1993,3106080
3253,1993,3106090
18840,1993,3106100
52464,1993,3106110
6267,1993,3106120
5033,1993,3106130
6484,1993,3106140
7906,1993,3106150
5158,1993,3106160
9563,1993,3106170
7817,1993,3106180
8145,1993,3106190
3013,1993,3102550
19981,1993,3106200
20069,1993,3106210
5452,1993,3106220
2629,1993,3106230
26144,1993,3106240
74121,1993,3106250
7171,1993,3106255
4009,1993,3106257
7992,1993,3106260
30071,1993,3106270
15464,1993,3106280
22285,1993,3106290
7150,1993,3106295
3605,1993,3106300
2783,1993,3106310
3378,1993,3106320
4135,1993,3106330
6039,1993,3106340
10771,1993,3106350
2166,1993,3106360
31059,1993,3106370
6433,1993,3106380
5102,1993,3106390
9340,1993,3106410
10081,1993,3106400
7585,1993,3106420
6305,1993,3106430
4000,1993,3106440
12895,1993,3106450
5087,1993,3106460
51006,1993,3106470
2061,1993,3106480
1834,1993,3106490
5806,1993,3106520
9825,1993,3106500
6797,1993,3106510
5391,1993,3106530
4348,1993,3106540
4343,1993,3106550
4252,1993,3106557
1857,1993,3106560
6108,1993,3106570
1961,1993,3106580
5196,1993,3106590
5119,1993,3106600
3606,1993,3106610
9909,1993,3106620
6615,1993,3106630
1733,1993,3106640
3896,1993,3106650
830,1993,3106660
8276,1993,3106680
10617,1993,3106670
7230,1993,3106690
1983,1993,3106700
19706,1993,3106710
151385,1993,3106720
2042,1993,3106730
5859,1993,3106740
2427,1993,3106750
16611,1993,3106760
6692,1993,3106770
4958,1993,3106780
4248,1993,3106790
27735,1993,3106800
3025,1993,3106810
2182,1993,3106820
3374,1993,3106830
17791,1993,3106840
10214,1993,3106850
142873,1993,3106860
59399,1993,3106870
10630,1993,3106880
8485,1993,3106890
12802,1993,3106900
4751,1993,3106910
9824,1993,3106920
59316,1993,3106930
22251,1993,3106935
47657,1993,3106940
5297,1993,3106950
22272,1993,3106960
19776,1993,3106970
3680,1993,3106980
69159,1993,3106990
14243,1993,3107000
10359,1993,3107005
213968,1993,3107010
388483,1993,3107020
2961,1993,3107030
69977,1993,3107040
10712,1993,3107050
13168,1993,3107052
2257,1993,3107060
91527,1993,3107070
30699,1993,3107080
27593,1993,3107090
19548,1993,3107100
2978,1993,3107110
49903,1993,3107120
53715,1993,3107130
3698,1993,3107140
14006,1993,3107160
8590,1993,3107170
12554,1993,3107180
6677,1993,3107190
28988,1993,3107200
4414,1993,3107210
2480,1993,3107220
40296,1993,3200010
12556,1993,3200016
9722,1993,3200013
31146,1993,3200020
12983,1993,3200030
7521,1993,3200035
15763,1993,3200040
7098,1993,3200050
55488,1993,3200060
6764,1993,3200070
27321,1993,3200080
35480,1993,3200090
12889,1993,3200100
8203,1993,3200110
148572,1993,3200120
289047,1993,3200130
30297,1993,3200140
101034,1993,3200150
23519,1993,3200160
10813,1993,3200170
4213,1993,3200180
27594,1993,3200190
5591,1993,3200200
23729,1993,3200210
10345,1993,3200220
22400,1993,3200230
65315,1993,3200240
16421,1993,3200245
9544,1993,3200250
7768,1993,3200255
10479,1993,3200260
9762,1993,3200265
13415,1993,3200270
47085,1993,3200280
10670,1993,3200290
23520,1993,3200300
17996,1993,3200305
9029,1993,3200310
13830,1993,3200313
10782,1993,3200316
121981,1993,3200320
14011,1993,3200330
10078,1993,3200334
8914,1993,3200335
24172,1993,3200340
18232,1993,3200350
11201,1993,3200360
20357,1993,3200370
13807,1993,3200380
39800,1993,3200390
20400,1993,3200400
22533,1993,3200405
21519,1993,3200410
10013,1993,3200420
9339,1993,3200430
14984,1993,3200435
10151,1993,3200440
11418,1993,3200450
24559,1993,3200455
30055,1993,3200460
6538,1993,3200465
29930,1993,3200470
10349,1993,3200480
78209,1993,3200490
245870,1993,3200500
13430,1993,3200503
12643,1993,3200506
46422,1993,3200510
8175,1993,3200515
276149,1993,3200520
267448,1993,3200530
90132,1993,3300010
6469,1993,3300015
60664,1993,3300020
8438,1993,3300022
20655,1993,3300025
80565,1993,3300030
166269,1993,3300040
370279,1993,3300045
20913,1993,3300050
30087,1993,3300060
89441,1993,3300070
40901,1993,3300080
21007,1993,3300090
385068,1993,3300100
19754,1993,3300110
13101,1993,3300115
14924,1993,3300120
16413,1993,3300130
7273,1993,3300095
17637,1993,3300140
21606,1993,3300150
10157,1993,3300160
683451,1993,3300170
11952,1993,3300180
28701,1993,3300185
170931,1993,3300190
116951,1993,3300200
12819,1993,3300205
23238,1993,3300210
80168,1993,3300220
16711,1993,3300225
67530,1993,3300227
7397,1993,3300230
106784,1993,3300240
167302,1993,3300250
18637,1993,3300260
49026,1993,3300270
16826,1993,3300280
20218,1993,3300290
25717,1993,3300300
14834,1993,3300310
159197,1993,3300320
442786,1993,3300330
174507,1993,3300340
792917,1993,3300350
37335,1993,3300360
34768,1993,3300370
24525,1993,3300380
21933,1993,3300385
259879,1993,3300390
34624,1993,3300400
14791,1993,3300410
8916,1993,3300412
101447,1993,3300414
10632,1993,3300415
94307,1993,3300420
45940,1993,3300430
13724,1993,3300440
6393,1993,3300450
19145,1993,3300452
5547033,1993,3300455
10752,1993,3300460
34118,1993,3300470
34514,1993,3300480
807774,1993,3300490
60588,1993,3300500
430350,1993,3300510
15976,1993,3300515
53164,1993,3300520
8035,1993,3300530
15495,1993,3300540
39805,1993,3300550
18390,1993,3300560
13182,1993,3300570
124447,1993,3300580
10686,1993,3300590
67795,1993,3300600
61854,1993,3300610
7221,1993,3300615
28854,1993,3300620
226534,1993,3300630
32099,1993,3500010
3198,1993,3500020
24705,1993,3500030
6798,1993,3500040
12374,1993,3500050
4024,1993,3500055
1791,1993,3500060
32797,1993,3500070
3411,1993,3500075
3414,1993,3500080
3419,1993,3500090
13841,1993,3500100
4679,1993,3500110
14614,1993,3500115
4967,1993,3500120
19509,1993,3500130
3062,1993,3500140
2484,1993,3500150
159248,1993,3500160
21220,1993,3500170
5498,1993,3500180
52544,1993,3500190
3123,1993,3500200
53406,1993,3500210
17807,1993,3500220
3584,1993,3500230
3169,1993,3500240
33879,1993,3500250
5016,1993,3500260
27454,1993,3500270
7162,1993,3500275
157467,1993,3500280
15379,1993,3500290
4202,1993,3500300
5937,1993,3500310
2327,1993,3500315
169864,1993,3500320
92914,1993,3500330
6909,1993,3500340
3210,1993,3500350
10554,1993,3500360
5938,1993,3500370
20502,1993,3500380
39969,1993,3500390
1914,1993,3500395
78425,1993,3500400
91721,1993,3500410
12951,1993,3500420
4539,1993,3500430
8239,1993,3500440
63203,1993,3500450
6039,1993,3500460
1237,1993,3500470
6997,1993,3500480
9207,1993,3500490
2959,1993,3500500
5291,1993,3500510
25386,1993,3500520
32765,1993,3500530
5086,1993,3500535
7525,1993,3500540
98696,1993,3500550
19936,1993,3500560
140221,1993,3500570
19768,1993,3500580
45623,1993,3500590
273759,1993,3500600
71990,1993,3500610
2429,1993,3500620
10208,1993,3500630
11526,1993,3500635
5547,1993,3500640
79811,1993,3500650
18857,1993,3500660
12549,1993,3500670
7369,1993,3500680
5855,1993,3500690
24469,1993,3500700
10409,1993,3500710
2371,1993,3500715
734,1993,3500720
3382,1993,3500730
12285,1993,3500740
1451,1993,3500745
96422,1993,3500750
103761,1993,3500760
4168,1993,3500770
14259,1993,3500780
14894,1993,3500790
14814,1993,3500800
12952,1993,3500810
3711,1993,3500820
3914,1993,3500830
19895,1993,3500840
68330,1993,3500850
23550,1993,3500860
17535,1993,3500870
14910,1993,3500880
3905,1993,3500890
41506,1993,3500900
3386,1993,3500910
35840,1993,3500920
25120,1993,3500925
9260,1993,3500930
20937,1993,3500940
4041,1993,3500945
878690,1993,3500950
48218,1993,3500960
39451,1993,3500970
4069,1993,3500980
10056,1993,3500990
26325,1993,3501000
2359,1993,3501010
2474,1993,3501015
47326,1993,3501020
11378,1993,3501030
36355,1993,3501040
56176,1993,3501050
300283,1993,3501060
12309,1993,3501070
25789,1993,3501080
2755,1993,3501090
15107,1993,3501100
93903,1993,3501110
6360,1993,3501120
5610,1993,3501130
13291,1993,3501140
21200,1993,3501150
11794,1993,3501160
11094,1993,3501170
11892,1993,3505720
4948,1993,3501190
16823,1993,3501200
5579,1993,3501210
20379,1993,3501220
12063,1993,3501230
14104,1993,3501240
6104,1993,3501250
5656,1993,3501260
3198,1993,3501270
38253,1993,3501280
7702,1993,3501290
116674,1993,3501300
23331,1993,3501310
5739,1993,3501320
2712,1993,3501330
71004,1993,3501340
92870,1993,3501350
23804,1993,3501360
26636,1993,3501370
318305,1993,3501380
1859,1993,3501385
11983,1993,3501390
7310,1993,3501400
19481,1993,3501410
2047,1993,3501420
8002,1993,3501430
40448,1993,3501440
11627,1993,3501450
5260,1993,3501460
6418,1993,3501470
13311,1993,3501480
12300,1993,3501490
2624,1993,3501492
2535,1993,3501495
166215,1993,3501500
38540,1993,3501510
2945,1993,3501512
6906,1993,3501515
37885,1993,3501518
3032,1993,3501519
7031,1993,3505730
8354,1993,3501520
2714,1993,3501530
10161,1993,3501535
14542,1993,3501540
5257,1993,3501560
58075,1993,3501550
102164,1993,3501570
2326,1993,3501580
3467,1993,3501590
12226,1993,3501600
3052,1993,3501610
247385,1993,3501620
89117,1993,3501630
90870,1993,3501640
2416,1993,3501650
10325,1993,3501660
42281,1993,3501670
3842,1993,3501680
11478,1993,3501690
9955,1993,3501700
4138,1993,3501710
6579,1993,3501720
5054,1993,3501730
32140,1993,3501740
11260,1993,3501750
18547,1993,3501760
16920,1993,3501770
8158,1993,3501780
8074,1993,3501790
6668,1993,3501800
5447,1993,3501810
27607,1993,3501820
18574,1993,3501830
94964,1993,3501840
8753,1993,3501850
30714,1993,3501860
220244,1993,3501870
831210,1993,3501880
6070,1993,3501885
5132,1993,3501890
6921,1993,3501900
5758,1993,3501905
93897,1993,3501907
7687,1993,3501910
6923,1993,3501920
2227,1993,3501925
19909,1993,3501930
8851,1993,3501940
5611,1993,3501950
39558,1993,3501960
52255,1993,3501970
6197,1993,3501980
10172,1993,3501990
22068,1993,3502000
22649,1993,3502010
6646,1993,3502020
26475,1993,3502030
2850,1993,3502042
22125,1993,3502044
14316,1993,3502040
108544,1993,3502050
4684,1993,3502060
4659,1993,3502070
3279,1993,3502080
11572,1993,3502090
11171,1993,3502100
2848,1993,3502110
4510,1993,3502120
10520,1993,3502130
12427,1993,3502140
5992,1993,3502150
8121,1993,3502160
18160,1993,3502170
18430,1993,3502180
13372,1993,3502190
2306,1993,3502200
48948,1993,3502210
3855,1993,3502215
90983,1993,3502220
105246,1993,3502230
76094,1993,3502240
117241,1993,3502250
58533,1993,3502260
3207,1993,3502265
34190,1993,3502270
14084,1993,3502280
9353,1993,3502290
3882,1993,3502300
180568,1993,3502310
42636,1993,3502320
12004,1993,3502330
65490,1993,3502340
14560,1993,3502350
10514,1993,3502360
5055,1993,3502370
7010,1993,3502380
112939,1993,3502390
19184,1993,3502400
34138,1993,3502410
6436,1993,3502420
61167,1993,3502430
172047,1993,3502440
3164,1993,3502450
15331,1993,3502460
23995,1993,3502470
44284,1993,3502480
3329,1993,3502490
66608,1993,3502500
24946,1993,3502510
11503,1993,3502520
97354,1993,3502530
3360,1993,3502540
8316,1993,3502550
3097,1993,3502560
24096,1993,3502570
3756,1993,3502580
294444,1993,3502590
17306,1993,3502600
17201,1993,3502610
21116,1993,3502620
4697,1993,3502630
19797,1993,3502640
5348,1993,3502650
4833,1993,3502660
72470,1993,3502670
46386,1993,3502680
217489,1993,3502690
4258,1993,3502700
59721,1993,3502710
75662,1993,3502720
1628,1993,3502725
17193,1993,3502730
19567,1993,3502740
2301,1993,3502750
6169,1993,3502760
4212,1993,3502770
4136,1993,3502780
2580,1993,3502790
13928,1993,3502800
7497,1993,3502810
3866,1993,3502820
3728,1993,3502830
31286,1993,3502840
42428,1993,3502850
7687,1993,3502860
3415,1993,3502870
12893,1993,3502880
1861,1993,3502885
4254,1993,3502890
167838,1993,3502900
2092,1993,3502910
19716,1993,3502920
67581,1993,3502930
310161,1993,3502940
3422,1993,3502950
3792,1993,3502960
1976,1993,3502965
18001,1993,3502970
10000,1993,3502980
2703,1993,3503000
19246,1993,3502990
24898,1993,3503010
14834,1993,3503020
41737,1993,3503030
3060,1993,3503040
60382,1993,3503050
106183,1993,3503070
285955,1993,3503060
66981,1993,3503080
2538,1993,3503090
2060,1993,3503100
20119,1993,3503110
5525,1993,3503120
41109,1993,3503130
17759,1993,3503140
18715,1993,3503150
4611,1993,3503160
27153,1993,3503180
3495,1993,3503170
21978,1993,3503190
8484,1993,3503200
3428,1993,3503205
3696,1993,3503210
3067,1993,3503220
6352,1993,3503230
12341,1993,3503240
8445,1993,3503250
10368,1993,3503260
2833,1993,3503270
4099,1993,3503280
5397,1993,3503282
2696,1993,3503284
5561,1993,3503290
15403,1993,3503300
2085,1993,3503310
2021,1993,3503320
2793,1993,3503330
36188,1993,3503340
3134,1993,3503325
31025,1993,3503350
5881,1993,3503360
4213,1993,3503370
2738,1993,3503380
45583,1993,3503390
2986,1993,3503400
6911,1993,3503410
3215,1993,3503420
32396,1993,3503430
584140,1993,3503440
2475,1993,3503450
29468,1993,3503460
79148,1993,3503470
7330,1993,3503480
12084,1993,3503490
8863,1993,3503500
7733,1993,3503510
10701,1993,3503520
18955,1993,3503530
13052,1993,3503540
35951,1993,3503550
15108,1993,3503560
4894,1993,3503570
12982,1993,3503580
3706,1993,3503590
11158,1993,3503600
3561,1993,3503610
13356,1993,3503620
1567,1993,3503625
9869,1993,3503630
4388,1993,3503640
38996,1993,3503650
8597,1993,3503660
33123,1993,3503670
5224,1993,3503680
3035,1993,3503690
13929,1993,3503700
28934,1993,3503710
2622,1993,3503715
8098,1993,3503720
49946,1993,3503730
26070,1993,3503740
4598,1993,3503750
34817,1993,3503760
4436,1993,3503770
45080,1993,3503780
20608,1993,3503790
107584,1993,3503800
12796,1993,3503810
8715,1993,3503820
3194,1993,3503830
14964,1993,3503850
20090,1993,3503860
290641,1993,3503870
26973,1993,3503880
18401,1993,3503890
10197,1993,3503900
8404,1993,3503910
21298,1993,3503920
58698,1993,3503930
9498,1993,3503940
31329,1993,3503950
3440,1993,3503960
2925,1993,3503970
81061,1993,3503980
4424,1993,3503990
17487,1993,3504000
3589,1993,3504010
24115,1993,3504020
3253,1993,3504025
3005,1993,3504030
4567,1993,3504040
5695,1993,3504050
39240,1993,3504060
40893,1993,3504070
10029,1993,3504075
11364,1993,3504080
10200,1993,3504090
133257,1993,3504100
4402,1993,3504110
13604,1993,3504120
36050,1993,3504130
170349,1993,3504140
37363,1993,3504150
29726,1993,3504160
11746,1993,3504170
1892,1993,3504180
7832,1993,3504190
5270,1993,3504200
9072,1993,3504210
27425,1993,3504220
4017,1993,3504230
15823,1993,3504240
4838,1993,3504250
50637,1993,3504260
4557,1993,3504270
4009,1993,3504280
10674,1993,3504290
20385,1993,3504300
3339,1993,3504310
4286,1993,3504320
6287,1993,3504325
90392,1993,3504330
450690,1993,3504340
2831,1993,3504360
10939,1993,3504370
10915,1993,3504380
143005,1993,3504390
20201,1993,3504400
31766,1993,3504410
7883,1993,3504420
9245,1993,3504350
22024,1993,3504425
6425,1993,3504430
2729,1993,3504440
2185,1993,3504450
4468,1993,3504460
2593,1993,3504470
3673,1993,3504480
7887,1993,3504490
11524,1993,3504500
4361,1993,3504510
5005,1993,3504515
76845,1993,3504520
26925,1993,3504530
7626,1993,3504540
2349,1993,3504550
13046,1993,3504560
5774,1993,3504570
156928,1993,3504580
10650,1993,3504600
2440,1993,3504610
2976,1993,3504620
23072,1993,3504630
37264,1993,3504640
5929,1993,3504650
23447,1993,3504660
10835,1993,3504670
39281,1993,3504680
6494,1993,3504690
4542,1993,3504700
2915,1993,3504710
3408,1993,3504740
24475,1993,3504750
19850,1993,3504760
2311,1993,3504720
40117,1993,3504730
22128,1993,3504770
627850,1993,3504780
5070,1993,3504790
14735,1993,3504800
7229,1993,3504805
5777,1993,3504810
5368,1993,3504820
2172,1993,3504830
3896,1993,3504840
419477,1993,3504850
8552,1993,3504860
590896,1993,3504870
147215,1993,3504880
164792,1993,3504890
2485,1993,3504900
71527,1993,3504910
2728,1993,3504920
1621,1993,3504925
2750,1993,3504930
37201,1993,3504940
7232,1993,3504950
3844,1993,3504960
46113,1993,3504970
299927,1993,3504980
468678,1993,3504990
7973,1993,3504995
9946,1993,3505000
36657,1993,3505010
26965,1993,3505020
9842059,1993,3505030
21335,1993,3505040
6886,1993,3505050
58936,1993,3505060
36004,1993,3505070
11982,1993,3505080
12162,1993,3505090
281464,1993,3505100
6693,1993,3505110
3029,1993,3505120
2550,1993,3505130
6378,1993,3505140
22445,1993,3505160
24553,1993,3505150
83690,1993,3505170
12709,1993,3505180
10623,1993,3505190
5078,1993,3505200
31821,1993,3505210
397553,1993,3505220
7611,1993,3505230
154214,1993,3505240
2687,1993,3505255
168655,1993,3505250
10107,1993,3505260
11401,1993,3505270
170690,1993,3505280
4813,1993,3505290
6530,1993,3505300
5297,1993,3505310
5392,1993,3505320
20535,1993,3505330
21826,1993,3505340
5825,1993,3505350
12202,1993,3505360
48536,1993,3505370
18807,1993,3505380
3183,1993,3505385
4874,1993,3505390
9904,1993,3505395
81607,1993,3505400
213370,1993,3505410
4625,1993,3505420
20122,1993,3505430
6740,1993,3505440
27356,1993,3505450
2786,1993,3505460
1255,1993,3505465
7622,1993,3505470
29292,1993,3505480
5034,1993,3505490
4253,1993,3505495
62468,1993,3505500
13726,1993,3505510
2039,1993,3505520
2688,1993,3505530
2896,1993,3505535
50354,1993,3505540
4096,1993,3505550
8467,1993,3505560
1338,1993,3505570
9901,1993,3505580
1318,1993,3505590
10761,1993,3505600
5999,1993,3505610
72120,1993,3505620
17115,1993,3505630
5202,1993,3505635
32883,1993,3505640
16782,1993,3505645
73220,1993,3505650
10791,1993,3505660
35709,1993,3505670
13538,1993,3505680
3737,1993,3505690
85763,1993,3505700
66875,1993,3505710
1928,1993,3505715
10305,1993,4100010
8294,1993,4100020
6271,1993,4100030
68730,1993,4100040
6903,1993,4100045
11736,1993,4100060
11826,1993,4100070
22838,1993,4100050
8990,1993,4100080
4075,1993,4100090
12872,1993,4100100
3434,1993,4100105
20345,1993,4100110
2334,1993,4100115
17204,1993,4100120
8030,1993,4100130
98759,1993,4100140
67065,1993,4100150
21404,1993,4100160
12068,1993,4100170
64081,1993,4100180
19893,1993,4100190
38892,1993,4100200
22621,1993,4100210
4019,1993,4100220
7804,1993,4100230
34559,1993,4100240
17259,1993,4100250
2934,1993,4100270
13909,1993,4100260
15217,1993,4100280
13248,1993,4100290
6770,1993,4100300
3819,1993,4100302
10288,1993,4100305
7583,1993,4100310
6605,1993,4100320
3964,1993,4100322
10657,1993,4100330
7856,1993,4100335
4345,1993,4100337
2233,1993,4100340
8404,1993,4100345
5391,1993,4100347
7135,1993,4100350
21199,1993,4100360
76712,1993,4100370
6185,1993,4100380
20070,1993,4100390
19939,1993,4100400
4924,1993,4100405
5409,1993,4100410
75342,1993,4100420
80964,1993,4100430
22447,1993,4100440
19428,1993,4100442
26488,1993,4100445
18178,1993,4100450
12078,1993,4100460
12038,1993,4100470
201872,1993,4100480
66548,1993,4100490
9116,1993,4100500
13901,1993,4100510
16189,1993,4100520
10306,1993,4100530
19628,1993,4100540
50208,1993,4100550
8527,1993,4100560
18199,1993,4100570
127091,1993,4100580
19557,1993,4100590
7712,1993,4100600
3471,1993,4100610
11680,1993,4100620
15942,1993,4100630
48457,1993,4100640
24970,1993,4100650
6165,1993,4100655
17078,1993,4100680
5207,1993,4100657
23157,1993,4100660
4872,1993,4100670
1364320,1993,4100690
10571,1993,4100700
8589,1993,4100715
7403,1993,4100710
4417,1993,4100712
30969,1993,4100720
6106,1993,4100725
5783,1993,4100730
5037,1993,4102863
7260,1993,4100740
14568,1993,4100750
2863,1993,4100753
4553,1993,4100755
18507,1993,4100760
25969,1993,4100765
5571,1993,4100770
9647,1993,4100775
5217,1993,4100785
5353,1993,4100780
4563,1993,4100790
11914,1993,4100800
2113,1993,4100810
10987,1993,4100820
201222,1993,4100830
8544,1993,4100832
63653,1993,4100840
11721,1993,4100850
4930,1993,4100855
40106,1993,4100860
11409,1993,4100870
30218,1993,4100880
5174,1993,4100890
3928,1993,4100900
2229,1993,4100910
5513,1993,4100920
21042,1993,4100930
145961,1993,4100940
7812,1993,4100950
18553,1993,4100960
8013,1993,4100965
25472,1993,4100970
6302,1993,4100975
36535,1993,4100980
11235,1993,4100990
3205,1993,4101000
2952,1993,4101005
26617,1993,4101010
14200,1993,4101020
2625,1993,4101030
4055,1993,4101040
12978,1993,4101050
18787,1993,4101060
3275,1993,4101065
49714,1993,4101070
14842,1993,4101080
5022,1993,4101090
3881,1993,4101095
10090,1993,4101100
6129,1993,4101110
8806,1993,4101120
11172,1993,4101125
4701,1993,4101130
11528,1993,4101140
42319,1993,4101150
7041,1993,4101155
2492,1993,4101160
4259,1993,4101170
41155,1993,4101180
10333,1993,4101190
26126,1993,4101200
18720,1993,4101210
9852,1993,4101220
4705,1993,4101230
7532,1993,4101240
12654,1993,4101250
1416,1993,4101260
10496,1993,4101270
12052,1993,4101275
9797,1993,4101280
3932,1993,4101290
8726,1993,4101295
6094,1993,4101300
6116,1993,4101310
39528,1993,4101320
6739,1993,4101325
31697,1993,4101330
4634,1993,4101340
6336,1993,4101342
6383,1993,4101345
17299,1993,4101350
3883,1993,4101360
405116,1993,4101370
9149,1993,4101373
6989,1993,4101375
4340,1993,4101380
12172,1993,4101390
16158,1993,4101400
14813,1993,4101410
29178,1993,4101420
13857,1993,4101430
18586,1993,4101440
11221,1993,4101450
34360,1993,4101460
7833,1993,4101470
23504,1993,4101480
9172,1993,4101490
6672,1993,4101500
10761,1993,4101510
252533,1993,4101520
6330,1993,4101530
6470,1993,4101535
15313,1993,4101540
4662,1993,4101550
12777,1993,4101560
11760,1993,4101570
6191,1993,4101573
4495,1993,4101575
38946,1993,4101580
4116,1993,4101585
2412,1993,4101590
5184,1993,4101600
10098,1993,4101605
16566,1993,4101610
13043,1993,4101620
3378,1993,4101630
3387,1993,4101640
1245,1993,4101650
3995,1993,4101660
15095,1993,4101670
11171,1993,4101680
24365,1993,4101690
5256,1993,4101695
8439,1993,4101700
12506,1993,4101705
12955,1993,4101710
5253,1993,4101720
10781,1993,4101725
3626,1993,4101721
7088,1993,4101722
17134,1993,4101727
3349,1993,4101729
25545,1993,4101730
3492,1993,4101740
5894,1993,4101745
23060,1993,4101750
36633,1993,4101760
30175,1993,4101770
17755,1993,4101780
24458,1993,4101790
9216,1993,4101800
8583,1993,4101810
112041,1993,4101820
2534,1993,4101830
71568,1993,4101840
3461,1993,4101845
53875,1993,4101850
4702,1993,4101860
6769,1993,4101870
13796,1993,4101880
14122,1993,4101890
11502,1993,4101900
8043,1993,4101910
79866,1993,4101915
2786,1993,4101925
5334,1993,4101920
35264,1993,4101930
20012,1993,4101940
33173,1993,4101950
45183,1993,4101960
2312,1993,4101965
3695,1993,4101970
14165,1993,4101980
242026,1993,4101990
16051,1993,4102000
3694,1993,4102010
2990,1993,4102020
3802,1993,4102030
7986,1993,4102035
3383,1993,4102040
11603,1993,4102050
48841,1993,4102060
5812,1993,4102070
10392,1993,4102080
3579,1993,4102085
31738,1993,4102090
10783,1993,4102100
5214,1993,4102110
14862,1993,4102120
3487,1993,4102125
4389,1993,4102130
4065,1993,4102135
16093,1993,4102140
13347,1993,4102150
7486,1993,4102160
25266,1993,4102170
11084,1993,4102180
13744,1993,4102190
12788,1993,4102200
4085,1993,4102210
5251,1993,4102215
28612,1993,4102220
27338,1993,4102230
41782,1993,4102240
16729,1993,4102250
8026,1993,4102260
9197,1993,4102265
5335,1993,4102270
10986,1993,4102280
6190,1993,4102290
13488,1993,4102300
4665,1993,4102310
4788,1993,4102320
10275,1993,4102330
8478,1993,4102340
17702,1993,4102350
1903,1993,4102360
9086,1993,4102370
11741,1993,4102380
4669,1993,4102382
13609,1993,4102385
14607,1993,4102390
2982,1993,4102395
5955,1993,4102402
14585,1993,4102405
5615,1993,4102400
38995,1993,4102410
2897,1993,4102420
2317,1993,4102430
17072,1993,4102440
5479,1993,4102450
5012,1993,4102460
12933,1993,4102470
12822,1993,4102480
5848,1993,4102490
16233,1993,4102500
12700,1993,4102510
9580,1993,4102520
5668,1993,4102530
8896,1993,4102535
8282,1993,4102540
5211,1993,4102545
137108,1993,4102550
2203,1993,4102555
34426,1993,4102560
19080,1993,4102570
8965,1993,4102575
9087,1993,4102580
3023,1993,4102590
8248,1993,4102600
4763,1993,4102610
6908,1993,4102620
49846,1993,4102625
4436,1993,4102627
15457,1993,4102630
6655,1993,4102640
13923,1993,4102650
13859,1993,4102660
4863,1993,4102665
4457,1993,4102670
11972,1993,4102680
7916,1993,4102690
14131,1993,4102700
67488,1993,4102710
13882,1993,4102720
13550,1993,4102730
18409,1993,4102740
17056,1993,4102750
10617,1993,4102760
89602,1993,4102770
11180,1993,4102780
14062,1993,4102785
2793,1993,4102788
11157,1993,4102790
8596,1993,4102795
14257,1993,4102796
26647,1993,4102800
88845,1993,4102810
45718,1993,4102820
2591,1993,4102830
13205,1993,4102840
6588,1993,4102853
11070,1993,4102855
9942,1993,4102860
4313,1993,4102862
3497,1993,4102865
6436,1993,4102870
19020,1993,4102850
8141,1993,4102880
3192,1993,4200005
13322,1993,4200010
7351,1993,4200020
3710,1993,4200030
7033,1993,4200040
6352,1993,4200050
3173,1993,4200055
4609,1993,4200060
9856,1993,4200070
9464,1993,4200080
6180,1993,4200090
10473,1993,4200100
3505,1993,4200110
5651,1993,4200120
7622,1993,4200125
3853,1993,4200127
13208,1993,4200130
50917,1993,4200140
6129,1993,4200150
3404,1993,4200160
2739,1993,4200165
6308,1993,4200170
3727,1993,4200180
6209,1993,4200190
3674,1993,4200205
42391,1993,4200200
10775,1993,4200210
3358,1993,4200215
8430,1993,4200220
35823,1993,4200230
221329,1993,4200240
4085,1993,4200250
7151,1993,4200260
4985,1993,4200245
4376,1993,4200270
17421,1993,4200280
2576,1993,4200285
60967,1993,4200290
53385,1993,4200300
7468,1993,4200310
2707,1993,4200315
27140,1993,4200320
10308,1993,4200330
7880,1993,4200340
26492,1993,4200350
34404,1993,4200360
8358,1993,4200370
56562,1993,4200380
14424,1993,4200390
16705,1993,4200395
6541,1993,4200400
5883,1993,4200410
3400,1993,4200415
5070,1993,4200417
117432,1993,4200420
12516,1993,4200425
61863,1993,4200430
2988,1993,4200435
10260,1993,4200440
3579,1993,4200445
18003,1993,4200455
10630,1993,4200450
153955,1993,4200460
11026,1993,4200470
36681,1993,4200480
10462,1993,4200490
13485,1993,4200500
3640,1993,4200510
3017,1993,4200515
4550,1993,4200520
9485,1993,4200530
266858,1993,4200540
2690,1993,4200543
14808,1993,4200545
28026,1993,4200550
6970,1993,4200560
10148,1993,4200570
9170,1993,4200580
37454,1993,4200590
10067,1993,4200600
5298,1993,4200610
8317,1993,4200620
10433,1993,4200630
12511,1993,4200640
18580,1993,4200650
4697,1993,4200660
4903,1993,4200665
18214,1993,4200670
3871,1993,4200680
13636,1993,4200690
40064,1993,4200700
9671,1993,4200710
15166,1993,4200720
32541,1993,4200730
5390,1993,4200740
31716,1993,4200750
4687,1993,4200760
7760,1993,4200765
6036,1993,4200768
7292,1993,4200770
5633,1993,4200775
7946,1993,4200780
2881,1993,4200785
9989,1993,4200790
8471,1993,4200800
17752,1993,4200810
125266,1993,4200820
12825,1993,4200830
15229,1993,4200840
4215,1993,4200845
22245,1993,4200850
4335,1993,4200860
11317,1993,4200870
13329,1993,4200880
80945,1993,4200890
2208,1993,4200895
28742,1993,4200900
372203,1993,4200910
4517,1993,4200915
2046,1993,4200920
154896,1993,4200930
45823,1993,4200940
1528,1993,4200945
4355,1993,4200950
14022,1993,4200960
11380,1993,4200970
4297,1993,4200980
5313,1993,4200985
7619,1993,4200990
6435,1993,4201000
2021,1993,4201005
48050,1993,4201010
3723,1993,4201020
7499,1993,4201030
4738,1993,4201040
21945,1993,4201050
6071,1993,4201055
10976,1993,4201060
2391,1993,4201070
6738,1993,4201080
2933,1993,4201085
5825,1993,4201090
9811,1993,4201100
5988,1993,4201105
8803,1993,4201110
13032,1993,4201120
2850,1993,4201125
24885,1993,4201130
3063,1993,4201140
4400,1993,4201145
9171,1993,4201150
10617,1993,4201160
3580,1993,4201165
20470,1993,4201170
14666,1993,4201175
7142,1993,4201180
3305,1993,4201185
71966,1993,4201190
9066,1993,4201200
17749,1993,4201210
16609,1993,4201220
6126,1993,4201223
2801,1993,4201225
3222,1993,4201227
5567,1993,4201230
4979,1993,4201240
13807,1993,4201250
3255,1993,4201260
7105,1993,4201270
8296,1993,4201280
10739,1993,4201290
2423,1993,4201300
4942,1993,4201310
2529,1993,4201315
19741,1993,4201320
4674,1993,4201330
2672,1993,4201335
9027,1993,4201340
7327,1993,4201350
30133,1993,4201360
11536,1993,4201370
7573,1993,4201380
1808,1993,4201390
11636,1993,4201400
2729,1993,4201410
13626,1993,4201420
2320,1993,4201430
5784,1993,4201440
7050,1993,4201450
6868,1993,4201460
48040,1993,4201480
8689,1993,4201470
4202,1993,4201490
29931,1993,4201500
1724,1993,4201505
6275,1993,4201507
9592,1993,4201510
9411,1993,4201520
7453,1993,4201530
3534,1993,4201540
6050,1993,4201545
12689,1993,4201550
2916,1993,4201555
1935,1993,4201560
7556,1993,4201565
8708,1993,4201567
13703,1993,4201570
52929,1993,4201580
3318,1993,4201590
12306,1993,4201600
3786,1993,4201605
10601,1993,4201610
24954,1993,4201620
13062,1993,4201630
2763,1993,4201635
6705,1993,4201625
6396,1993,4201640
22482,1993,4201650
148272,1993,4201660
17523,1993,4201670
11396,1993,4201680
19404,1993,4201690
6280,1993,4201700
3448,1993,4201710
2678,1993,4201715
37021,1993,4201720
8944,1993,4201730
6908,1993,4201740
15742,1993,4201750
3887,1993,4201755
13699,1993,4201760
23403,1993,4201770
3805,1993,4201775
16598,1993,4201780
11906,1993,4201790
20665,1993,4201800
5611,1993,4201810
25036,1993,4201820
5063,1993,4201825
16469,1993,4201830
6114,1993,4201840
4110,1993,4201850
6011,1993,4201860
83269,1993,4201870
5392,1993,4201875
12571,1993,4201880
3450,1993,4201885
9585,1993,4201890
2525,1993,4201895
18910,1993,4201900
3757,1993,4201910
3336,1993,4201915
5922,1993,4201917
6943,1993,4201920
37778,1993,4201930
5892,1993,4201935
3724,1993,4201940
36029,1993,4201950
4879,1993,4201960
20871,1993,4201970
3785,1993,4300005
16891,1993,4300010
11012,1993,4300020
9877,1993,4300030
79735,1993,4300040
6109,1993,4300045
13242,1993,4300050
2066,1993,4300055
2911,1993,4300057
150653,1993,4300060
5972,1993,4300063
6406,1993,4300064
1040,1993,4300066
6912,1993,4300070
11488,1993,4300080
3073,1993,4300085
7753,1993,4300090
15410,1993,4300100
3160,1993,4300105
15515,1993,4300120
12361,1993,4300110
18338,1993,4300130
9909,1993,4300140
8222,1993,4300150
4121,1993,4300155
111011,1993,4300160
6136,1993,4300165
7126,1993,4300170
5956,1993,4300175
3464,1993,4300185
10860,1993,4300190
2704,1993,4300192
2001,1993,4300195
6095,1993,4300180
12256,1993,4300200
77337,1993,4300210
2120,1993,4300215
9171,1993,4300220
13231,1993,4300230
7306,1993,4300235
2760,1993,4300237
11991,1993,4300240
7428,1993,4300245
8008,1993,4300250
4755,1993,4300260
4035,1993,4300265
19551,1993,4300270
35078,1993,4300280
15998,1993,4300290
88861,1993,4300300
92193,1993,4300310
4979,1993,4300320
7657,1993,4300330
6065,1993,4300340
59748,1993,4300350
2439,1993,4300355
7158,1993,4300360
3095,1993,4300367
8016,1993,4300370
8511,1993,4300380
50046,1993,4300390
7058,1993,4300400
3917,1993,4300410
28019,1993,4300420
7739,1993,4300430
5728,1993,4300435
25925,1993,4300440
49597,1993,4300450
278873,1993,4300460
20356,1993,4300463
19751,1993,4300466
7896,1993,4300468
2281,1993,4300469
54539,1993,4300470
17065,1993,4300480
2367,1993,4300485
7985,1993,4300490
2904,1993,4300495
10662,1993,4300500
302498,1993,4300510
3313,1993,4300511
5347,1993,4300513
3083,1993,4300515
7558,1993,4300517
13221,1993,4300520
10307,1993,4300530
25878,1993,4300535
3906,1993,4300537
4633,1993,4300540
9471,1993,4300545
5828,1993,4300550
2683,1993,4300558
4367,1993,4300560
6431,1993,4300570
12012,1993,4300580
2928,1993,4300585
2455,1993,4300587
9698,1993,4300590
4133,1993,4300595
3122,1993,4300597
17747,1993,4300600
5941,1993,4300605
69707,1993,4300610
11123,1993,4300620
4639,1993,4300630
4407,1993,4300632
3842,1993,4300635
15365,1993,4300640
2748,1993,4300642
3108,1993,4300645
12536,1993,4300650
38560,1993,4300660
3738,1993,4300670
7049,1993,4300673
18506,1993,4300676
18980,1993,4300680
21375,1993,4300690
2690,1993,4300692
3902,1993,4300695
9913,1993,4300693
3250,1993,4300697
75597,1993,4300700
3825,1993,4300705
7111,1993,4300720
9961,1993,4300730
5672,1993,4300740
17050,1993,4300750
5766,1993,4300755
29468,1993,4300760
73745,1993,4300770
25585,1993,4300780
3519,1993,4300783
2537,1993,4300786
47000,1993,4300790
6685,1993,4300800
2979,1993,4300805
8959,1993,4300810
18364,1993,4300820
12217,1993,4300830
7658,1993,4300840
4858,1993,4300845
25266,1993,4300850
26771,1993,4300860
3298,1993,4300865
6509,1993,4300870
11499,1993,4300880
1977,1993,4300885
19923,1993,4300890
25968,1993,4300900
4645,1993,4300905
23097,1993,4300910
2641,1993,4300912
3640,1993,4300915
194237,1993,4300920
1677,1993,4300925
82319,1993,4300930
17569,1993,4300940
11527,1993,4300950
3204,1993,4300955
7133,1993,4300710
17063,1993,4300960
7563,1993,4300965
5853,1993,4300970
5118,1993,4300975
5763,1993,4300980
7795,1993,4300990
5896,1993,4300995
18001,1993,4301000
21444,1993,4301010
74051,1993,4301020
3909,1993,4301030
7765,1993,4301033
3936,1993,4301036
7326,1993,4301040
2474,1993,4301041
5592,1993,4301043
2351,1993,4301046
10512,1993,4301050
3349,1993,4301055
2858,1993,4301057
41873,1993,4301060
6624,1993,4301070
2547,1993,4301075
11685,1993,4301080
4954,1993,4301085
4252,1993,4301090
29013,1993,4301100
12695,1993,4301110
4027,1993,4301112
7929,1993,4301115
19972,1993,4301120
1789,1993,4301127
29115,1993,4301130
6376,1993,4301125
59384,1993,4301140
2559,1993,4301142
8786,1993,4301150
8471,1993,4301160
3267,1993,4301162
1522,1993,4301164
7176,1993,4301170
5841,1993,4301175
7115,1993,4301177
2237,1993,4301179
22567,1993,4301180
6924,1993,4301190
3163,1993,4301198
2978,1993,4301200
5387,1993,4301210
2280,1993,4301213
2832,1993,4301215
6600,1993,4301220
7141,1993,4301225
5866,1993,4301230
1725,1993,4301235
3053,1993,4301238
48183,1993,4301240
2469,1993,4301242
3571,1993,4301244
6040,1993,4301245
4411,1993,4301247
9600,1993,4301250
6970,1993,4301260
1908,1993,4301262
13412,1993,4301265
1844,1993,4301267
12572,1993,4301270
2562,1993,4301275
2990,1993,4301280
6825,1993,4301290
2420,1993,4301295
4585,1993,4301300
3741,1993,4301303
10467,1993,4301306
2406,1993,4301308
6149,1993,4301310
13949,1993,4301320
15760,1993,4301330
2858,1993,4301335
10226,1993,4301337
3960,1993,4301349
217418,1993,4301340
5323,1993,4301342
2324,1993,4301344
31413,1993,4301350
5402,1993,4301360
11758,1993,4301365
38313,1993,4301370
6642,1993,4301380
30711,1993,4301390
10121,1993,4301395
5175,1993,4301400
6626,1993,4301402
2906,1993,4301403
33446,1993,4301405
5509,1993,4301407
146638,1993,4301410
7213,1993,4301415
14799,1993,4301420
4090,1993,4301430
299592,1993,4301440
3674,1993,4301442
2744,1993,4301445
4156,1993,4301447
4747,1993,4301449
13420,1993,4301450
3688,1993,4301455
17232,1993,4301460
12346,1993,4301470
2053,1993,4301475
4532,1993,4301477
2230,1993,4301478
20373,1993,4301480
1280114,1993,4301490
6949,1993,4301500
2883,1993,4301505
2789,1993,4301507
10672,1993,4301510
2139,1993,4301513
2015,1993,4301514
6770,1993,4301515
2260,1993,4301517
5063,1993,4301520
22376,1993,4301530
2808,1993,4301532
3408,1993,4301535
8973,1993,4301540
2478,1993,4301545
15400,1993,4301550
5614,1993,4301555
176891,1993,4301560
37985,1993,4301570
3273,1993,4301575
9262,1993,4301580
8226,1993,4301590
14029,1993,4301600
10811,1993,4301610
6969,1993,4301620
8613,1993,4301630
41002,1993,4301640
2792,1993,4301642
3216,1993,4301643
10989,1993,4301645
2758,1993,4301647
6638,1993,4301650
14598,1993,4301660
10044,1993,4301670
4286,1993,4301675
93752,1993,4301680
220980,1993,4301690
5317,1993,4301695
59061,1993,4301720
2180,1993,4301725
36024,1993,4301730
8366,1993,4301700
83890,1993,4301710
52443,1993,4301740
73143,1993,4301750
40409,1993,4301760
13089,1993,4301770
2271,1993,4301755
2035,1993,4301775
15247,1993,4301780
14804,1993,4301790
2940,1993,4301795
63682,1993,4301800
2594,1993,4301805
21412,1993,4301810
19290,1993,4301820
59570,1993,4301830
20911,1993,4301840
5179,1993,4301842
2484,1993,4301843
2878,1993,4301844
3181,1993,4301845
2487,1993,4301846
2727,1993,4301848
2550,1993,4301849
22116,1993,4301850
6923,1993,4301860
2890,1993,4301862
179682,1993,4301870
41970,1993,4301880
41756,1993,4301890
16577,1993,4301900
7281,1993,4301910
3177,1993,4301912
7424,1993,4301915
6840,1993,4301920
8335,1993,4301930
2221,1993,4301935
2841,1993,4301937
20282,1993,4301940
17597,1993,4301950
24812,1993,4301960
7670,1993,4301970
2314,1993,4301971
2661,1993,4301973
1477,1993,4301975
7647,1993,4301980
61335,1993,4301990
109220,1993,4302000
16211,1993,4302010
13123,1993,4302020
3782,1993,4302023
6796,1993,4302026
4637,1993,4302030
4798,1993,4302035
8537,1993,4302040
3175,1993,4302045
8250,1993,4302050
5039,1993,4302055
4486,1993,4302060
2298,1993,4302065
14311,1993,4302067
20408,1993,4302070
28798,1993,4302080
15562,1993,4302090
9908,1993,4302100
14673,1993,4302110
44392,1993,4302120
25356,1993,4302130
2955,1993,4302132
5043,1993,4302135
15441,1993,4302140
10879,1993,4302143
18366,1993,4302145
8906,1993,4302147
31101,1993,4302150
21043,1993,4302160
2659,1993,4302162
3267,1993,4302163
8448,1993,4302166
15772,1993,4302170
24039,1993,4302180
3300,1993,4302183
4998,1993,4302185
30660,1993,4302190
6774,1993,4302195
18736,1993,4302200
6559,1993,4302210
4360,1993,4302215
2015,1993,4302218
23549,1993,4302220
2245,1993,4302225
9654,1993,4302230
2519,1993,4302235
121866,1993,4302240
56294,1993,4302250
10732,1993,4302253
3579,1993,4302254
1814,1993,4302255
55328,1993,4302260
18725,1993,4302270
17684,1993,4302280
6536,1993,4302290
184692,1993,4302300
6478,1993,4302310
3739,1993,4302320
2684,1993,4302330
4111,1993,4302340
3890,1993,4302345
3040,1993,4302350
1772,1993,4302360
2655,1993,4302370
4467,1993,4302375
5521,1993,4302380
7047,1993,5000020
6310,1993,5000025
26753,1993,5000060
20978,1993,5000070
7347,1993,5000080
8452,1993,5000085
6819,1993,5000090
15332,1993,5000100
40558,1993,5000110
7715,1993,5000124
5943,1993,5000150
11782,1993,5000190
8056,1993,5000200
19747,1993,5000210
8206,1993,5000215
16388,1993,5000220
10960,1993,5000230
22791,1993,5000240
16343,1993,5000260
565943,1993,5000270
3964,1993,5000280
18560,1993,5000290
5780,1993,5000295
3677,1993,5000310
12294,1993,5000315
89585,1993,5000320
14732,1993,5000325
28276,1993,5000330
12924,1993,5000345
9003,1993,5000348
4567,1993,5000350
141929,1993,5000370
10548,1993,5000375
21416,1993,5000380
11205,1993,5000400
9433,1993,5000410
10620,1993,5000430
6739,1993,5000440
16103,1993,5000450
13228,1993,5000460
25074,1993,5000470
4366,1993,5000480
4331,1993,5000490
20375,1993,5000500
4803,1993,5000510
5079,1993,5000515
12632,1993,5000520
4880,1993,5000525
24196,1993,5000540
20800,1993,5000560
17303,1993,5000568
31077,1993,5000570
11378,1993,5000580
7621,1993,5000600
31401,1993,5000620
9039,1993,5000625
37642,1993,5000630
10041,1993,5000635
8561,1993,5000640
53551,1993,5000660
12943,1993,5000690
13852,1993,5000710
16806,1993,5000720
5398,1993,5000730
14997,1993,5000740
3393,1993,5000750
5582,1993,5000755
12688,1993,5000769
6132,1993,5000780
15152,1993,5000770
16116,1993,5000790
6041,1993,5000793
6967,1993,5000795
4367,1993,5000797
10288,1993,5000800
70269,1993,5000830
6968,1993,5000840
5495,1993,5100010
18742,1993,5100020
68217,1993,5100025
11211,1993,5100030
2847,1993,5100035
8599,1993,5100040
14421,1993,5100050
3283,1993,5100060
7373,1993,5100080
3426,1993,5100100
1433,1993,5100120
12230,1993,5100125
14643,1993,5100130
15407,1993,5100140
10206,1993,5100160
19613,1993,5100170
47691,1993,5100180
7495,1993,5100190
77821,1993,5100250
13375,1993,5100260
7143,1993,5100263
6508,1993,5100267
3184,1993,5100269
10991,1993,5100270
10213,1993,5100285
13416,1993,5100300
9717,1993,5100305
5944,1993,5100310
33629,1993,5100320
10224,1993,5100330
3628,1993,5100335
2767,1993,5100337
435647,1993,5100340
4842,1993,5100345
17962,1993,5100350
8412,1993,5100360
5095,1993,5100380
4358,1993,5100390
4669,1993,5100395
27127,1993,5100410
14891,1993,5100420
1904,1993,5100450
7871,1993,5100455
8287,1993,5100460
20311,1993,5100480
5411,1993,5100490
13790,1993,5100500
25173,1993,5100510
40915,1993,5100515
3974,1993,5100517
10660,1993,5100520
6280,1993,5100523
7575,1993,5100525
3201,1993,5100530
10074,1993,5100558
11584,1993,5100560
23044,1993,5100562
15064,1993,5100590
9667,1993,5100600
10517,1993,5100610
3525,1993,5100615
7022,1993,5100620
15265,1993,5100621
6676,1993,5100880
2015,1993,5100885
4215,1993,5100890
4732,1993,5100895
7004,1993,5100622
7657,1993,5100623
18690,1993,5100625
4017,1993,5100627
7901,1993,5100628
13776,1993,5100629
19362,1993,5100630
10930,1993,5100637
42381,1993,5100642
2713,1993,5100645
31190,1993,5100650
2663,1993,5100665
2323,1993,5100670
37396,1993,5100675
8248,1993,5100677
5044,1993,5100680
8889,1993,5100682
5781,1993,5100685
24111,1993,5100700
13623,1993,5100704
3214,1993,5100706
2999,1993,5100715
9090,1993,5100718
1445,1993,5100719
6030,1993,5100720
131239,1993,5100760
20246,1993,5100770
7115,1993,5100775
2945,1993,5100724
6181,1993,5100777
4543,1993,5100726
16019,1993,5100780
11472,1993,5100785
3120,1993,5100729
11366,1993,5100730
2601,1993,5100735
22995,1993,5100710
3541,1993,5100740
41057,1993,5100790
18229,1993,5100792
2832,1993,5100794
41629,1993,5100795
8300,1993,5100800
18950,1993,5100805
4708,1993,5100810
5725,1993,5100820
176446,1993,5100840
12176,1993,5100850
14896,1993,5100550
10723,1993,5100860
9439,1993,5200010
14961,1993,5200013
2348,1993,5200015
3996,1993,5200017
1869,1993,5200020
17528,1993,5200030
1922,1993,5200050
2140,1993,5200055
4389,1993,5200060
7556,1993,5200080
4826,1993,5200085
4285,1993,5200090
249463,1993,5200110
887,1993,5200120
18277,1993,5200130
201568,1993,5200140
1930,1993,5200145
3466,1993,5200150
3665,1993,5200160
14496,1993,5200170
5139,1993,5200180
7537,1993,5200215
4013,1993,5200235
5138,1993,5200250
4127,1993,5200260
2254,1993,5200280
4321,1993,5200310
9648,1993,5200320
15763,1993,5200330
8165,1993,5200340
14161,1993,5200350
3484,1993,5200355
2343,1993,5200360
4905,1993,5200380
8699,1993,5200390
1997,1993,5200393
3220,1993,5200396
6766,1993,5200400
8370,1993,5200410
1465,1993,5200420
8692,1993,5200425
11272,1993,5200430
13535,1993,5200440
25708,1993,5200450
1987,1993,5200455
2299,1993,5200460
4338,1993,5200465
8289,1993,5200470
4559,1993,5200480
15692,1993,5200490
17716,1993,5200495
10332,1993,5200500
3312,1993,5200505
58022,1993,5200510
4221,1993,5200520
8188,1993,5200530
22963,1993,5200540
6012,1993,5200545
1746,1993,5200547
32061,1993,5200549
10328,1993,5200551
3624,1993,5200552
3174,1993,5200570
9275,1993,5200580
5350,1993,5200590
26536,1993,5200620
2498,1993,5200630
19712,1993,5200640
3413,1993,5200650
2782,1993,5200660
3689,1993,5200670
2647,1993,5200680
2044,1993,5200690
2545,1993,5200710
5131,1993,5200830
10774,1993,5200725
4228,1993,5200735
8955,1993,5200740
3458,1993,5200750
7785,1993,5200753
6969,1993,5200760
9709,1993,5200780
5308,1993,5200790
63999,1993,5200800
5959,1993,5200810
7631,1993,5200840
5330,1993,5200850
46327,1993,5200860
957564,1993,5200870
11507,1993,5200880
27890,1993,5200890
33282,1993,5200910
4002,1993,5200915
12048,1993,5200920
2739,1993,5200929
5873,1993,5200940
3789,1993,5200945
2915,1993,5200960
10483,1993,5200970
5005,1993,5200980
9926,1993,5200990
5080,1993,5200993
10383,1993,5200995
39329,1993,5201000
20875,1993,5201010
30432,1993,5201020
3239,1993,5201030
24776,1993,5201040
3953,1993,5201056
6242,1993,5201060
6097,1993,5201080
12935,1993,5201090
8805,1993,5201100
28597,1993,5201120
5889,1993,5201130
8441,1993,5201140
76446,1993,5201150
2909,1993,5201160
6428,1993,5201170
27537,1993,5201180
64207,1993,5201190
3220,1993,5201200
2037,1993,5201205
6456,1993,5201210
21441,1993,5201220
7781,1993,5201230
197459,1993,5201250
2646,1993,5201260
4163,1993,5201270
15750,1993,5201280
1473,1993,5201290
3950,1993,5201295
7723,1993,5201300
3619,1993,5201305
33097,1993,5201308
33141,1993,5201310
2175,1993,5201340
8144,1993,5201350
8219,1993,5201370
5713,1993,5201375
2383,1993,5201377
32718,1993,5201380
2438,1993,5201385
6812,1993,5201390
10303,1993,5201400
5437,1993,5201405
3933,1993,5201410
6375,1993,5201440
13700,1993,5201450
41772,1993,5201460
1951,1993,5201470
1832,1993,5201480
11711,1993,5201483
8274,1993,5201486
3336,1993,5201487
4814,1993,5201490
4967,1993,5201500
4764,1993,5201520
4599,1993,5201525
12520,1993,5201530
4349,1993,5201540
3780,1993,5201550
17558,1993,5201560
3063,1993,5201565
16584,1993,5201570
2167,1993,5201580
3502,1993,5201590
2414,1993,5201600
7646,1993,5201630
9564,1993,5201640
1472,1993,5201645
10448,1993,5201680
4688,1993,5201690
22536,1993,5201710
13096,1993,5201720
24481,1993,5201730
22685,1993,5201740
42779,1993,5201760
15497,1993,5201770
42115,1993,5201800
3166,1993,5201810
25026,1993,5201830
2835,1993,5201839
35135,1993,5201850
9111,1993,5201860
4380,1993,5201870
808,1993,5201878
95697,1993,5201880
16635,1993,5201890
7152,1993,5201900
3998,1993,5201910
3329,1993,5201920
3498,1993,5201925
35267,1993,5201930
3751,1993,5201935
4629,1993,5201940
3954,1993,5201950
5066,1993,5201960
17582,1993,5201970
3476,1993,5201971
2097,1993,5201973
37786,1993,5201975
10561,1993,5201980
5839,1993,5201990
5224,1993,5202000
1812,1993,5202005
24962,1993,5202010
4356,1993,5202015
19110,1993,5202020
2879,1993,5202026
11042,1993,5202040
25438,1993,5202045
8286,1993,5202050
18070,1993,5202060
5839,1993,5202068
2759,1993,5202070
3938,1993,5202100
1402,1993,5202108
3673,1993,5202119
2269,1993,5202130
57539,1993,5202140
3900,1993,5202145
5211,1993,5202150
2420,1993,5202155
3057,1993,5202157
36105,1993,5202160
14065,1993,5202170
2735,1993,5202180
3304,1993,5202190
9270,1993,5202200
5481,1993,5202205
3022,1993,5202220
1673151,1993,5300010
39325,1994,1100001
10010,1994,1100040
24368,1994,1100034
69094,1994,1100002
9384,1994,1100003
6157,1994,1100060
76954,1994,1100004
4953,1994,1100070
8345,1994,1100080
5094,1994,1100090
26042,1994,1100005
29904,1994,1100006
14301,1994,1100007
12314,1994,1100008
27071,1994,1100009
7539,1994,1100100
35842,1994,1100010
5161,1994,1100110
56467,1994,1100011
110390,1994,1100012
18130,1994,1100013
12846,1994,1100120
13323,1994,1100130
6693,1994,1100140
17172,1994,1100014
6716,1994,1100033
13285,1994,1100050
59613,1994,1100015
56778,1994,1100018
307923,1994,1100020
32488,1994,1100025
5471,1994,1100026
51198,1994,1100028
13981,1994,1100029
16826,1994,1100032
6978,1994,1100150
7709,1994,1100160
12457,1994,1100170
10248,1994,1100180
42664,1994,1100030
6036,1994,1200001
3302,1994,1200005
15076,1994,1200010
3501,1994,1200013
2465,1994,1200017
50674,1994,1200020
7861,1994,1200025
17324,1994,1200030
4184,1994,1200032
8381,1994,1200033
4518,1994,1200034
8558,1994,1200035
13621,1994,1200038
10072,1994,1200080
6832,1994,1200039
201698,1994,1200040
7061,1994,1200042
657,1994,1200043
24355,1994,1200050
16842,1994,1200045
23302,1994,1200060
10160,1994,1200070
9695,1994,1300002
4798,1994,1300006
6277,1994,1300008
8602,1994,1300010
6145,1994,1300014
8328,1994,1300020
17434,1994,1300030
11521,1994,1300040
16628,1994,1300050
20695,1994,1300060
7748,1994,1300063
8045,1994,1300068
26025,1994,1300070
16178,1994,1300080
7325,1994,1300083
13858,1994,1300090
20754,1994,1300100
36392,1994,1300110
18508,1994,1300115
37706,1994,1300120
14055,1994,1300130
22088,1994,1300140
16651,1994,1300150
17168,1994,1300160
11814,1994,1300165
42060,1994,1300170
9921,1994,1300180
20300,1994,1300185
60458,1994,1300190
9634,1994,1300195
5352,1994,1300200
12290,1994,1300210
4827,1994,1300220
16014,1994,1300230
35837,1994,1300240
59505,1994,1300250
10648,1994,1300255
1108612,1994,1300260
39401,1994,1300270
12360,1994,1300280
31743,1994,1300290
13164,1994,1300300
12865,1994,1300310
15849,1994,1300320
12337,1994,1300330
61181,1994,1300340
19254,1994,1300350
8098,1994,1300353
6989,1994,1300356
17428,1994,1300360
19455,1994,1300370
24084,1994,1300380
14447,1994,1300390
5185,1994,1300395
5457,1994,1300400
31939,1994,1300406
27525,1994,1300410
61732,1994,1300420
10641,1994,1300423
5634,1994,1300426
12918,1994,1300430
19973,1994,1300440
13122,1994,1400005
167124,1994,1400010
10702,1994,1400015
9866,1994,1400020
15814,1994,1400030
12047,1994,1400040
12271,1994,1400050
10837,1994,1400060
107076,1994,1500010
4844,1994,1500013
38720,1994,1500020
19185,1994,1500030
7874,1994,1500034
54973,1994,1500040
33684,1994,1500050
71033,1994,1500060
14850,1994,1500070
267786,1994,1500080
31575,1994,1500090
12854,1994,1500095
11596,1994,1500100
15351,1994,1500110
20991,1994,1500120
52878,1994,1500130
1148242,1994,1500140
68713,1994,1500150
12845,1994,1500157
8706,1994,1500160
101039,1994,1500170
13257,1994,1500172
6216,1994,1500175
14743,1994,1500178
77253,1994,1500180
14405,1994,1500190
13771,1994,1500200
86722,1994,1500210
53215,1994,1500220
48674,1994,1500230
111168,1994,1500240
17719,1994,1500250
8668,1994,1500260
58791,1994,1500270
15558,1994,1500275
6590,1994,1500276
31625,1994,1500277
15806,1994,1500280
20649,1994,1500290
28176,1994,1500293
13338,1994,1500295
3331,1994,1500300
22056,1994,1500307
11936,1994,1500309
19838,1994,1500310
28435,1994,1500320
42597,1994,1500330
6466,1994,1500340
9662,1994,1500345
32395,1994,1500350
107619,1994,1500360
43032,1994,1500370
11188,1994,1500375
34578,1994,1500380
23689,1994,1500390
17230,1994,1500400
31288,1994,1500405
7621,1994,1500410
144904,1994,1500420
26631,1994,1500430
20455,1994,1500440
22888,1994,1500445
15500,1994,1500450
19927,1994,1500460
43247,1994,1500470
48831,1994,1500480
23392,1994,1500490
6768,1994,1500495
9141,1994,1500500
6529,1994,1500503
31541,1994,1500506
43069,1994,1500510
20245,1994,1500520
43724,1994,1500530
13723,1994,1500540
26800,1994,1500543
35645,1994,1500548
5361,1994,1500549
68633,1994,1500550
53507,1994,1500553
5373,1994,1500555
5785,1994,1500560
17256,1994,1500570
30669,1994,1500580
15952,1994,1500590
28796,1994,1500600
17446,1994,1500610
59039,1994,1500613
30853,1994,1500616
33498,1994,1500618
22516,1994,1500619
24423,1994,1500620
12360,1994,1500630
10081,1994,1500635
4871,1994,1500640
35835,1994,1500650
20215,1994,1500655
7706,1994,1500658
18768,1994,1500660
17657,1994,1500670
283125,1994,1500680
4350,1994,1500690
18453,1994,1500700
21513,1994,1500710
16524,1994,1500715
21713,1994,1500720
28788,1994,1500730
11856,1994,1500740
44809,1994,1500745
17517,1994,1500747
6404,1994,1500750
34293,1994,1500760
15517,1994,1500770
36797,1994,1500780
17802,1994,1500790
20479,1994,1500795
5313,1994,1500796
11045,1994,1500797
42149,1994,1500800
10292,1994,1500805
36479,1994,1500808
59030,1994,1500810
8561,1994,1500812
29306,1994,1500815
40232,1994,1500820
56931,1994,1500830
13960,1994,1500835
55269,1994,1500840
7009,1994,1600010
5756,1994,1600020
1834,1994,1600021
2335,1994,1600023
1312,1994,1600025
23393,1994,1600027
184239,1994,1600030
9323,1994,1600040
8179,1994,1600050
1598,1994,1600015
5733,1994,1600053
1495,1994,1600055
58157,1994,1600060
2073,1994,1600005
5161,1994,1600070
1953,1994,1700025
6552,1994,1700035
8004,1994,1700040
10786,1994,1700070
8988,1994,1700100
2932,1994,1700105
3284,1994,1700110
3105,1994,1700130
4572,1994,1700190
9707,1994,1700200
97045,1994,1700210
2330,1994,1700215
22445,1994,1700220
9932,1994,1700230
11233,1994,1700240
11272,1994,1700255
4689,1994,1700270
10439,1994,1700290
9120,1994,1700300
6658,1994,1700310
4493,1994,1700320
2693,1994,1700330
1625,1994,1700360
6968,1994,1700370
8326,1994,1700380
1694,1994,1700382
3525,1994,1700384
2951,1994,1700386
1924,1994,1700388
1573,1994,1700389
2889,1994,1700390
1901,1994,1700410
21922,1994,1700550
8617,1994,1701670
5173,1994,1700555
4445,1994,1700560
5334,1994,1700600
8946,1994,1700610
3353,1994,1700650
13493,1994,1700700
6525,1994,1700710
7844,1994,1700720
4272,1994,1700730
5320,1994,1700740
4948,1994,1700755
5807,1994,1700765
7395,1994,1700770
18227,1994,1700820
1496,1994,1700825
5256,1994,1700830
15332,1994,1700900
20221,1994,1700930
59080,1994,1700950
7025,1994,1701050
6068,1994,1701070
2773,1994,1701090
3565,1994,1701110
2832,1994,1701150
2032,1994,1701180
2240,1994,1701190
2087,1994,1701195
824,1994,1701200
4338,1994,1701240
2429,1994,1701250
1171,1994,1701270
1986,1994,1701280
20938,1994,1701320
10765,1994,1701330
6676,1994,1701360
2959,1994,1701395
10531,1994,1701420
6195,1994,1701430
7300,1994,1701488
3114,1994,1701500
2489,1994,1701510
1904,1994,1701515
1551,1994,1701525
55717,1994,1702100
3489,1994,1701570
2907,1994,1701380
9716,1994,1701575
31256,1994,1701610
11470,1994,1701620
3788,1994,1701630
9807,1994,1701650
9289,1994,1701660
3211,1994,1701665
5153,1994,1701700
1181,1994,1701720
9274,1994,1701750
5120,1994,1701780
5955,1994,1701790
2127,1994,1701800
46869,1994,1701820
4626,1994,1701830
3398,1994,1701840
2078,1994,1701850
3862,1994,1701855
757,1994,1701865
1633,1994,1701870
7316,1994,1701875
3317,1994,1701880
2782,1994,1701884
3796,1994,1701886
2065,1994,1701888
3980,1994,1701890
1800,1994,1701900
5239,1994,1702010
838,1994,1702015
7159,1994,1702020
2711,1994,1702025
2601,1994,1702030
3877,1994,1702049
6354,1994,1702065
7465,1994,1702080
1729,1994,1702085
11621,1994,1702090
2340,1994,1702093
6054,1994,1702110
21144,1994,1702120
1162,1994,1702130
9685,1994,1702208
10636,1994,1702210
91262,1994,2100005
4884,1994,2100010
19896,1994,2100020
19626,1994,2100030
19365,1994,2100040
11022,1994,2100050
25059,1994,2100060
19634,1994,2100070
10588,1994,2100080
43886,1994,2100090
36935,1994,2100095
25620,1994,2100100
9480,1994,2100110
102679,1994,2100120
22994,1994,2100130
45346,1994,2100140
13947,1994,2100150
94392,1994,2100160
30588,1994,2100170
9077,1994,2100180
21715,1994,2100190
44174,1994,2100200
27587,1994,2100210
23015,1994,2100220
21893,1994,2100230
11895,1994,2100240
15507,1994,2100250
34975,1994,2100260
23154,1994,2100270
25454,1994,2100280
34751,1994,2100290
150720,1994,2100300
15640,1994,2100310
57728,1994,2100320
112709,1994,2100330
43191,1994,2100340
36547,1994,2100350
71830,1994,2100360
41961,1994,2100370
20038,1994,2100380
7450,1994,2100390
28566,1994,2100400
24982,1994,2100405
13253,1994,2100410
16350,1994,2100420
30713,1994,2100430
16006,1994,2100440
10145,1994,2100450
23106,1994,2100460
5968,1994,2100470
56543,1994,2100480
12213,1994,2100490
20388,1994,2100500
21006,1994,2100510
14634,1994,2100520
302863,1994,2100530
44539,1994,2100540
57977,1994,2100550
14780,1994,2100560
47591,1994,2100570
19580,1994,2100580
14098,1994,2100590
12257,1994,2100600
9778,1994,2100610
9747,1994,2100620
11563,1994,2100630
10746,1994,2100640
18977,1994,2100650
25722,1994,2100660
17407,1994,2100670
15225,1994,2100675
17122,1994,2100680
27510,1994,2100690
20498,1994,2100700
19026,1994,2100710
7409,1994,2100720
4963,1994,2100730
16506,1994,2100740
57918,1994,2100750
15811,1994,2100760
16336,1994,2100770
29281,1994,2100780
23011,1994,2100790
14220,1994,2100800
27166,1994,2100810
51374,1994,2100820
30223,1994,2100830
13818,1994,2100840
32589,1994,2100850
85674,1994,2100860
28173,1994,2100870
20304,1994,2100880
22878,1994,2100890
35148,1994,2100900
43371,1994,2100910
6648,1994,2100920
7762,1994,2100930
18710,1994,2100940
28955,1994,2100950
44549,1994,2100960
5818,1994,2100970
24704,1994,2100980
70459,1994,2100990
124906,1994,2101000
50506,1994,2101003
21681,1994,2101010
22345,1994,2101020
17067,1994,2101030
15592,1994,2101040
28932,1994,2101050
25061,1994,2101060
35757,1994,2101070
6326,1994,2101080
12764,1994,2101090
19795,1994,2101100
26369,1994,2101110
76837,1994,2101120
757377,1994,2101130
24377,1994,2101140
32160,1994,2101150
14615,1994,2101160
17878,1994,2101170
14544,1994,2101180
10482,1994,2101190
6402,1994,2101200
23694,1994,2101210
115601,1994,2101220
36326,1994,2101230
43115,1994,2101240
43973,1994,2101250
24136,1994,2101260
32790,1994,2101270
42024,1994,2101280
50130,1994,2101290
31378,1994,2101300
63163,1994,2101400
6029,1994,2200010
16538,1994,2200020
8510,1994,2200025
4731,1994,2200027
15293,1994,2200030
36188,1994,2200040
17125,1994,2200050
6329,1994,2200060
10089,1994,2200070
5174,1994,2200080
5770,1994,2200090
5670,1994,2200100
12438,1994,2200110
6467,1994,2200115
43611,1994,2200120
4271,1994,2200130
7019,1994,2200140
21006,1994,2200150
10896,1994,2200160
9060,1994,2200170
3919,1994,2200180
19001,1994,2200190
5487,1994,2200191
5073,1994,2200192
8322,1994,2200196
31702,1994,2200200
6215,1994,2200202
7889,1994,2200205
5479,1994,2200209
5763,1994,2200210
64865,1994,2200220
4096,1994,2200225
27719,1994,2200230
10513,1994,2200240
12374,1994,2200250
22720,1994,2200260
27514,1994,2200270
3993,1994,2200273
4405,1994,2200275
7068,1994,2200277
7800,1994,2200280
4319,1994,2200285
25817,1994,2200290
6285,1994,2200300
11574,1994,2200310
13431,1994,2200320
12659,1994,2200330
6238,1994,2200335
5331,1994,2200340
9304,1994,2200345
4412,1994,2200342
15019,1994,2200350
4813,1994,2200360
37357,1994,2200370
4945,1994,2200375
4886,1994,2200380
53254,1994,2200390
5415,1994,2200400
5127,1994,2200410
7430,1994,2200420
9396,1994,2200430
10318,1994,2200440
9819,1994,2200450
3829,1994,2200460
13650,1994,2200470
7931,1994,2200480
7809,1994,2200490
13591,1994,2200500
11245,1994,2200510
5824,1994,2200515
24132,1994,2200520
4267,1994,2200525
4117,1994,2200530
14721,1994,2200540
30458,1994,2200550
5425,1994,2200555
4248,1994,2200556
5555,1994,2200560
28958,1994,2200570
36714,1994,2200580
7035,1994,2200590
4967,1994,2200595
4660,1994,2200600
12194,1994,2200610
27863,1994,2200620
1226,1994,2200630
11221,1994,2200640
6615,1994,2200650
9773,1994,2200660
7897,1994,2200670
6197,1994,2200680
7118,1994,2200690
38043,1994,2200700
14437,1994,2200720
5613,1994,2200730
4478,1994,2200740
11381,1994,2200750
13123,1994,2200760
129874,1994,2200770
4556,1994,2200775
5581,1994,2200777
26725,1994,2200780
45315,1994,2200790
77559,1994,2200800
10815,1994,2200810
16904,1994,2200820
25882,1994,2200830
60286,1994,2200840
14841,1994,2200850
2856,1994,2200860
7724,1994,2200865
7254,1994,2200870
17160,1994,2200880
6021,1994,2200890
10009,1994,2200900
9783,1994,2200910
3047,1994,2200915
5919,1994,2200920
4491,1994,2200930
7790,1994,2200937
4247,1994,2200935
4961,1994,2200940
5663,1994,2200950
3891,1994,2200955
5414,1994,2200960
6599,1994,2200970
5481,1994,2200980
6993,1994,2200985
7205,1994,2200990
34667,1994,2201000
4083,1994,2201005
6041,1994,2201010
6751,1994,2201020
5522,1994,2201030
4110,1994,2201035
24994,1994,2201040
11767,1994,2201050
23995,1994,2201060
8800,1994,2201065
23107,1994,2201070
13937,1994,2201080
5370,1994,2201090
653995,1994,2201100
36217,1994,2201110
16254,1994,2201120
21001,1994,2201130
4204,1994,2201135
8359,1994,2201140
8315,1994,2300010
10439,1994,2300015
48337,1994,2300020
48271,1994,2300030
12954,1994,2300040
8438,1994,2300050
4923,1994,2300060
13721,1994,2300070
25343,1994,2300075
4986,1994,2300080
9616,1994,2300090
49186,1994,2300100
54236,1994,2300110
23005,1994,2300120
9533,1994,2300125
18303,1994,2300130
10371,1994,2300140
7464,1994,2300150
19329,1994,2300160
24140,1994,2300170
5469,1994,2300180
14076,1994,2300185
40821,1994,2300190
15517,1994,2300195
19515,1994,2300200
13593,1994,2300205
27747,1994,2300210
37074,1994,2300220
27491,1994,2300230
48274,1994,2300240
35819,1994,2300250
54211,1994,2300260
23796,1994,2300270
62286,1994,2300280
15686,1994,2300290
12533,1994,2300300
17493,1994,2300310
21013,1994,2300320
17319,1994,2300330
14325,1994,2300340
49401,1994,2300350
12547,1994,2300360
8691,1994,2300365
182638,1994,2300370
23096,1994,2300380
11131,1994,2300390
10853,1994,2300393
15618,1994,2300395
17692,1994,2300400
67147,1994,2300410
92594,1994,2300420
15649,1994,2300423
14295,1994,2300425
7837,1994,2300426
6311,1994,2300427
21608,1994,2300428
17752,1994,2300430
15591,1994,2300435
1882539,1994,2300440
10227,1994,2300445
9806,1994,2300450
5866,1994,2300460
14077,1994,2300465
41809,1994,2300470
4858,1994,2300480
8275,1994,2300490
18593,1994,2300495
32198,1994,2300500
5189,1994,2300510
18029,1994,2300520
19357,1994,2300523
11028,1994,2300526
21207,1994,2300530
8430,1994,2300533
14363,1994,2300535
61852,1994,2300540
77383,1994,2300550
23687,1994,2300560
10637,1994,2300565
11376,1994,2300570
36507,1994,2300580
35359,1994,2300590
13734,1994,2300600
17295,1994,2300610
5840,1994,2300620
24246,1994,2300625
34416,1994,2300630
79034,1994,2300640
12597,1994,2300650
27048,1994,2300655
13576,1994,2300660
17707,1994,2300670
7567,1994,2300680
33081,1994,2300690
26104,1994,2300700
24137,1994,2300710
6729,1994,2300720
5948,1994,2300725
182942,1994,2300730
21252,1994,2300740
30979,1994,2300750
44295,1994,2300760
12947,1994,2300763
186615,1994,2300765
76167,1994,2300770
21920,1994,2300780
6321,1994,2300790
23860,1994,2300800
37429,1994,2300810
10430,1994,2300820
25607,1994,2300830
12117,1994,2300835
9855,1994,2300837
29439,1994,2300840
40014,1994,2300850
15216,1994,2300860
60263,1994,2300870
6149,1994,2300880
14856,1994,2300890
11713,1994,2300900
7924,1994,2300910
11612,1994,2300920
29166,1994,2300930
26899,1994,2300940
20992,1994,2300945
22500,1994,2300950
33779,1994,2300960
39645,1994,2300970
10084,1994,2300980
5277,1994,2300990
8139,1994,2301000
10036,1994,2301010
22172,1994,2301020
20953,1994,2301025
30296,1994,2301030
10701,1994,2301040
39690,1994,2301050
6591,1994,2301060
32491,1994,2301070
14913,1994,2301080
13081,1994,2301085
12835,1994,2301090
9287,1994,2301095
11326,1994,2301100
15368,1994,2301110
8346,1994,2301120
5671,1994,2301123
16998,1994,2301126
61907,1994,2301130
15807,1994,2301135
60455,1994,2301140
14114,1994,2301150
23260,1994,2301160
17446,1994,2301170
49464,1994,2301180
15151,1994,2301190
13295,1994,2301195
39663,1994,2301220
22126,1994,2301200
15094,1994,2301210
38984,1994,2301230
31006,1994,2301240
7861,1994,2301250
11182,1994,2301260
26216,1994,2301270
5301,1994,2301280
133349,1994,2301290
15953,1994,2301300
25661,1994,2301310
26450,1994,2301320
10660,1994,2301325
52516,1994,2301330
12073,1994,2301335
46743,1994,2301340
38606,1994,2301350
10157,1994,2301355
23890,1994,2301360
7742,1994,2301370
15679,1994,2301375
13825,1994,2301380
10020,1994,2301390
13771,1994,2301395
31563,1994,2301400
41802,1994,2301410
11126,1994,2400010
46791,1994,2400020
11451,1994,2400030
2390,1994,2400040
14639,1994,2400050
5648,1994,2400060
8799,1994,2400070
14981,1994,2400080
7463,1994,2400090
31821,1994,2400100
22773,1994,2400110
11381,1994,2400120
12695,1994,2400130
7787,1994,2400140
15792,1994,2400145
3543,1994,2400150
4326,1994,2400160
7759,1994,2400170
8571,1994,2400180
2619,1994,2400190
54357,1994,2400200
9369,1994,2400210
24601,1994,2400220
20668,1994,2400230
5649,1994,2400240
10687,1994,2400250
55986,1994,2400260
10918,1994,2400270
5857,1994,2400280
4909,1994,2400290
7948,1994,2400300
41629,1994,2400310
6699,1994,2400320
4904,1994,2400330
5590,1994,2400340
10798,1994,2400350
16038,1994,2400360
6513,1994,2400370
12682,1994,2400380
3167,1994,2400390
4725,1994,2400400
1226,1994,2400410
18780,1994,2400420
10836,1994,2400430
9652,1994,2400440
6557,1994,2400450
8985,1994,2400460
17197,1994,2400470
1728,1994,2400480
5283,1994,2400490
7394,1994,2400500
5869,1994,2400510
6090,1994,2400520
6601,1994,2400530
6181,1994,2400540
2364,1994,2400550
10328,1994,2400560
12281,1994,2400570
26755,1994,2400580
2573,1994,2400590
5483,1994,2400600
14989,1994,2400610
5269,1994,2400620
5139,1994,2400630
1908,1994,2400640
11508,1994,2400650
6369,1994,2400660
8875,1994,2400670
4615,1994,2400680
3071,1994,2400690
11758,1994,2400700
46639,1994,2400710
26524,1994,2400720
9004,1994,2400730
12214,1994,2400740
13989,1994,2400750
3417,1994,2400760
9982,1994,2400770
16424,1994,2400780
2805,1994,2400790
207416,1994,2400800
653825,1994,2400810
14957,1994,2400820
31101,1994,2400830
4536,1994,2400840
4550,1994,2400850
3732,1994,2400860
4072,1994,2400870
4044,1994,2400880
18188,1994,2400890
67959,1994,2400325
6777,1994,2400910
2488,1994,2400920
11766,1994,2400930
22356,1994,2400940
3545,1994,2400950
2627,1994,2400960
11873,1994,2400970
13201,1994,2400980
11467,1994,2400990
2196,1994,2401000
10844,1994,2401010
6471,1994,2401020
6229,1994,2401030
7071,1994,2401040
3543,1994,2401050
2888,1994,2401060
2599,1994,2401070
4044,1994,2401080
5765,1994,2401090
5351,1994,2401100
3203,1994,2401110
30757,1994,2401120
17069,1994,2401140
2513,1994,2401142
19616,1994,2401150
9136,1994,2401160
3140,1994,2401170
3560,1994,2401180
2893,1994,2401190
48798,1994,2401200
5697,1994,2401210
30217,1994,2401220
11668,1994,2401230
3228,1994,2401240
22028,1994,2401250
14861,1994,2401260
6958,1994,2401270
8013,1994,2401280
11489,1994,2401290
4995,1994,2401300
4378,1994,2401310
2831,1994,2401320
6239,1994,2401330
8552,1994,2401335
7439,1994,2401340
6876,1994,2401350
11093,1994,2401360
4560,1994,2401370
2144,1994,2401380
10676,1994,2401390
10593,1994,2401400
9402,1994,2401410
6196,1994,2401420
2057,1994,2401430
29028,1994,2401440
10936,1994,2401450
8964,1994,2401460
9102,1994,2401470
8503,1994,2401480
1355,1994,2401490
2442,1994,2401500
8334,1994,2500010
7069,1994,2500020
30012,1994,2500030
22775,1994,2500040
10810,1994,2500050
13983,1994,2500060
18298,1994,2500080
10173,1994,2500090
17575,1994,2500100
28246,1994,2500110
6317,1994,2500120
29364,1994,2500130
5674,1994,2500140
22741,1994,2500150
17331,1994,2500160
5131,1994,2500170
81483,1994,2500180
16485,1994,2500190
7928,1994,2500200
6071,1994,2500210
1837,1994,2500220
6113,1994,2500230
9404,1994,2500240
33908,1994,2500250
4006,1994,2500270
13827,1994,2500280
6070,1994,2500290
15813,1994,2500300
6196,1994,2500310
30549,1994,2500320
7124,1994,2500330
2915,1994,2500340
18019,1994,2500350
10277,1994,2500360
52279,1994,2500370
4536,1994,2500380
5643,1994,2500390
345698,1994,2500400
10158,1994,2501640
1982,1994,2500410
4978,1994,2500420
25123,1994,2500430
23312,1994,2500440
7206,1994,2500450
10949,1994,2500460
4182,1994,2500470
14750,1994,2500480
12348,1994,2500490
6115,1994,2500500
23249,1994,2500510
7268,1994,2500520
2545,1994,2500530
13005,1994,2500540
7650,1994,2500560
9802,1994,2500570
7325,1994,2500580
3182,1994,2500590
29015,1994,2500600
13436,1994,2500610
2667,1994,2500620
51160,1994,2500630
13082,1994,2500640
6169,1994,2500650
6554,1994,2500660
5718,1994,2500260
10268,1994,2500670
22147,1994,2500680
26362,1994,2500690
20203,1994,2500700
13681,1994,2500710
9165,1994,2500720
18420,1994,2500730
9835,1994,2500740
539029,1994,2500750
7507,1994,2500760
18273,1994,2500770
6108,1994,2500780
9780,1994,2500790
10715,1994,2500800
5512,1994,2500810
7131,1994,2500820
22776,1994,2500830
3334,1994,2500840
7310,1994,2500850
8006,1994,2500860
4519,1994,2500870
5997,1994,2500880
52457,1994,2500890
11583,1994,2500900
21768,1994,2500910
11742,1994,2500920
5284,1994,2500930
13354,1994,2500940
4062,1994,2500950
4122,1994,2500960
27164,1994,2500970
10660,1994,2500980
11676,1994,2500990
7226,1994,2501000
7373,1994,2501010
6445,1994,2501020
3376,1994,2501030
9069,1994,2501040
3248,1994,2501050
2706,1994,2501060
3298,1994,2501070
85486,1994,2501080
11205,1994,2501090
3776,1994,2501100
6783,1994,2501110
27985,1994,2501120
16252,1994,2501130
18973,1994,2501140
14025,1994,2501150
7914,1994,2501160
5483,1994,2501170
10790,1994,2501180
9971,1994,2501190
14443,1994,2501200
39359,1994,2501210
3170,1994,2501220
23379,1994,2501230
11785,1994,2501240
34232,1994,2501250
1587,1994,2501260
17481,1994,2501270
9215,1994,2501280
27659,1994,2501290
2595,1994,2501300
12483,1994,2501310
7216,1994,2501320
6225,1994,2501330
13278,1994,2501340
99277,1994,2501370
4711,1994,2501380
6605,1994,2501350
7853,1994,2501360
22691,1994,2501390
7504,1994,2501400
21640,1994,2500070
3970,1994,2501410
7450,1994,2501420
5103,1994,2501430
5743,1994,2501440
17557,1994,2501450
2689,1994,2501460
3831,1994,2501470
6019,1994,2501480
8298,1994,2501490
4187,1994,2501500
9145,1994,2501510
4420,1994,2501520
61529,1994,2501530
8184,1994,2501540
13269,1994,2501550
3766,1994,2501560
2606,1994,2501570
7273,1994,2501580
9332,1994,2501590
33374,1994,2501600
11775,1994,2501610
80688,1994,2501620
17306,1994,2501630
15264,1994,2501650
14604,1994,2501660
17896,1994,2501670
10800,1994,2501680
20056,1994,2501690
17434,1994,2501700
2117,1994,2501710
3232,1994,2500550
82338,1994,2600005
31143,1994,2600010
13653,1994,2600020
18464,1994,2600030
25758,1994,2600040
38899,1994,2600050
11318,1994,2600060
37208,1994,2600070
22873,1994,2600080
20218,1994,2600090
8547,1994,2600100
64756,1994,2600110
59615,1994,2600120
10638,1994,2600130
43362,1994,2600140
12523,1994,2600150
22733,1994,2600160
64834,1994,2600170
10986,1994,2600180
52874,1994,2600190
29299,1994,2600200
40905,1994,2600210
37320,1994,2600220
35540,1994,2600230
8521,1994,2600240
7486,1994,2600250
32814,1994,2600260
12597,1994,2600270
38664,1994,2600280
132689,1994,2600290
24631,1994,2600300
16753,1994,2600310
21689,1994,2600320
9637,1994,2600330
7255,1994,2600340
100818,1994,2600345
14613,1994,2600350
7572,1994,2600360
24288,1994,2600370
19789,1994,2600380
18689,1994,2600390
11196,1994,2600392
56564,1994,2600400
223867,1994,2600410
32394,1994,2600420
9498,1994,2600430
11496,1994,2600440
15667,1994,2600450
18933,1994,2600460
15848,1994,2600470
12740,1994,2600480
17593,1994,2600490
22462,1994,2600500
29168,1994,2600510
14268,1994,2600515
56633,1994,2600520
31567,1994,2600530
19011,1994,2600540
1778,1994,2600545
11049,1994,2600550
21555,1994,2600560
21197,1994,2600570
14252,1994,2600580
20186,1994,2600590
107369,1994,2600600
26494,1994,2600610
65995,1994,2600620
6081,1994,2600630
63253,1994,2600640
18590,1994,2600650
29549,1994,2600660
7386,1994,2600670
85333,1994,2600680
10998,1994,2600690
12242,1994,2600760
24393,1994,2600700
4335,1994,2600710
46730,1994,2600720
21821,1994,2600730
3178,1994,2600740
26824,1994,2600750
36608,1994,2600765
15301,1994,2600770
17340,1994,2600775
14824,1994,2600780
525835,1994,2600790
14606,1994,2600800
28181,1994,2600810
16113,1994,2600820
8299,1994,2600825
12118,1994,2600830
12825,1994,2600840
11414,1994,2600845
17446,1994,2600850
11131,1994,2600860
16380,1994,2600870
30543,1994,2600880
54498,1994,2600890
21433,1994,2600900
9122,1994,2600910
22088,1994,2600920
13204,1994,2600930
11625,1994,2601430
40257,1994,2600940
26832,1994,2600950
356018,1994,2600960
20914,1994,2600970
11319,1994,2600980
64956,1994,2600990
57350,1994,2601000
8133,1994,2601010
27763,1994,2601020
11171,1994,2601030
19811,1994,2601040
29944,1994,2601050
40747,1994,2601060
234433,1994,2601070
19166,1994,2601080
59279,1994,2601090
35232,1994,2601100
178706,1994,2601110
9691,1994,2601120
21485,1994,2601130
11448,1994,2601140
21365,1994,2601150
7528,1994,2601153
1322403,1994,2601160
18135,1994,2601170
42202,1994,2601180
34313,1994,2601190
10875,1994,2601200
5989,1994,2601210
48569,1994,2601220
14498,1994,2601230
15187,1994,2601240
10684,1994,2601245
12210,1994,2601247
40971,1994,2601250
44898,1994,2601260
11673,1994,2601270
9857,1994,2601280
9673,1994,2601290
43451,1994,2601300
31123,1994,2601310
19117,1994,2601320
16896,1994,2601330
12165,1994,2601340
31358,1994,2601350
29472,1994,2601360
91771,1994,2601370
14543,1994,2601380
73368,1994,2601390
19215,1994,2601400
31141,1994,2601410
34214,1994,2601420
5655,1994,2601440
60695,1994,2601450
23357,1994,2601460
12314,1994,2601470
18338,1994,2601480
17540,1994,2601500
6644,1994,2601510
7043,1994,2601520
58069,1994,2601530
15754,1994,2601540
12068,1994,2601550
19867,1994,2601560
15770,1994,2601570
19355,1994,2601580
7499,1994,2601590
12756,1994,2601600
8223,1994,2601610
8820,1994,2601618
13931,1994,2601620
28328,1994,2601630
110219,1994,2601640
10610,1994,2601650
18545,1994,2700010
16695,1994,2700020
174913,1994,2700030
37904,1994,2700040
8060,1994,2700050
5411,1994,2700060
13609,1994,2700070
5700,1994,2700080
7412,1994,2700090
23180,1994,2700100
7997,1994,2700110
12387,1994,2700120
19946,1994,2700130
39844,1994,2700140
10234,1994,2700150
18698,1994,2700160
18846,1994,2700170
5801,1994,2700180
7892,1994,2700190
9988,1994,2700200
17106,1994,2700210
5018,1994,2700220
53356,1994,2700230
19108,1994,2700235
44659,1994,2700240
10453,1994,2700250
16313,1994,2700255
19469,1994,2700260
3606,1994,2700270
11904,1994,2700280
29007,1994,2700290
16753,1994,2700300
26684,1994,2700310
19922,1994,2700320
15444,1994,2700330
4978,1994,2700340
7510,1994,2700350
7753,1994,2700360
4779,1994,2700370
26224,1994,2700380
16367,1994,2700390
23215,1994,2700400
16611,1994,2700410
19873,1994,2700420
685800,1994,2700430
17635,1994,2700440
3818,1994,2700490
16762,1994,2700450
11198,1994,2700460
25338,1994,2700470
14727,1994,2700480
27039,1994,2700500
22092,1994,2700510
11470,1994,2700520
7615,1994,2700530
6264,1994,2700540
29336,1994,2700550
14320,1994,2700560
15996,1994,2700570
7011,1994,2700580
4250,1994,2700590
10325,1994,2700600
9526,1994,2700610
3966,1994,2700620
68672,1994,2700630
22468,1994,2700640
8581,1994,2700642
7504,1994,2700644
14713,1994,2700650
6853,1994,2700660
56612,1994,2700670
18141,1994,2700680
30523,1994,2700690
3609,1994,2700700
15698,1994,2700710
11710,1994,2700720
23154,1994,2700730
9461,1994,2700740
18342,1994,2700750
11220,1994,2700760
56264,1994,2700770
8138,1994,2700780
6335,1994,2700790
36857,1994,2700800
11820,1994,2700810
6079,1994,2700820
22077,1994,2700830
27997,1994,2700840
32593,1994,2700850
52888,1994,2700860
4916,1994,2700870
25767,1994,2700880
9974,1994,2700890
9829,1994,2700895
7745,1994,2700900
17561,1994,2700910
32144,1994,2700915
23694,1994,2700920
58648,1994,2700930
23168,1994,2700940
1942,1994,2800010
16404,1994,2800020
429317,1994,2800030
10808,1994,2800040
11416,1994,2800050
13721,1994,2800060
24047,1994,2800067
6593,1994,2800070
13847,1994,2800100
3774,1994,2800110
12369,1994,2800120
25837,1994,2800130
15340,1994,2800140
7344,1994,2800150
5168,1994,2800160
11785,1994,2800170
3249,1994,2800190
2771,1994,2800200
60952,1994,2800210
4456,1994,2800220
10603,1994,2800230
10296,1994,2800240
2206,1994,2800250
5057,1994,2800260
7010,1994,2800270
12513,1994,2800280
67745,1994,2800290
31785,1994,2800300
4877,1994,2800310
21235,1994,2800320
13616,1994,2800330
11373,1994,2800340
75378,1994,2800350
21435,1994,2800360
5102,1994,2800370
2573,1994,2800380
10450,1994,2800390
15829,1994,2800400
9384,1994,2800410
9892,1994,2800420
6893,1994,2800430
16275,1994,2800440
8445,1994,2800445
24162,1994,2800450
20177,1994,2800460
4794,1994,2800470
76459,1994,2800480
11866,1994,2800490
2246,1994,2800500
7911,1994,2800510
4550,1994,2800520
5215,1994,2800530
21059,1994,2800540
18497,1994,2800550
23628,1994,2800560
26216,1994,2800570
16906,1994,2800580
7905,1994,2800590
14478,1994,2800600
6106,1994,2800610
18022,1994,2800620
10336,1994,2800630
3454,1994,2800650
6096,1994,2800640
11453,1994,2800660
53811,1994,2800670
8115,1994,2800680
2242,1994,2800690
3160,1994,2800700
33639,1994,2800710
6496,1994,2800720
2310,1994,2800730
39261,1994,2800740
11368,1994,2800750
15732,1994,2800760
8547,1994,2900010
11982,1994,2900020
13199,1994,2900030
14908,1994,2900035
14480,1994,2900040
6456,1994,2900060
121923,1994,2900070
16752,1994,2900080
10234,1994,2900090
28745,1994,2900100
23897,1994,2900110
16708,1994,2900115
43554,1994,2900120
14950,1994,2900130
18530,1994,2900135
17323,1994,2900140
7897,1994,2900150
18458,1994,2900160
11029,1994,2900170
15308,1994,2900180
16475,1994,2900190
8766,1994,2900195
9678,1994,2900205
15830,1994,2900200
49446,1994,2900210
7455,1994,2900220
13235,1994,2900225
7849,1994,2900230
15321,1994,2900240
15027,1994,2900250
22138,1994,2900260
11761,1994,2900265
40827,1994,2900270
18612,1994,2900280
26046,1994,2900290
15143,1994,2900300
9737,1994,2900310
101027,1994,2900320
13109,1994,2900323
21549,1994,2900340
14640,1994,2900350
15893,1994,2900360
13148,1994,2900370
17229,1994,2900380
53338,1994,2900390
10716,1994,2900395
14831,1994,2900400
12050,1994,2900405
19522,1994,2900410
10304,1994,2900420
13648,1994,2900430
11793,1994,2900440
14601,1994,2900450
59943,1994,2900460
21324,1994,2900470
12836,1994,2900475
9477,1994,2900480
15788,1994,2900485
28397,1994,2900490
18227,1994,2900500
18471,1994,2900510
11534,1994,2900515
41416,1994,2900520
15046,1994,2900530
16542,1994,2900540
17192,1994,2900550
36465,1994,2900560
124556,1994,2900570
33693,1994,2900580
27389,1994,2900590
65109,1994,2900600
9521,1994,2900610
22098,1994,2900620
34617,1994,2900630
10474,1994,2900640
71228,1994,2900650
12909,1994,2900660
24724,1994,2900670
32398,1994,2900680
14961,1994,2900682
18500,1994,2900685
20624,1994,2900687
16793,1994,2900689
20925,1994,2900690
6928,1994,2900700
27879,1994,2900710
49104,1994,2900720
26369,1994,2900730
3290,1994,2900740
44544,1994,2900750
9960,1994,2900755
15044,1994,2900760
9376,1994,2900770
27899,1994,2900780
13342,1994,2900790
31861,1994,2900800
16059,1994,2900810
16441,1994,2900820
18616,1994,2900830
54870,1994,2900840
24029,1994,2900850
16525,1994,2900860
18315,1994,2900870
4650,1994,2900880
22448,1994,2900890
11544,1994,2900900
13793,1994,2900910
18490,1994,2900920
29360,1994,2900930
12776,1994,2900940
4608,1994,2900950
17601,1994,2900960
13240,1994,2900970
48077,1994,2900980
26100,1994,2900990
13571,1994,2901000
34090,1994,2901005
9954,1994,2901010
3812,1994,2901020
7877,1994,2901030
23054,1994,2901040
29059,1994,2901050
11499,1994,2900050
24344,1994,2901060
54319,1994,2901070
76931,1994,2901072
18551,1994,2901075
6647,1994,2901077
434845,1994,2901080
18340,1994,2901085
5392,1994,2901090
13572,1994,2901100
16136,1994,2901110
27741,1994,2901120
7705,1994,2901125
11610,1994,2901130
13412,1994,2901140
9157,1994,2901150
11109,1994,2900330
18275,1994,2901160
8332,1994,2901165
71530,1994,2901170
25057,1994,2901180
11075,1994,2901185
26164,1994,2901190
12180,1994,2901200
30099,1994,2901210
9446,1994,2901220
15710,1994,2901230
18831,1994,2901240
13559,1994,2901250
5700,1994,2901260
28080,1994,2901270
8094,1994,2901280
23222,1994,2901290
18355,1994,2901300
17687,1994,2901310
25113,1994,2901320
9305,1994,2901330
14596,1994,2901340
13801,1994,2901345
22442,1994,2901350
246553,1994,2901360
26438,1994,2901370
15990,1994,2901380
46406,1994,2901390
64280,1994,2901400
8419,1994,2901410
6204,1994,2901420
18561,1994,2901430
17840,1994,2901440
24425,1994,2901450
55517,1994,2901460
20356,1994,2901465
56342,1994,2901470
195425,1994,2901480
19891,1994,2901490
13918,1994,2901500
14899,1994,2901510
20380,1994,2901520
7925,1994,2901530
18714,1994,2901535
9542,1994,2901540
24555,1994,2901550
64551,1994,2901560
9034,1994,2901570
23337,1994,2901580
5819,1994,2901590
22677,1994,2901600
16366,1994,2901610
17006,1994,2901620
11130,1994,2901630
54848,1994,2901640
26053,1994,2901650
10525,1994,2901660
7010,1994,2901670
17285,1994,2901680
10520,1994,2901685
13210,1994,2901690
35286,1994,2901700
20026,1994,2901710
16885,1994,2901720
21032,1994,2901730
11736,1994,2901733
11747,1994,2901735
13571,1994,2901740
80221,1994,2901750
41277,1994,2901760
33960,1994,2901770
14484,1994,2901780
8619,1994,2901790
151666,1994,2901800
41930,1994,2901810
12311,1994,2901820
21853,1994,2901830
20154,1994,2901835
137258,1994,2901840
16385,1994,2901845
14334,1994,2901850
8270,1994,2901855
10464,1994,2901860
5243,1994,2901870
11934,1994,2901875
18746,1994,2901880
3728,1994,2901890
6078,1994,2901900
6786,1994,2901905
10511,1994,2901910
21939,1994,2901915
75541,1994,2901920
8210,1994,2901930
14423,1994,2901940
36007,1994,2901950
10720,1994,2901960
13686,1994,2901970
35445,1994,2901980
6610,1994,2901990
9394,1994,2901992
11257,1994,2901995
8013,1994,2902000
20279,1994,2902010
15570,1994,2902020
7446,1994,2902030
17093,1994,2902040
10783,1994,2902045
28468,1994,2902050
38226,1994,2902060
18354,1994,2902070
14851,1994,2902080
20648,1994,2902090
30075,1994,2902100
9212,1994,2902105
22515,1994,2902110
25908,1994,2902120
9343,1994,2902130
14998,1994,2902140
7995,1994,2902145
53761,1994,2902150
7447,1994,2902160
32581,1994,2902170
13508,1994,2902180
11187,1994,2902190
18016,1994,2902200
14938,1994,2902205
33647,1994,2902210
6311,1994,2902220
8938,1994,2902225
25164,1994,2902230
21496,1994,2902240
26620,1994,2902250
13360,1994,2902260
9761,1994,2902265
13880,1994,2902270
11307,1994,2902273
11369,1994,2902275
6479,1994,2902280
10555,1994,2902285
25307,1994,2902290
27885,1994,2902300
10418,1994,2902303
11596,1994,2902305
22515,1994,2902310
21596,1994,2902320
7205,1994,2902330
12805,1994,2902335
21482,1994,2902340
7306,1994,2902350
20399,1994,2902360
25351,1994,2902370
25635,1994,2902380
15797,1994,2902390
90810,1994,2902400
18398,1994,2902405
6652,1994,2902410
16090,1994,2902420
18734,1994,2902430
32769,1994,2902440
17388,1994,2902450
26224,1994,2902460
10159,1994,2902465
14957,1994,2902467
10467,1994,2902470
26365,1994,2902480
10569,1994,2902490
24074,1994,2902500
39665,1994,2902510
24266,1994,2902520
18531,1994,2902525
37799,1994,2902530
10143,1994,2902540
24424,1994,2902550
14161,1994,2902560
14783,1994,2902570
20003,1994,2902575
24299,1994,2902580
25117,1994,2902590
15140,1994,2902593
22663,1994,2902595
36045,1994,2902600
11568,1994,2902610
20754,1994,2902620
41015,1994,2902630
27959,1994,2902640
14272,1994,2902650
44566,1994,2902660
11181,1994,2902665
14135,1994,2902670
13638,1994,2902680
12388,1994,2902690
30298,1994,2902700
4196,1994,2902710
29599,1994,2902720
9095,1994,2902730
2218962,1994,2902740
17158,1994,2902750
14447,1994,2902760
6380,1994,2902770
6496,1994,2902780
10529,1994,2902790
16384,1994,2902805
43537,1994,2902810
24380,1994,2902840
8650,1994,2902850
32116,1994,2902800
25302,1994,2902820
9109,1994,2902830
55550,1994,2902860
70155,1994,2902870
38798,1994,2902880
19908,1994,2902890
11124,1994,2902895
20575,1994,2902910
11860,1994,2902900
12471,1994,2902905
20709,1994,2902920
19300,1994,2902925
24911,1994,2902930
9492,1994,2902935
15328,1994,2902937
9091,1994,2902940
37770,1994,2902950
15899,1994,2902960
14003,1994,2902970
8200,1994,2902975
12381,1994,2902980
41286,1994,2902990
9840,1994,2903000
90973,1994,2903010
27959,1994,2903020
34769,1994,2903015
17880,1994,2903030
17239,1994,2903040
79691,1994,2903050
11500,1994,2903060
79092,1994,2903070
8493,1994,2903075
12611,1994,2903076
20707,1994,2903077
19810,1994,2903080
11548,1994,2903090
19208,1994,2903100
13764,1994,2903105
10516,1994,2903110
18396,1994,2903120
14883,1994,2903130
92208,1994,2903135
9374,1994,2903140
23278,1994,2903150
13516,1994,2903160
11915,1994,2903170
22486,1994,2903180
48874,1994,2903190
25521,1994,2903200
21293,1994,2903210
22095,1994,2903220
26565,1994,2903230
14250,1994,2903240
12545,1994,2903245
24310,1994,2903250
16718,1994,2903260
33548,1994,2903270
18398,1994,2903280
70170,1994,2903290
18245,1994,2903300
13512,1994,2903305
9405,1994,2903310
17985,1994,2903315
9377,1994,2903317
23889,1994,2903320
8703,1994,2903325
238548,1994,2903330
8481,1994,2903340
14272,1994,2903345
17613,1994,2903350
42327,1994,2903360
6291,1994,3100010
21257,1994,3100020
19106,1994,3100030
3679,1994,3100040
24318,1994,3100050
15340,1994,3100060
1740,1994,3100070
3223,1994,3100080
22062,1994,3100090
20296,1994,3100100
25875,1994,3100110
6411,1994,3100120
2652,1994,3100130
2612,1994,3100140
31782,1994,3100150
55752,1994,3100160
4863,1994,3100163
34617,1994,3100170
6935,1994,3100180
20466,1994,3100190
11935,1994,3100200
7637,1994,3105350
13775,1994,3100210
5979,1994,3100220
15454,1994,3100230
3878,1994,3100240
6285,1994,3100250
30020,1994,3100260
12157,1994,3100280
9895,1994,3100290
9506,1994,3100300
2273,1994,3100310
2028,1994,3100320
2310,1994,3100330
34755,1994,3100340
93791,1994,3100350
2539,1994,3100360
8293,1994,3100370
4404,1994,3100375
2996,1994,3100380
5800,1994,3100390
73959,1994,3100400
7321,1994,3100410
29006,1994,3100420
11422,1994,3100430
2975,1994,3100440
18083,1994,3100450
11726,1994,3100460
17508,1994,3100470
5549,1994,3100480
17101,1994,3100490
8611,1994,3100500
20730,1994,3100510
5633,1994,3100520
4307,1994,3100530
21466,1994,3100540
6020,1994,3100550
102700,1994,3100560
8977,1994,3100570
17965,1994,3100590
9333,1994,3100600
4007,1994,3100610
2079280,1994,3100620
17653,1994,3100630
7010,1994,3100640
17880,1994,3100650
10662,1994,3100660
192367,1994,3100670
4702,1994,3100680
11548,1994,3100690
2940,1994,3100700
34927,1994,3100710
4791,1994,3100720
48337,1994,3100730
37376,1994,3100740
6043,1994,3100750
2946,1994,3100760
5085,1994,3100770
17653,1994,3100780
9399,1994,3100790
16611,1994,3100800
7244,1994,3100810
14070,1994,3100820
15834,1994,3100830
14367,1994,3100840
7290,1994,3100850
5655,1994,3100870
46215,1994,3100860
13338,1994,3100890
6313,1994,3100880
19838,1994,3100900
10878,1994,3100910
9898,1994,3100920
19484,1994,3100930
25894,1994,3100940
12326,1994,3100950
3841,1994,3100960
9580,1994,3100970
8848,1994,3100270
2275,1994,3100980
7797,1994,3100990
34164,1994,3101000
4827,1994,3101010
3581,1994,3101020
12035,1994,3101030
3910,1994,3101040
17874,1994,3101050
19267,1994,3101060
11825,1994,3101070
3088,1994,3101080
12598,1994,3101090
17588,1994,3101100
19651,1994,3101110
47106,1994,3101120
11492,1994,3101130
4349,1994,3101140
11206,1994,3101150
24604,1994,3101160
5754,1994,3101190
5457,1994,3101170
16884,1994,3101180
13724,1994,3101200
8344,1994,3101210
4981,1994,3101220
32095,1994,3101230
7498,1994,3101240
6681,1994,3101250
15475,1994,3101260
4369,1994,3101265
12387,1994,3101270
7186,1994,3101280
8039,1994,3101290
23039,1994,3101300
3331,1994,3101310
19924,1994,3101320
32818,1994,3101330
88750,1994,3101340
8160,1994,3101350
5554,1994,3101360
22789,1994,3101370
2158,1994,3101380
10854,1994,3101390
10513,1994,3101400
11602,1994,3101410
14812,1994,3101420
28110,1994,3101430
18447,1994,3101440
14398,1994,3101450
9595,1994,3101455
4565,1994,3101460
2640,1994,3101470
4535,1994,3101480
2014,1994,3101490
2695,1994,3101500
15387,1994,3101510
61505,1994,3101530
3464,1994,3101540
7100,1994,3101545
20026,1994,3101550
1349,1994,3101560
6243,1994,3101570
14554,1994,3101580
3283,1994,3101590
5576,1994,3101600
15924,1994,3101610
2791,1994,3101620
6214,1994,3101630
3281,1994,3101640
8308,1994,3101650
18989,1994,3101660
5626,1994,3101670
10627,1994,3101680
2852,1994,3101690
10522,1994,3101700
9410,1994,3101710
3996,1994,3101520
14173,1994,3101730
2556,1994,3101720
5003,1994,3101740
18321,1994,3101750
3997,1994,3101760
10561,1994,3101770
7904,1994,3101780
7471,1994,3101790
36335,1994,3101800
4570,1994,3101810
7018,1994,3101820
94216,1994,3101830
29916,1994,3101840
1751,1994,3101850
491369,1994,3101860
9468,1994,3101870
33586,1994,3101880
8523,1994,3101890
3106,1994,3101900
25288,1994,3101910
10891,1994,3101920
26399,1994,3101930
89841,1994,3101940
9444,1994,3101950
3239,1994,3101960
2876,1994,3101970
4204,1994,3101980
4028,1994,3101990
7897,1994,3102000
4215,1994,3102010
9085,1994,3102020
5046,1994,3102030
4248,1994,3102040
10272,1994,3102050
4618,1994,3102060
3145,1994,3102070
11995,1994,3102080
60636,1994,3102090
4952,1994,3102100
8073,1994,3102110
6755,1994,3102120
4116,1994,3102130
6614,1994,3102140
3392,1994,3102150
46864,1994,3102160
4004,1994,3102170
10236,1994,3102180
2896,1994,3102190
21923,1994,3102200
5117,1994,3102210
6098,1994,3102220
159895,1994,3102230
5178,1994,3102240
6030,1994,3102245
6140,1994,3102250
4806,1994,3102260
10113,1994,3102270
2942,1994,3102280
5059,1994,3102290
7452,1994,3102300
5449,1994,3102310
13509,1994,3102320
5086,1994,3102330
1200,1994,3102340
1523,1994,3102350
5898,1994,3102352
19905,1994,3102360
8890,1994,3102370
7968,1994,3102380
4981,1994,3102385
11921,1994,3102390
15979,1994,3102400
25705,1994,3102410
20675,1994,3102420
31448,1994,3102430
4147,1994,3102440
9418,1994,3102450
2607,1994,3102460
3832,1994,3102470
7202,1994,3102480
10095,1994,3102490
3369,1994,3102500
15114,1994,3102510
2168,1994,3102520
2986,1994,3102530
6111,1994,3102540
6164,1994,3102560
12254,1994,3102570
3154,1994,3102580
14074,1994,3102590
9554,1994,3102595
5096,1994,3102600
65331,1994,3102610
7582,1994,3102620
3785,1994,3102630
2400,1994,3102640
17650,1994,3102650
3696,1994,3102660
25184,1994,3102670
6790,1994,3102680
7021,1994,3102690
8117,1994,3102700
4945,1994,3102705
43823,1994,3102710
2682,1994,3102720
10525,1994,3102730
3731,1994,3102740
6330,1994,3102750
12098,1994,3102760
239025,1994,3102770
19851,1994,3102780
1217,1994,3102790
25865,1994,3102800
11952,1994,3102810
10501,1994,3102820
17160,1994,3102830
8114,1994,3102840
4007,1994,3102850
6080,1994,3102860
41905,1994,3102870
7147,1994,3102880
5788,1994,3102890
10258,1994,3102900
7403,1994,3102910
5399,1994,3102920
13900,1994,3102930
4895,1994,3102940
18820,1994,3102950
7474,1994,3102960
8594,1994,3102970
98042,1994,3102980
2713,1994,3102990
2562,1994,3103000
9904,1994,3103005
28987,1994,3103010
6304,1994,3103020
8807,1994,3103030
4699,1994,3103040
9274,1994,3103050
6390,1994,3103060
5120,1994,3103070
2308,1994,3103080
34044,1994,3103090
5019,1994,3103100
6196,1994,3103110
12170,1994,3103115
18367,1994,3103120
187418,1994,3103130
3967,1994,3103140
7962,1994,3103150
4702,1994,3103160
90563,1994,3103170
9932,1994,3103180
33949,1994,3103190
6596,1994,3103200
23036,1994,3103210
10965,1994,3103220
8717,1994,3103230
79358,1994,3103240
33399,1994,3103250
3526,1994,3103260
20742,1994,3103270
2651,1994,3103280
9341,1994,3103290
10588,1994,3103300
11583,1994,3103310
12127,1994,3103320
20917,1994,3103330
11160,1994,3103340
22527,1994,3103350
5679,1994,3103360
7758,1994,3103370
11255,1994,3103375
70240,1994,3103380
6395,1994,3103390
22129,1994,3103400
6252,1994,3103410
86900,1994,3103420
6453,1994,3103430
28191,1994,3103440
4414,1994,3103450
13066,1994,3103460
12272,1994,3103470
6672,1994,3103480
18550,1994,3103490
2884,1994,3103500
18701,1994,3103505
4581,1994,3103507
56179,1994,3103510
83764,1994,3103520
3399,1994,3103530
7144,1994,3103540
14714,1994,3103550
9603,1994,3103560
5091,1994,3103570
22641,1994,3103580
4380,1994,3103590
18226,1994,3103600
6726,1994,3103610
62776,1994,3103620
51328,1994,3103630
4274,1994,3103640
9786,1994,3103650
10004,1994,3103665
405383,1994,3103670
6191,1994,3103680
6928,1994,3103690
16741,1994,3103700
7878,1994,3103710
32601,1994,3103720
4153,1994,3103730
10397,1994,3103740
15515,1994,3103750
5919,1994,3103753
31551,1994,3103760
17705,1994,3103770
16513,1994,3103780
3601,1994,3103790
5764,1994,3103800
6695,1994,3103810
69709,1994,3103820
2952,1994,3103830
47718,1994,3103840
5858,1994,3103850
14765,1994,3103860
6937,1994,3103862
6229,1994,3103865
5032,1994,3103870
16884,1994,3103880
7057,1994,3103890
31553,1994,3103900
3822,1994,3103910
34402,1994,3103920
7179,1994,3103925
30425,1994,3103930
72321,1994,3103940
21597,1994,3103950
33338,1994,3103960
10253,1994,3103980
5553,1994,3103970
14391,1994,3103990
40391,1994,3104000
4453,1994,3104010
2306,1994,3104020
3407,1994,3104030
2968,1994,3104040
12519,1994,3104050
6017,1994,3104055
4481,1994,3104060
18594,1994,3104070
3843,1994,3107150
11257,1994,3104080
11694,1994,3104085
15154,1994,3104090
21095,1994,3104100
24973,1994,3104110
3617,1994,3104120
2797,1994,3104130
21295,1994,3104140
10725,1994,3104150
10036,1994,3104160
7284,1994,3104170
35579,1994,3104180
3728,1994,3104190
17358,1994,3104200
10509,1994,3104210
14824,1994,3104220
3870,1994,3104230
5655,1994,3104240
2830,1994,3104250
7426,1994,3104260
16102,1994,3104270
18957,1994,3104280
31231,1994,3104290
14155,1994,3104300
36715,1994,3104310
19438,1994,3104320
18297,1994,3104340
268037,1994,3104330
6667,1994,3104345
6840,1994,3104350
3208,1994,3104360
3727,1994,3104370
5953,1994,3104380
89483,1994,3104390
27245,1994,3104400
18378,1994,3104410
3852,1994,3104420
43419,1994,3104430
4396,1994,3104440
7109,1994,3104450
24730,1994,3104460
18624,1994,3104470
55434,1994,3104480
4253,1994,3104490
10714,1994,3104500
12399,1994,3104510
18950,1994,3104520
5124,1994,3103660
30617,1994,3104530
2302,1994,3104540
1770,1994,3104550
33107,1994,3104560
2201,1994,3104570
3098,1994,3104580
29011,1994,3104590
32365,1994,3104600
66134,1994,3104610
7678,1994,3104620
17804,1994,3104630
5073,1994,3104640
8031,1994,3104650
1363,1994,3104660
6836,1994,3104670
7150,1994,3104675
10685,1994,3104690
64737,1994,3104710
66409,1994,3104700
16952,1994,3104720
14738,1994,3104730
17967,1994,3104740
13777,1994,3104760
8221,1994,3104770
2322,1994,3104780
1620,1994,3104750
89522,1994,3104790
107103,1994,3104800
64271,1994,3104810
4485,1994,3104820
8366,1994,3104830
5813,1994,3104840
15810,1994,3104850
20468,1994,3104860
22674,1994,3104870
4194,1994,3104880
3836,1994,3104890
1710,1994,3104900
11302,1994,3104910
8447,1994,3104915
4613,1994,3104920
44003,1994,3104930
1606,1994,3104940
2738,1994,3104950
3267,1994,3104960
4583,1994,3104970
11031,1994,3104980
16749,1994,3104990
4384,1994,3105000
2908,1994,3105010
4209,1994,3105020
4879,1994,3105030
4333,1994,3105040
7091,1994,3105050
5872,1994,3105060
3137,1994,3105070
16470,1994,3105080
4562,1994,3105090
6543,1994,3105100
9494,1994,3105110
49035,1994,3105120
8893,1994,3105130
21341,1994,3105140
26382,1994,3105150
7083,1994,3105160
14197,1994,3105170
115843,1994,3105180
10895,1994,3105190
21528,1994,3105200
58235,1994,3105210
57028,1994,3105220
9519,1994,3105230
14277,1994,3105240
86575,1994,3105250
6043,1994,3105260
7434,1994,3105270
26065,1994,3105280
9474,1994,3105290
2523,1994,3105300
6221,1994,3105310
4130,1994,3105320
3080,1994,3105330
16732,1994,3105340
7182,1994,3105360
2841,1994,3105370
1663,1994,3105380
15038,1994,3105390
28866,1994,3105400
10538,1994,3105410
9973,1994,3105420
17125,1994,3105430
4596,1994,3105440
7663,1994,3105445
10482,1994,3105450
162777,1994,3105460
3643,1994,3105470
7442,1994,3105480
15308,1994,3105490
6200,1994,3105510
2530,1994,3105500
7230,1994,3105520
4497,1994,3105530
11487,1994,3105540
9196,1994,3105550
43481,1994,3105560
14052,1994,3105570
15010,1994,3105580
7046,1994,3105590
15996,1994,3105600
5729,1994,3105610
1559,1994,3105620
3844,1994,3105630
3563,1994,3105640
9734,1994,3105650
10479,1994,3105660
94937,1994,3105670
16496,1994,3105680
20967,1994,3105690
51237,1994,3105700
7547,1994,3105710
27433,1994,3105720
6341,1994,3105725
5267,1994,3105730
6227,1994,3105740
5122,1994,3105750
4816,1994,3105760
8236,1994,3105770
157079,1994,3105780
13158,1994,3105790
10720,1994,3105800
5456,1994,3105810
17915,1994,3105820
9336,1994,3105920
3911,1994,3105940
4963,1994,3105930
6855,1994,3105935
5906,1994,3105950
27841,1994,3105960
2890,1994,3105970
16132,1994,3105980
7032,1994,3105830
3620,1994,3105840
8961,1994,3105850
3445,1994,3105860
1769,1994,3105870
3867,1994,3105880
9668,1994,3105890
13835,1994,3105895
3432,1994,3105900
3988,1994,3105910
14132,1994,3105990
3359,1994,3106000
4445,1994,3106010
4280,1994,3106020
11764,1994,3106030
19020,1994,3106040
2022,1994,3106050
3735,1994,3106060
46200,1994,3106070
2685,1994,3106080
3279,1994,3106090
18885,1994,3106100
53377,1994,3106110
6319,1994,3106120
5075,1994,3106130
6538,1994,3106140
7927,1994,3106150
5201,1994,3106160
9480,1994,3106170
7942,1994,3106180
8064,1994,3106190
3020,1994,3102550
20150,1994,3106200
20238,1994,3106210
5497,1994,3106220
2669,1994,3106230
26109,1994,3106240
74745,1994,3106250
7296,1994,3106255
3981,1994,3106257
7913,1994,3106260
30594,1994,3106270
15505,1994,3106280
22673,1994,3106290
7274,1994,3106295
3562,1994,3106300
2826,1994,3106310
3404,1994,3106320
4085,1994,3106330
5979,1994,3106340
10677,1994,3106350
2140,1994,3106360
31600,1994,3106370
6487,1994,3106380
5115,1994,3106390
9365,1994,3106410
9993,1994,3106400
7713,1994,3106420
6296,1994,3106430
4061,1994,3106440
12928,1994,3106450
5100,1994,3106460
51894,1994,3106470
2036,1994,3106480
1848,1994,3106490
5855,1994,3106520
9907,1994,3106500
6730,1994,3106510
5384,1994,3106530
4382,1994,3106540
4377,1994,3106550
4326,1994,3106557
1862,1994,3106560
6048,1994,3106570
1937,1994,3106580
5145,1994,3106590
5132,1994,3106600
3563,1994,3106610
9993,1994,3106620
6721,1994,3106630
1737,1994,3106640
3905,1994,3106650
820,1994,3106660
8409,1994,3106680
10796,1994,3106670
7346,1994,3106690
1959,1994,3106700
19872,1994,3106710
154733,1994,3106720
2039,1994,3106730
5875,1994,3106740
2434,1994,3106750
16751,1994,3106760
6626,1994,3106770
4971,1994,3106780
4197,1994,3106790
28218,1994,3106800
3048,1994,3106810
2156,1994,3106820
3370,1994,3106830
17670,1994,3106840
10300,1994,3106850
143799,1994,3106860
59899,1994,3106870
10808,1994,3106880
8412,1994,3106890
12787,1994,3106900
4791,1994,3106910
9850,1994,3106920
60348,1994,3106930
22638,1994,3106935
48486,1994,3106940
5244,1994,3106950
22325,1994,3106960
19942,1994,3106970
3690,1994,3106980
70363,1994,3106990
14363,1994,3107000
10456,1994,3107005
214942,1994,3107010
398216,1994,3107020
2969,1994,3107030
70143,1994,3107040
10802,1994,3107050
13397,1994,3107052
2230,1994,3107060
93119,1994,3107070
31233,1994,3107080
27825,1994,3107090
19888,1994,3107100
2942,1994,3107110
50771,1994,3107120
54649,1994,3107130
3653,1994,3107140
14043,1994,3107160
8612,1994,3107170
12765,1994,3107180
6611,1994,3107190
29233,1994,3107200
4360,1994,3107210
2477,1994,3107220
40429,1994,3200010
12490,1994,3200016
9677,1994,3200013
31478,1994,3200020
13136,1994,3200030
7536,1994,3200035
16139,1994,3200040
7145,1994,3200050
56876,1994,3200060
6809,1994,3200070
27411,1994,3200080
35363,1994,3200090
13040,1994,3200100
8312,1994,3200110
150832,1994,3200120
295642,1994,3200130
30676,1994,3200140
101345,1994,3200150
24080,1994,3200160
10940,1994,3200170
4269,1994,3200180
28285,1994,3200190
5738,1994,3200200
23410,1994,3200210
10409,1994,3200220
22598,1994,3200230
66949,1994,3200240
16814,1994,3200245
9606,1994,3200250
7819,1994,3200255
10618,1994,3200260
9866,1994,3200265
13424,1994,3200270
48262,1994,3200280
10796,1994,3200290
23771,1994,3200300
18426,1994,3200305
9089,1994,3200310
13993,1994,3200313
10849,1994,3200316
123021,1994,3200320
14046,1994,3200330
10330,1994,3200334
8873,1994,3200335
24232,1994,3200340
18277,1994,3200350
11143,1994,3200360
20448,1994,3200370
13893,1994,3200380
39932,1994,3200390
20126,1994,3200400
23071,1994,3200405
21616,1994,3200410
10278,1994,3200420
9296,1994,3200430
14783,1994,3200435
10218,1994,3200440
11552,1994,3200450
25146,1994,3200455
30375,1994,3200460
6558,1994,3200465
29831,1994,3200470
10413,1994,3200480
80166,1994,3200490
256643,1994,3200500
13588,1994,3200503
12919,1994,3200506
47583,1994,3200510
8202,1994,3200515
280948,1994,3200520
271389,1994,3200530
92204,1994,3300010
6540,1994,3300015
61410,1994,3300020
8542,1994,3300022
21014,1994,3300025
81185,1994,3300030
167548,1994,3300040
374632,1994,3300045
21042,1994,3300050
30184,1994,3300060
91497,1994,3300070
41216,1994,3300080
21005,1994,3300090
389050,1994,3300100
19792,1994,3300110
13236,1994,3300115
15113,1994,3300120
16772,1994,3300130
7362,1994,3300095
17943,1994,3300140
21981,1994,3300150
10286,1994,3300160
690553,1994,3300170
11903,1994,3300180
28985,1994,3300185
174651,1994,3300190
118721,1994,3300200
12843,1994,3300205
23377,1994,3300210
81153,1994,3300220
17001,1994,3300225
68324,1994,3300227
7366,1994,3300230
109459,1994,3300240
168958,1994,3300250
18960,1994,3300260
50153,1994,3300270
16929,1994,3300280
20569,1994,3300290
26001,1994,3300300
14922,1994,3300310
159699,1994,3300320
445798,1994,3300330
177880,1994,3300340
802237,1994,3300350
37748,1994,3300360
35152,1994,3300370
24796,1994,3300380
22314,1994,3300385
261883,1994,3300390
35007,1994,3300400
14895,1994,3300410
8985,1994,3300412
102640,1994,3300414
10707,1994,3300415
95466,1994,3300420
46294,1994,3300430
13750,1994,3300440
6366,1994,3300450
19564,1994,3300452
5577141,1994,3300455
10708,1994,3300460
34496,1994,3300470
34483,1994,3300480
820469,1994,3300490
61055,1994,3300500
432429,1994,3300510
16205,1994,3300515
54387,1994,3300520
8002,1994,3300530
15525,1994,3300540
40676,1994,3300550
18503,1994,3300560
13275,1994,3300570
126145,1994,3300580
10706,1994,3300590
68628,1994,3300600
62330,1994,3300610
7264,1994,3300615
28948,1994,3300620
229363,1994,3300630
32103,1994,3500010
3164,1994,3500020
25315,1994,3500030
6846,1994,3500040
12560,1994,3500050
4083,1994,3500055
1834,1994,3500060
33292,1994,3500070
3461,1994,3500075
3378,1994,3500080
3501,1994,3500090
13931,1994,3500100
4629,1994,3500110
15004,1994,3500115
4929,1994,3500120
19801,1994,3500130
3030,1994,3500140
2457,1994,3500150
161706,1994,3500160
21743,1994,3500170
5457,1994,3500180
53339,1994,3500190
3169,1994,3500200
53859,1994,3500210
18075,1994,3500220
3606,1994,3500230
3135,1994,3500240
34167,1994,3500250
4978,1994,3500260
27869,1994,3500270
7270,1994,3500275
159700,1994,3500280
15759,1994,3500290
4265,1994,3500300
6080,1994,3500310
2342,1994,3500315
172786,1994,3500320
95393,1994,3500330
6917,1994,3500340
3176,1994,3500350
10809,1994,3500360
5980,1994,3500370
21049,1994,3500380
41035,1994,3500390
1894,1994,3500395
79609,1994,3500400
94168,1994,3500410
13035,1994,3500420
4491,1994,3500430
8360,1994,3500440
64158,1994,3500450
6185,1994,3500460
1245,1994,3500470
7100,1994,3500480
9267,1994,3500490
2928,1994,3500500
5251,1994,3500510
25770,1994,3500520
33639,1994,3500530
5163,1994,3500535
7708,1994,3500540
100188,1994,3500550
20428,1994,3500560
144502,1994,3500570
20065,1994,3500580
46313,1994,3500590
279505,1994,3500600
73910,1994,3500610
2444,1994,3500620
10281,1994,3500630
11551,1994,3500635
5586,1994,3500640
81940,1994,3500650
19323,1994,3500660
12858,1994,3500670
7421,1994,3500680
5941,1994,3500690
25073,1994,3500700
10661,1994,3500710
2391,1994,3500715
726,1994,3500720
3346,1994,3500730
12366,1994,3500740
1473,1994,3500745
98994,1994,3500750
105525,1994,3500760
4124,1994,3500770
14472,1994,3500780
15117,1994,3500790
15036,1994,3500800
13036,1994,3500810
3672,1994,3500820
3937,1994,3500830
20386,1994,3500840
69363,1994,3500850
23704,1994,3500860
17649,1994,3500870
14753,1994,3500880
3929,1994,3500890
42613,1994,3500900
3406,1994,3500910
36796,1994,3500920
25790,1994,3500925
9488,1994,3500930
21251,1994,3500940
4101,1994,3500945
892817,1994,3500950
49504,1994,3500960
40504,1994,3500970
4093,1994,3500980
10204,1994,3500990
26723,1994,3501000
2373,1994,3501010
2490,1994,3501015
47727,1994,3501020
11653,1994,3501030
37324,1994,3501040
57675,1994,3501050
307835,1994,3501060
12321,1994,3501070
26008,1994,3501080
2772,1994,3501090
15333,1994,3501100
95322,1994,3501110
6405,1994,3501120
5568,1994,3501130
13490,1994,3501140
21723,1994,3501150
12085,1994,3501160
11256,1994,3501170
11970,1994,3505720
4978,1994,3501190
17238,1994,3501200
5715,1994,3501210
20882,1994,3501220
12142,1994,3501230
14452,1994,3501240
6148,1994,3501250
5613,1994,3501260
3217,1994,3501270
39274,1994,3501280
7643,1994,3501290
120863,1994,3501300
23681,1994,3501310
5779,1994,3501320
2731,1994,3501330
72077,1994,3501340
93657,1994,3501350
23959,1994,3501360
27038,1994,3501370
324219,1994,3501380
1840,1994,3501385
12061,1994,3501390
7487,1994,3501400
19773,1994,3501410
2025,1994,3501420
8119,1994,3501430
40791,1994,3501440
11504,1994,3501450
5388,1994,3501460
6464,1994,3501470
13398,1994,3501480
12604,1994,3501490
2664,1994,3501492
2598,1994,3501495
170861,1994,3501500
39568,1994,3501510
2965,1994,3501512
7090,1994,3501515
38207,1994,3501518
3058,1994,3501519
7194,1994,3505730
8290,1994,3501520
2686,1994,3501530
10432,1994,3501535
14637,1994,3501540
5294,1994,3501560
58953,1994,3501550
104890,1994,3501570
2302,1994,3501580
3430,1994,3501590
12096,1994,3501600
3070,1994,3501610
253876,1994,3501620
91495,1994,3501630
93294,1994,3501640
2391,1994,3501650
10246,1994,3501660
42640,1994,3501670
3846,1994,3501680
11553,1994,3501690
9879,1994,3501700
4095,1994,3501710
6675,1994,3501720
5015,1994,3501730
32626,1994,3501740
11533,1994,3501750
18668,1994,3501760
17174,1994,3501770
8096,1994,3501780
8192,1994,3501790
6617,1994,3501800
5406,1994,3501810
28024,1994,3501820
18853,1994,3501830
96164,1994,3501840
8881,1994,3501850
31534,1994,3501860
224804,1994,3501870
850902,1994,3501880
6191,1994,3501885
5169,1994,3501890
6868,1994,3501900
5910,1994,3501905
97550,1994,3501907
7742,1994,3501910
6870,1994,3501920
2260,1994,3501925
20400,1994,3501930
8914,1994,3501940
5650,1994,3501950
40155,1994,3501960
53649,1994,3501970
6241,1994,3501980
10244,1994,3501990
22612,1994,3502000
22797,1994,3502010
6807,1994,3502020
26875,1994,3502030
2893,1994,3502042
22312,1994,3502044
14669,1994,3502040
111994,1994,3502050
4712,1994,3502060
4610,1994,3502070
3245,1994,3502080
11648,1994,3502090
11441,1994,3502100
2916,1994,3502110
4462,1994,3502120
10595,1994,3502130
12734,1994,3502140
5947,1994,3502150
8060,1994,3502160
18278,1994,3502170
18707,1994,3502180
13459,1994,3502190
2281,1994,3502200
50254,1994,3502210
3913,1994,3502215
93410,1994,3502220
106797,1994,3502230
77243,1994,3502240
121450,1994,3502250
59417,1994,3502260
3183,1994,3502265
34707,1994,3502270
13936,1994,3502280
9491,1994,3502290
3940,1994,3502300
187660,1994,3502310
42998,1994,3502320
12184,1994,3502330
67237,1994,3502340
14919,1994,3502350
10768,1994,3502360
5061,1994,3502370
7112,1994,3502380
115494,1994,3502390
19658,1994,3502400
34654,1994,3502410
6482,1994,3502420
62092,1994,3502430
175762,1994,3502440
3130,1994,3502450
15740,1994,3502460
24636,1994,3502470
44953,1994,3502480
3349,1994,3502490
68385,1994,3502500
25320,1994,3502510
11787,1994,3502520
98825,1994,3502530
3410,1994,3502540
8375,1994,3502550
3115,1994,3502560
24301,1994,3502570
3717,1994,3502580
296795,1994,3502590
17123,1994,3502600
17313,1994,3502610
21637,1994,3502620
4725,1994,3502630
20094,1994,3502640
5307,1994,3502650
4905,1994,3502660
74403,1994,3502670
47087,1994,3502680
221905,1994,3502690
4322,1994,3502700
60227,1994,3502710
76806,1994,3502720
1611,1994,3502725
17617,1994,3502730
19695,1994,3502740
2277,1994,3502750
6318,1994,3502760
4238,1994,3502770
4161,1994,3502780
2553,1994,3502790
14137,1994,3502800
7550,1994,3502810
3826,1994,3502820
3750,1994,3502830
32120,1994,3502840
43560,1994,3502850
7873,1994,3502860
3379,1994,3502870
13086,1994,3502880
1873,1994,3502885
4209,1994,3502890
170877,1994,3502900
2094,1994,3502910
19736,1994,3502920
69384,1994,3502930
317050,1994,3502940
3386,1994,3502950
3796,1994,3502960
1961,1994,3502965
18271,1994,3502970
10242,1994,3502980
2719,1994,3503000
19372,1994,3502990
25109,1994,3503010
14677,1994,3503020
42850,1994,3503030
3079,1994,3503040
61295,1994,3503050
108637,1994,3503070
291761,1994,3503060
67993,1994,3503080
2512,1994,3503090
2039,1994,3503100
20616,1994,3503110
5564,1994,3503120
41730,1994,3503130
17875,1994,3503140
19177,1994,3503150
4563,1994,3503160
27878,1994,3503180
3547,1994,3503170
22308,1994,3503190
8609,1994,3503200
3487,1994,3503205
3658,1994,3503210
3035,1994,3503220
6304,1994,3503230
12646,1994,3503240
8505,1994,3503250
10380,1994,3503260
2850,1994,3503270
4056,1994,3503280
5479,1994,3503282
2675,1994,3503284
5642,1994,3503290
15634,1994,3503300
2063,1994,3503310
2033,1994,3503320
2860,1994,3503330
37153,1994,3503340
3155,1994,3503325
31288,1994,3503350
5923,1994,3503360
4169,1994,3503370
2709,1994,3503380
46799,1994,3503390
3058,1994,3503400
6960,1994,3503410
3292,1994,3503420
32886,1994,3503430
591370,1994,3503440
2449,1994,3503450
29718,1994,3503460
80139,1994,3503470
7438,1994,3503480
11956,1994,3503490
8796,1994,3503500
7921,1994,3503510
10588,1994,3503520
19079,1994,3503530
13374,1994,3503540
36910,1994,3503550
15206,1994,3503560
4967,1994,3503570
13067,1994,3503580
3678,1994,3503590
11041,1994,3503600
3614,1994,3503610
13443,1994,3503620
1590,1994,3503625
9939,1994,3503630
4493,1994,3503640
40036,1994,3503650
8723,1994,3503660
33623,1994,3503670
5261,1994,3503680
3003,1994,3503690
14020,1994,3503700
29372,1994,3503710
2641,1994,3503715
8217,1994,3503720
50701,1994,3503730
26292,1994,3503740
4667,1994,3503750
35746,1994,3503760
4390,1994,3503770
45761,1994,3503780
21116,1994,3503790
110093,1994,3503800
12988,1994,3503810
8843,1994,3503820
3160,1994,3503830
15061,1994,3503850
20586,1994,3503860
295578,1994,3503870
27381,1994,3503880
18207,1994,3503890
10346,1994,3503900
8608,1994,3503910
21437,1994,3503920
59585,1994,3503930
9426,1994,3503940
32165,1994,3503950
3414,1994,3503960
2969,1994,3503970
83224,1994,3503980
4377,1994,3503990
17601,1994,3504000
3592,1994,3504010
24710,1994,3504020
3302,1994,3504025
3023,1994,3504030
4519,1994,3504040
5735,1994,3504050
40287,1994,3504060
41984,1994,3504070
10156,1994,3504075
11438,1994,3504080
10349,1994,3504090
137694,1994,3504100
4356,1994,3504110
13692,1994,3504120
36595,1994,3504130
172559,1994,3504140
37927,1994,3504150
30519,1994,3504160
11922,1994,3504170
1872,1994,3504180
7888,1994,3504190
5308,1994,3504200
9291,1994,3504210
27658,1994,3504220
4020,1994,3504230
16213,1994,3504240
4867,1994,3504250
51402,1994,3504260
4625,1994,3504270
3978,1994,3504280
10831,1994,3504290
20889,1994,3504300
3389,1994,3504310
4340,1994,3504320
6340,1994,3504325
92803,1994,3504330
459691,1994,3504340
2802,1994,3504360
11204,1994,3504370
10800,1994,3504380
145168,1994,3504390
20700,1994,3504400
32613,1994,3504410
7939,1994,3504420
9175,1994,3504350
22612,1994,3504425
6519,1994,3504430
2770,1994,3504440
2162,1994,3504450
4421,1994,3504460
2566,1994,3504470
3634,1994,3504480
8003,1994,3504490
11600,1994,3504500
4315,1994,3504510
5382,1994,3504515
78895,1994,3504520
27643,1994,3504530
7722,1994,3504540
2324,1994,3504550
13241,1994,3504560
5730,1994,3504570
162226,1994,3504580
10807,1994,3504600
2415,1994,3504610
2994,1994,3504620
23642,1994,3504630
37580,1994,3504640
6073,1994,3504650
23600,1994,3504660
10994,1994,3504670
39875,1994,3504680
6589,1994,3504690
4651,1994,3504700
2884,1994,3504710
3372,1994,3504740
24635,1994,3504750
20148,1994,3504760
2287,1994,3504720
41188,1994,3504730
22150,1994,3504770
632783,1994,3504780
5032,1994,3504790
14956,1994,3504800
7331,1994,3504805
5818,1994,3504810
5374,1994,3504820
2149,1994,3504830
3920,1994,3504840
420397,1994,3504850
8487,1994,3504860
601801,1994,3504870
146168,1994,3504880
167777,1994,3504890
2459,1994,3504900
72608,1994,3504910
2699,1994,3504920
1632,1994,3504925
2721,1994,3504930
37763,1994,3504940
7283,1994,3504950
3804,1994,3504960
46809,1994,3504970
307272,1994,3504980
480630,1994,3504990
8186,1994,3504995
9958,1994,3505000
37211,1994,3505010
27685,1994,3505020
9931038,1994,3505030
21862,1994,3505040
6972,1994,3505050
59827,1994,3505060
36964,1994,3505070
12060,1994,3505080
12241,1994,3505090
287300,1994,3505100
6792,1994,3505110
3032,1994,3505120
2565,1994,3505130
6472,1994,3505140
22781,1994,3505160
25159,1994,3505150
85922,1994,3505170
12792,1994,3505180
10779,1994,3505190
5153,1994,3505200
32302,1994,3505210
405979,1994,3505220
7795,1994,3505230
160212,1994,3505240
2709,1994,3505255
173115,1994,3505250
10173,1994,3505260
11677,1994,3505270
175508,1994,3505280
4842,1994,3505290
6576,1994,3505300
5426,1994,3505310
5471,1994,3505320
20843,1994,3505330
21969,1994,3505340
5866,1994,3505350
12385,1994,3505360
49270,1994,3505370
18930,1994,3505380
3232,1994,3505385
4947,1994,3505390
10054,1994,3505395
83784,1994,3505400
216279,1994,3505410
4576,1994,3505420
20658,1994,3505430
6788,1994,3505440
27814,1994,3505450
2756,1994,3505460
1264,1994,3505465
7676,1994,3505470
30073,1994,3505480
4996,1994,3505490
4325,1994,3505495
62998,1994,3505500
13581,1994,3505510
2018,1994,3505520
2660,1994,3505530
2920,1994,3505535
51698,1994,3505540
4053,1994,3505550
8527,1994,3505560
1346,1994,3505570
9796,1994,3505580
1305,1994,3505590
10647,1994,3505600
6041,1994,3505610
74044,1994,3505620
17371,1994,3505630
5290,1994,3505635
33760,1994,3505640
17196,1994,3505645
75173,1994,3505650
10677,1994,3505660
36661,1994,3505670
13741,1994,3505680
3793,1994,3505690
88051,1994,3505700
67886,1994,3505710
1914,1994,3505715
10335,1994,4100010
8002,1994,4100020
6360,1994,4100030
69899,1994,4100040
6661,1994,4100045
11595,1994,4100060
11474,1994,4100070
22042,1994,4100050
8674,1994,4100080
4132,1994,4100090
12718,1994,4100100
3400,1994,4100105
20691,1994,4100110
2305,1994,4100115
17265,1994,4100120
8165,1994,4100130
100437,1994,4100140
68205,1994,4100150
22069,1994,4100160
11923,1994,4100170
65170,1994,4100180
19696,1994,4100190
38508,1994,4100200
22695,1994,4100210
3969,1994,4100220
7935,1994,4100230
34673,1994,4100240
16746,1994,4100250
2836,1994,4100270
13742,1994,4100260
15271,1994,4100280
13428,1994,4100290
6687,1994,4100300
3807,1994,4100302
10251,1994,4100305
7489,1994,4100310
6373,1994,4100320
4032,1994,4100322
10282,1994,4100330
7759,1994,4100335
4216,1994,4100337
2158,1994,4100340
8545,1994,4100345
5203,1994,4100347
7048,1994,4100350
21133,1994,4100360
78016,1994,4100370
6109,1994,4100380
19872,1994,4100390
20210,1994,4100400
4863,1994,4100405
5486,1994,4100410
76622,1994,4100420
82341,1994,4100430
22828,1994,4100440
19735,1994,4100442
26938,1994,4100445
17638,1994,4100450
11719,1994,4100460
11894,1994,4100470
205908,1994,4100480
67679,1994,4100490
8796,1994,4100500
13734,1994,4100510
16243,1994,4100520
10179,1994,4100530
19435,1994,4100540
50373,1994,4100550
8552,1994,4100560
18264,1994,4100570
131327,1994,4100580
19822,1994,4100590
7684,1994,4100600
3460,1994,4100610
11878,1994,4100620
15785,1994,4100630
49281,1994,4100640
24893,1994,4100650
5949,1994,4100655
17310,1994,4100680
5191,1994,4100657
22928,1994,4100660
4812,1994,4100670
1386692,1994,4100690
10602,1994,4100700
8287,1994,4100715
7312,1994,4100710
4374,1994,4100712
30874,1994,4100720
5891,1994,4100725
5711,1994,4100730
5053,1994,4102863
7173,1994,4100740
14521,1994,4100750
2834,1994,4100753
4630,1994,4100755
17862,1994,4100760
26410,1994,4100765
5384,1994,4100770
9676,1994,4100775
5214,1994,4100785
5287,1994,4100780
4580,1994,4100790
11875,1994,4100800
2120,1994,4100810
10660,1994,4100820
206265,1994,4100830
8244,1994,4100832
64735,1994,4100840
11918,1994,4100850
4764,1994,4100855
39710,1994,4100860
11070,1994,4100870
30317,1994,4100880
5000,1994,4100890
3984,1994,4100900
2201,1994,4100910
5497,1994,4100920
20833,1994,4100930
148269,1994,4100940
7835,1994,4100950
18804,1994,4100960
8150,1994,4100965
25221,1994,4100970
6391,1994,4100975
37156,1994,4100980
10901,1994,4100990
3165,1994,4101000
2922,1994,4101005
27069,1994,4101010
14393,1994,4101020
2617,1994,4101030
3913,1994,4101040
13154,1994,4101050
18133,1994,4101060
3178,1994,4101065
50559,1994,4101070
14401,1994,4101080
5007,1994,4101090
3746,1994,4101095
10260,1994,4101100
6112,1994,4101110
8698,1994,4101120
11362,1994,4101125
4768,1994,4101130
11562,1994,4101140
40845,1994,4101150
7040,1994,4101155
2485,1994,4101160
4206,1994,4101170
41290,1994,4101180
10205,1994,4101190
26270,1994,4101200
18787,1994,4101210
9506,1994,4101220
4646,1994,4101230
7268,1994,4101240
12213,1994,4101250
1421,1994,4101260
10527,1994,4101270
11694,1994,4101275
9762,1994,4101280
3800,1994,4101290
8695,1994,4101295
6116,1994,4101300
5910,1994,4101310
40199,1994,4101320
6761,1994,4101325
31384,1994,4101330
4576,1994,4101340
6115,1994,4101342
6159,1994,4101345
17091,1994,4101350
3938,1994,4101360
411938,1994,4101370
9021,1994,4101373
6744,1994,4101375
4286,1994,4101380
12337,1994,4101390
16215,1994,4101400
14865,1994,4101410
29674,1994,4101420
14093,1994,4101430
18901,1994,4101440
10888,1994,4101450
34022,1994,4101460
7558,1994,4101470
23904,1994,4101480
9143,1994,4101490
6648,1994,4101500
10629,1994,4101510
258094,1994,4101520
6353,1994,4101530
6491,1994,4101535
15521,1994,4101540
4506,1994,4101550
12397,1994,4101560
11958,1994,4101570
6211,1994,4101573
4480,1994,4101575
39074,1994,4101580
4075,1994,4101585
2446,1994,4101590
5119,1994,4101600
9974,1994,4101605
16366,1994,4101610
13000,1994,4101620
3265,1994,4101630
3345,1994,4101640
1262,1994,4101650
3946,1994,4101660
14913,1994,4101670
11131,1994,4101680
24445,1994,4101690
5193,1994,4101695
8464,1994,4101700
12382,1994,4101705
13001,1994,4101710
5188,1994,4101720
10402,1994,4101725
3581,1994,4101721
7109,1994,4101722
16928,1994,4101727
3308,1994,4101729
24655,1994,4101730
3375,1994,4101740
5696,1994,4101745
23452,1994,4101750
37255,1994,4101760
30688,1994,4101770
17813,1994,4101780
24539,1994,4101790
9371,1994,4101800
8609,1994,4101810
114025,1994,4101820
2570,1994,4101830
71803,1994,4101840
3426,1994,4101845
54790,1994,4101850
4719,1994,4101860
6864,1994,4101870
13630,1994,4101880
13702,1994,4101890
11160,1994,4101900
8178,1994,4101910
81842,1994,4101915
2758,1994,4101925
5155,1994,4101920
35380,1994,4101930
20284,1994,4101940
33994,1994,4101950
45332,1994,4101960
2320,1994,4101965
3649,1994,4101970
13744,1994,4101980
245679,1994,4101990
15574,1994,4102000
3746,1994,4102010
2890,1994,4102020
3816,1994,4102030
7706,1994,4102035
3269,1994,4102040
11463,1994,4102050
49671,1994,4102060
5833,1994,4102070
10566,1994,4102080
3544,1994,4102085
31842,1994,4102090
10964,1994,4102100
5038,1994,4102110
15064,1994,4102120
3384,1994,4102125
4334,1994,4102130
4025,1994,4102135
15614,1994,4102140
13528,1994,4102150
7459,1994,4102160
25349,1994,4102170
10948,1994,4102180
13699,1994,4102190
12962,1994,4102200
4034,1994,4102210
5200,1994,4102215
29099,1994,4102220
27802,1994,4102230
41919,1994,4102240
16493,1994,4102250
7744,1994,4102260
8874,1994,4102265
5355,1994,4102270
10855,1994,4102280
6113,1994,4102290
13326,1994,4102300
4682,1994,4102310
4729,1994,4102320
10305,1994,4102330
8374,1994,4102340
17176,1994,4102350
1839,1994,4102360
8816,1994,4102370
11392,1994,4102380
4530,1994,4102382
13653,1994,4102385
14560,1994,4102390
2893,1994,4102395
5881,1994,4102402
14783,1994,4102405
5426,1994,4102400
39123,1994,4102410
2800,1994,4102420
2239,1994,4102430
16904,1994,4102440
5463,1994,4102450
5030,1994,4102460
12777,1994,4102470
12440,1994,4102480
5775,1994,4102490
16038,1994,4102500
12872,1994,4102510
9243,1994,4102520
5478,1994,4102530
8786,1994,4102535
8180,1994,4102540
5036,1994,4102545
141493,1994,4102550
2125,1994,4102555
35011,1994,4102560
18415,1994,4102570
9117,1994,4102575
8975,1994,4102580
2922,1994,4102590
8387,1994,4102600
4603,1994,4102610
6823,1994,4102620
50693,1994,4102625
4392,1994,4102627
15667,1994,4102630
6631,1994,4102640
13755,1994,4102650
13693,1994,4102660
4699,1994,4102665
4401,1994,4102670
11934,1994,4102680
7638,1994,4102690
14181,1994,4102700
68635,1994,4102710
13715,1994,4102720
13388,1994,4102730
17767,1994,4102740
17345,1994,4102750
10795,1994,4102760
91125,1994,4102770
10848,1994,4102780
13643,1994,4102785
2759,1994,4102788
11020,1994,4102790
8490,1994,4102795
14308,1994,4102796
26565,1994,4102800
88824,1994,4102810
46496,1994,4102820
2559,1994,4102830
13163,1994,4102840
6700,1994,4102853
10933,1994,4102855
9820,1994,4102860
4312,1994,4102862
3463,1994,4102865
6418,1994,4102870
19088,1994,4102850
7855,1994,4102880
3167,1994,4200005
13421,1994,4200010
7428,1994,4200020
3682,1994,4200030
6987,1994,4200040
6311,1994,4200050
3168,1994,4200055
4608,1994,4200060
9883,1994,4200070
9403,1994,4200080
6140,1994,4200090
10390,1994,4200100
3479,1994,4200110
5668,1994,4200120
7573,1994,4200125
3889,1994,4200127
13512,1994,4200130
52054,1994,4200140
6144,1994,4200150
3435,1994,4200160
2765,1994,4200165
6374,1994,4200170
3738,1994,4200180
6274,1994,4200190
3758,1994,4200205
43337,1994,4200200
10887,1994,4200210
3332,1994,4200215
8451,1994,4200220
36623,1994,4200230
225556,1994,4200240
4054,1994,4200250
7105,1994,4200260
5100,1994,4200245
4416,1994,4200270
17822,1994,4200280
2603,1994,4200285
62328,1994,4200290
54576,1994,4200300
7486,1994,4200310
2732,1994,4200315
27745,1994,4200320
10414,1994,4200330
7817,1994,4200340
26592,1994,4200350
34732,1994,4200360
8445,1994,4200370
57101,1994,4200380
14755,1994,4200390
17078,1994,4200395
6609,1994,4200400
5845,1994,4200410
3374,1994,4200415
5030,1994,4200417
120177,1994,4200420
12796,1994,4200425
62453,1994,4200430
3058,1994,4200435
10289,1994,4200440
3589,1994,4200445
18417,1994,4200455
10740,1994,4200450
157423,1994,4200460
11140,1994,4200470
37031,1994,4200480
10378,1994,4200490
13378,1994,4200500
3651,1994,4200510
3026,1994,4200515
4515,1994,4200520
9584,1994,4200530
272073,1994,4200540
2679,1994,4200543
15149,1994,4200545
28652,1994,4200550
6924,1994,4200560
10253,1994,4200570
9351,1994,4200580
38291,1994,4200590
10266,1994,4200600
5258,1994,4200610
8337,1994,4200620
10673,1994,4200630
12546,1994,4200640
19007,1994,4200650
4662,1994,4200660
5017,1994,4200665
18388,1994,4200670
3842,1994,4200680
13642,1994,4200690
40958,1994,4200700
9773,1994,4200710
15046,1994,4200720
33267,1994,4200730
5417,1994,4200740
32424,1994,4200750
4651,1994,4200760
7779,1994,4200765
6128,1994,4200768
7310,1994,4200770
5590,1994,4200775
8103,1994,4200780
2870,1994,4200785
10092,1994,4200790
8492,1994,4200800
17819,1994,4200810
127826,1994,4200820
13120,1994,4200830
15287,1994,4200840
4309,1994,4200845
22742,1994,4200850
4302,1994,4200860
11227,1994,4200870
13627,1994,4200880
82752,1994,4200890
2194,1994,4200895
29016,1994,4200900
380906,1994,4200910
4519,1994,4200915
2030,1994,4200920
156345,1994,4200930
46260,1994,4200940
1562,1994,4200945
4368,1994,4200950
14061,1994,4200960
11641,1994,4200970
4310,1994,4200980
5329,1994,4200985
7637,1994,4200990
6432,1994,4201000
2067,1994,4201005
48508,1994,4201010
3695,1994,4201020
7578,1994,4201030
4782,1994,4201040
22154,1994,4201050
6031,1994,4201055
10889,1994,4201060
2413,1994,4201070
7179,1994,4201080
2944,1994,4201085
5779,1994,4201090
9807,1994,4201100
6045,1994,4201105
8895,1994,4201110
13332,1994,4201120
2827,1994,4201125
25440,1994,4201130
3040,1994,4201140
4503,1994,4201145
9194,1994,4201150
10233,1994,4201160
3566,1994,4201165
20665,1994,4201170
14707,1994,4201175
7217,1994,4201180
3329,1994,4201185
73573,1994,4201190
9161,1994,4201200
17749,1994,4201210
16780,1994,4201220
6185,1994,4201223
2830,1994,4201225
3221,1994,4201227
5584,1994,4201230
4941,1994,4201240
14124,1994,4201250
3285,1994,4201260
7122,1994,4201270
8460,1994,4201280
10769,1994,4201290
2445,1994,4201300
4957,1994,4201310
2512,1994,4201315
20182,1994,4201320
4638,1994,4201330
2697,1994,4201335
9024,1994,4201340
7495,1994,4201350
30247,1994,4201360
11568,1994,4201370
7570,1994,4201380
1814,1994,4201390
11756,1994,4201400
2709,1994,4201410
13573,1994,4201420
2303,1994,4201430
5798,1994,4201440
7124,1994,4201450
6823,1994,4201460
49112,1994,4201480
8710,1994,4201470
4215,1994,4201490
30599,1994,4201500
1925,1994,4201505
6273,1994,4201507
9693,1994,4201510
9407,1994,4201520
7601,1994,4201530
3544,1994,4201540
6185,1994,4201545
12724,1994,4201550
2893,1994,4201555
1953,1994,4201560
7705,1994,4201565
8740,1994,4201567
13844,1994,4201570
54110,1994,4201580
3292,1994,4201590
12340,1994,4201600
3822,1994,4201605
10631,1994,4201610
25538,1994,4201620
13196,1994,4201630
2791,1994,4201635
6728,1994,4201625
6464,1994,4201640
22566,1994,4201650
152260,1994,4201660
17454,1994,4201670
11306,1994,4201680
19328,1994,4201690
6404,1994,4201700
3480,1994,4201710
2704,1994,4201715
37373,1994,4201720
8886,1994,4201730
7044,1994,4201740
15892,1994,4201750
3899,1994,4201755
13840,1994,4201760
23925,1994,4201770
3775,1994,4201775
16661,1994,4201780
11939,1994,4201790
21127,1994,4201800
5569,1994,4201810
25595,1994,4201820
5109,1994,4201825
16848,1994,4201830
6074,1994,4201840
4148,1994,4201850
6074,1994,4201860
85128,1994,4201870
5350,1994,4201875
12606,1994,4201880
3428,1994,4201885
9508,1994,4201890
2548,1994,4201895
19332,1994,4201900
3785,1994,4201910
3368,1994,4201915
5983,1994,4201917
6977,1994,4201920
38622,1994,4201930
5895,1994,4201935
3759,1994,4201940
36833,1994,4201950
4842,1994,4201960
21337,1994,4201970
3775,1994,4300005
16970,1994,4300010
10990,1994,4300020
9767,1994,4300030
80210,1994,4300040
6046,1994,4300045
13094,1994,4300050
2032,1994,4300055
2969,1994,4300057
154564,1994,4300060
5997,1994,4300063
6402,1994,4300064
1037,1994,4300066
6896,1994,4300070
11714,1994,4300080
3096,1994,4300085
7666,1994,4300090
15712,1994,4300100
3218,1994,4300105
15484,1994,4300120
12604,1994,4300110
18424,1994,4300130
9956,1994,4300140
8203,1994,4300150
4124,1994,4300155
112332,1994,4300160
6066,1994,4300165
7109,1994,4300170
5991,1994,4300175
3439,1994,4300185
10911,1994,4300190
2674,1994,4300192
2013,1994,4300195
6033,1994,4300180
12232,1994,4300200
78861,1994,4300210
2105,1994,4300215
9209,1994,4300220
13205,1994,4300230
7231,1994,4300235
2733,1994,4300237
12227,1994,4300240
7459,1994,4300245
8042,1994,4300250
4678,1994,4300260
4026,1994,4300265
19936,1994,4300270
35287,1994,4300280
16073,1994,4300290
89359,1994,4300300
94010,1994,4300310
4965,1994,4300320
7578,1994,4300330
6003,1994,4300340
60103,1994,4300350
2400,1994,4300355
7188,1994,4300360
3114,1994,4300367
7997,1994,4300370
8492,1994,4300380
51033,1994,4300390
6986,1994,4300400
3940,1994,4300410
28186,1994,4300420
7680,1994,4300430
5781,1994,4300435
26436,1994,4300440
49247,1994,4300450
283244,1994,4300460
20757,1994,4300463
20141,1994,4300466
8087,1994,4300468
2318,1994,4300469
54865,1994,4300470
17402,1994,4300480
2369,1994,4300485
7993,1994,4300490
2920,1994,4300495
10544,1994,4300500
307921,1994,4300510
3316,1994,4300511
5377,1994,4300513
3140,1994,4300515
7589,1994,4300517
13196,1994,4300520
10355,1994,4300530
26388,1994,4300535
3925,1994,4300537
4745,1994,4300540
9700,1994,4300545
5814,1994,4300550
2730,1994,4300558
4355,1994,4300560
6435,1994,4300570
11878,1994,4300580
2946,1994,4300585
2466,1994,4300587
9743,1994,4300590
4121,1994,4300595
3159,1994,4300597
17549,1994,4300600
5880,1994,4300605
70122,1994,4300610
11343,1994,4300620
4625,1994,4300630
4376,1994,4300632
3780,1994,4300635
15668,1994,4300640
2717,1994,4300642
3059,1994,4300645
12594,1994,4300650
38789,1994,4300660
3807,1994,4300670
6976,1994,4300673
18871,1994,4300676
19354,1994,4300680
21327,1994,4300690
2660,1994,4300692
3839,1994,4300695
9893,1994,4300693
3268,1994,4300697
77086,1994,4300700
3814,1994,4300705
7038,1994,4300720
9850,1994,4300730
5614,1994,4300740
17068,1994,4300750
5872,1994,4300755
30049,1994,4300760
75198,1994,4300770
26089,1994,4300780
3509,1994,4300783
2530,1994,4300786
47925,1994,4300790
6713,1994,4300800
2931,1994,4300805
9675,1994,4300810
18726,1994,4300820
12274,1994,4300830
7640,1994,4300840
4947,1994,4300845
25417,1994,4300850
27299,1994,4300860
3358,1994,4300865
6514,1994,4300870
11476,1994,4300880
1997,1994,4300885
20042,1994,4300890
25767,1994,4300900
4672,1994,4300905
23552,1994,4300910
2636,1994,4300912
3673,1994,4300915
200235,1994,4300920
1650,1994,4300925
83941,1994,4300930
17674,1994,4300940
11540,1994,4300950
3264,1994,4300955
7117,1994,4300710
17082,1994,4300960
7653,1994,4300965
5793,1994,4300970
5121,1994,4300975
5704,1994,4300980
7983,1994,4300990
5956,1994,4300995
18085,1994,4301000
21867,1994,4301010
74492,1994,4301020
3932,1994,4301030
7953,1994,4301033
3925,1994,4301036
7250,1994,4301040
2531,1994,4301041
5534,1994,4301043
2352,1994,4301046
10395,1994,4301050
3339,1994,4301055
2871,1994,4301057
42698,1994,4301060
6609,1994,4301070
2540,1994,4301075
11915,1994,4301080
4902,1994,4301085
4242,1994,4301090
29585,1994,4301100
12670,1994,4301110
4016,1994,4301112
8120,1994,4301115
20092,1994,4301120
1798,1994,4301127
29288,1994,4301130
6530,1994,4301125
60553,1994,4301140
2540,1994,4301142
8766,1994,4301150
8384,1994,4301160
3332,1994,4301162
1553,1994,4301164
7102,1994,4301170
5876,1994,4301175
7255,1994,4301177
2237,1994,4301179
22797,1994,4301180
6853,1994,4301190
3210,1994,4301198
2970,1994,4301200
5300,1994,4301210
2310,1994,4301213
2887,1994,4301215
6585,1994,4301220
7282,1994,4301225
5806,1994,4301230
1697,1994,4301235
3113,1994,4301238
49131,1994,4301240
2494,1994,4301242
3592,1994,4301244
6026,1994,4301245
4498,1994,4301247
9832,1994,4301250
6898,1994,4301260
1916,1994,4301262
13476,1994,4301265
1863,1994,4301267
12544,1994,4301270
2521,1994,4301275
3045,1994,4301280
6854,1994,4301290
2434,1994,4301295
4511,1994,4301300
3810,1994,4301303
10674,1994,4301306
2453,1994,4301308
6134,1994,4301310
14224,1994,4301320
16071,1994,4301330
2811,1994,4301335
10386,1994,4301337
3932,1994,4301349
222756,1994,4301340
5264,1994,4301342
2298,1994,4301344
32032,1994,4301350
5405,1994,4301360
11990,1994,4301365
38042,1994,4301370
6568,1994,4301380
31316,1994,4301390
10168,1994,4301395
5205,1994,4301400
6654,1994,4301402
2964,1994,4301403
34105,1994,4301405
5542,1994,4301407
148923,1994,4301410
7218,1994,4301415
14770,1994,4301420
4114,1994,4301430
303451,1994,4301440
3747,1994,4301442
2745,1994,4301445
4169,1994,4301447
4694,1994,4301449
13482,1994,4301450
3629,1994,4301455
17039,1994,4301460
12359,1994,4301470
2029,1994,4301475
4562,1994,4301477
2226,1994,4301478
20774,1994,4301480
1292899,1994,4301490
6878,1994,4301500
2851,1994,4301505
2763,1994,4301507
10553,1994,4301510
2105,1994,4301513
2055,1994,4301514
6701,1994,4301515
2223,1994,4301517
4982,1994,4301520
22510,1994,4301530
2824,1994,4301532
3399,1994,4301535
8881,1994,4301540
2438,1994,4301545
15472,1994,4301550
5601,1994,4301555
178922,1994,4301560
38211,1994,4301570
3220,1994,4301575
9305,1994,4301580
8134,1994,4301590
14306,1994,4301600
10790,1994,4301610
6897,1994,4301620
8525,1994,4301630
41246,1994,4301640
2773,1994,4301642
3164,1994,4301643
11040,1994,4301645
2753,1994,4301647
6798,1994,4301650
14666,1994,4301660
10091,1994,4301670
4371,1994,4301675
94925,1994,4301680
223920,1994,4301690
5415,1994,4301695
59413,1994,4301720
2222,1994,4301725
36734,1994,4301730
8347,1994,4301700
85543,1994,4301710
52755,1994,4301740
73579,1994,4301750
40320,1994,4301760
13151,1994,4301770
2274,1994,4301755
2046,1994,4301775
15264,1994,4301780
14775,1994,4301790
2912,1994,4301795
64936,1994,4301800
2608,1994,4301805
21539,1994,4301810
19308,1994,4301820
59926,1994,4301830
21036,1994,4301840
5164,1994,4301842
2494,1994,4301843
2879,1994,4301844
3159,1994,4301845
2502,1994,4301846
2777,1994,4301848
2552,1994,4301849
22137,1994,4301850
6847,1994,4301860
2885,1994,4301862
185032,1994,4301870
42220,1994,4301880
41795,1994,4301890
16904,1994,4301900
7265,1994,4301910
3220,1994,4301912
7430,1994,4301915
6824,1994,4301920
8249,1994,4301930
2275,1994,4301935
2835,1994,4301937
20237,1994,4301940
17404,1994,4301950
24960,1994,4301960
7653,1994,4301970
2276,1994,4301971
2663,1994,4301973
1485,1994,4301975
7679,1994,4301980
62544,1994,4301990
111190,1994,4302000
16308,1994,4302010
12977,1994,4302020
3803,1994,4302023
6727,1994,4302026
4664,1994,4302030
4885,1994,4302035
8573,1994,4302040
3238,1994,4302045
8231,1994,4302050
5122,1994,4302055
4512,1994,4302060
2261,1994,4302065
14491,1994,4302067
20529,1994,4302070
29092,1994,4302080
15634,1994,4302090
9954,1994,4302100
14962,1994,4302110
45267,1994,4302120
25508,1994,4302130
2907,1994,4302132
5029,1994,4302135
15333,1994,4302140
11094,1994,4302143
18728,1994,4302145
8843,1994,4302147
31286,1994,4302150
21457,1994,4302160
2706,1994,4302162
3258,1994,4302163
8653,1994,4302166
16083,1994,4302170
24062,1994,4302180
3320,1994,4302183
4984,1994,4302185
30444,1994,4302190
6704,1994,4302195
19106,1994,4302200
6486,1994,4302210
4348,1994,4302215
1992,1994,4302218
23689,1994,4302220
2209,1994,4302225
9546,1994,4302230
2534,1994,4302235
123870,1994,4302240
56629,1994,4302250
10864,1994,4302253
3649,1994,4302254
1809,1994,4302255
56419,1994,4302260
19094,1994,4302270
18032,1994,4302280
6540,1994,4302290
186537,1994,4302300
6411,1994,4302310
3679,1994,4302320
2699,1994,4302330
4134,1994,4302340
3913,1994,4302345
2991,1994,4302350
1767,1994,4302360
2612,1994,4302370
4493,1994,4302375
5630,1994,4302380
7278,1994,5000020
6396,1994,5000025
27118,1994,5000060
21449,1994,5000070
7382,1994,5000080
8278,1994,5000085
6903,1994,5000090
15405,1994,5000100
41111,1994,5000110
7557,1994,5000124
5840,1994,5000150
11933,1994,5000190
8094,1994,5000200
20025,1994,5000210
8246,1994,5000215
16771,1994,5000220
11237,1994,5000230
22926,1994,5000240
16726,1994,5000260
584027,1994,5000270
3980,1994,5000280
18750,1994,5000290
5839,1994,5000295
3676,1994,5000310
12605,1994,5000315
90118,1994,5000320
15077,1994,5000325
28661,1994,5000330
12566,1994,5000345
9118,1994,5000348
4488,1994,5000350
144630,1994,5000370
10331,1994,5000375
21080,1994,5000380
10895,1994,5000400
9554,1994,5000410
10402,1994,5000430
6808,1994,5000440
16180,1994,5000450
13291,1994,5000460
25638,1994,5000470
4297,1994,5000480
4256,1994,5000490
20852,1994,5000500
4720,1994,5000510
4991,1994,5000515
12928,1994,5000520
4989,1994,5000525
24740,1994,5000540
21083,1994,5000560
17032,1994,5000568
31262,1994,5000570
11524,1994,5000580
7786,1994,5000600
32107,1994,5000620
9242,1994,5000625
38026,1994,5000630
10295,1994,5000635
8670,1994,5000640
54755,1994,5000660
13005,1994,5000690
14047,1994,5000710
17184,1994,5000720
5305,1994,5000730
14962,1994,5000740
3334,1994,5000750
5605,1994,5000755
12985,1994,5000769
6207,1994,5000780
15224,1994,5000770
16342,1994,5000790
6115,1994,5000793
6847,1994,5000795
4291,1994,5000797
10420,1994,5000800
71226,1994,5000830
6825,1994,5000840
5580,1994,5100010
19733,1994,5100020
74238,1994,5100025
11412,1994,5100030
2907,1994,5100035
8732,1994,5100040
14679,1994,5100050
3405,1994,5100060
7487,1994,5100080
3445,1994,5100100
1441,1994,5100120
12080,1994,5100125
15140,1994,5100130
16222,1994,5100140
10363,1994,5100160
20120,1994,5100170
48618,1994,5100180
7425,1994,5100190
79335,1994,5100250
14082,1994,5100260
8278,1994,5100263
6751,1994,5100267
3311,1994,5100269
11394,1994,5100270
10774,1994,5100285
13656,1994,5100300
10126,1994,5100305
6165,1994,5100310
35113,1994,5100320
11472,1994,5100330
3780,1994,5100335
2913,1994,5100337
450563,1994,5100340
4807,1994,5100345
17890,1994,5100350
8254,1994,5100360
4951,1994,5100380
4382,1994,5100390
4760,1994,5100395
27724,1994,5100410
14953,1994,5100420
1850,1994,5100450
8202,1994,5100455
8415,1994,5100460
21000,1994,5100480
5495,1994,5100490
14036,1994,5100500
26057,1994,5100510
43165,1994,5100515
4185,1994,5100517
10530,1994,5100520
6311,1994,5100523
7976,1994,5100525
3250,1994,5100530
10613,1994,5100558
12203,1994,5100560
23491,1994,5100562
15483,1994,5100590
9485,1994,5100600
10537,1994,5100610
3634,1994,5100615
6890,1994,5100620
14291,1994,5100621
7047,1994,5100880
2083,1994,5100885
4072,1994,5100890
4874,1994,5100895
7199,1994,5100622
7815,1994,5100623
18772,1994,5100625
3903,1994,5100627
8233,1994,5100628
14543,1994,5100629
20019,1994,5100630
10796,1994,5100637
44725,1994,5100642
2688,1994,5100645
31796,1994,5100650
2668,1994,5100665
2336,1994,5100670
38666,1994,5100675
8595,1994,5100677
5311,1994,5100680
9026,1994,5100682
5893,1994,5100685
24217,1994,5100700
14123,1994,5100704
3309,1994,5100706
3140,1994,5100715
9471,1994,5100718
1453,1994,5100719
5815,1994,5100720
134652,1994,5100760
20335,1994,5100770
6981,1994,5100775
3104,1994,5100724
6442,1994,5100777
4613,1994,5100726
16306,1994,5100780
11677,1994,5100785
3200,1994,5100729
11765,1994,5100730
2641,1994,5100735
23442,1994,5100710
3653,1994,5100740
43327,1994,5100790
19192,1994,5100792
2974,1994,5100794
43280,1994,5100795
8743,1994,5100800
19998,1994,5100805
4781,1994,5100810
5736,1994,5100820
183028,1994,5100840
12820,1994,5100850
14623,1994,5100550
11296,1994,5100860
9455,1994,5200010
15370,1994,5200013
2352,1994,5200015
4006,1994,5200017
1839,1994,5200020
18008,1994,5200030
1891,1994,5200050
2137,1994,5200055
4478,1994,5200060
7631,1994,5200080
4811,1994,5200085
4220,1994,5200090
254044,1994,5200110
895,1994,5200120
18309,1994,5200130
212056,1994,5200140
1951,1994,5200145
3536,1994,5200150
3653,1994,5200160
14839,1994,5200170
5244,1994,5200180
7612,1994,5200215
3952,1994,5200235
5242,1994,5200250
4065,1994,5200260
2217,1994,5200280
4408,1994,5200310
9525,1994,5200320
15938,1994,5200330
8246,1994,5200340
14301,1994,5200350
3557,1994,5200355
2347,1994,5200360
5004,1994,5200380
8680,1994,5200390
1972,1994,5200393
3297,1994,5200396
6903,1994,5200400
8263,1994,5200410
1479,1994,5200420
8778,1994,5200425
11292,1994,5200430
13362,1994,5200440
26412,1994,5200450
2009,1994,5200455
2292,1994,5200460
4272,1994,5200465
8304,1994,5200470
4570,1994,5200480
16121,1994,5200490
18201,1994,5200495
10350,1994,5200500
3402,1994,5200505
59610,1994,5200510
4260,1994,5200520
8202,1994,5200530
23003,1994,5200540
6134,1994,5200545
1781,1994,5200547
33447,1994,5200549
10313,1994,5200551
3700,1994,5200552
3122,1994,5200570
9262,1994,5200580
5269,1994,5200590
27263,1994,5200620
2550,1994,5200630
19931,1994,5200640
3419,1994,5200650
2736,1994,5200660
3696,1994,5200670
2672,1994,5200680
2010,1994,5200690
2503,1994,5200710
5179,1994,5200830
11028,1994,5200725
4313,1994,5200735
8935,1994,5200740
3490,1994,5200750
7685,1994,5200753
6881,1994,5200760
9688,1994,5200780
5415,1994,5200790
65751,1994,5200800
5869,1994,5200810
7811,1994,5200840
5312,1994,5200850
47595,1994,5200860
973626,1994,5200870
11778,1994,5200880
27939,1994,5200890
33652,1994,5200910
3942,1994,5200915
12168,1994,5200920
2744,1994,5200929
5992,1994,5200940
3824,1994,5200945
2867,1994,5200960
10587,1994,5200970
5016,1994,5200980
10025,1994,5200990
5137,1994,5200993
10629,1994,5200995
39766,1994,5201000
20911,1994,5201010
30770,1994,5201020
3185,1994,5201030
24741,1994,5201040
3893,1994,5201056
6147,1994,5201060
6077,1994,5201080
13063,1994,5201090
8693,1994,5201100
28647,1994,5201120
5903,1994,5201130
8333,1994,5201140
77294,1994,5201150
2861,1994,5201160
6407,1994,5201170
27243,1994,5201180
64920,1994,5201190
3250,1994,5201200
2011,1994,5201205
6471,1994,5201210
21679,1994,5201220
7965,1994,5201230
205998,1994,5201250
2637,1994,5201260
4261,1994,5201270
15728,1994,5201280
1503,1994,5201290
3987,1994,5201295
7905,1994,5201300
3559,1994,5201305
33464,1994,5201308
34049,1994,5201310
2139,1994,5201340
8225,1994,5201350
8114,1994,5201370
5766,1994,5201375
2347,1994,5201377
32776,1994,5201380
2398,1994,5201385
6724,1994,5201390
10406,1994,5201400
5419,1994,5201405
3873,1994,5201410
6435,1994,5201440
14024,1994,5201450
42236,1994,5201460
1919,1994,5201470
1826,1994,5201480
11988,1994,5201483
8168,1994,5201486
3331,1994,5201487
4859,1994,5201490
4951,1994,5201500
4748,1994,5201520
4692,1994,5201525
12542,1994,5201530
4389,1994,5201540
3816,1994,5201550
18039,1994,5201560
3013,1994,5201565
16561,1994,5201570
2188,1994,5201580
3445,1994,5201590
2374,1994,5201600
7722,1994,5201630
9442,1994,5201640
1489,1994,5201645
10315,1994,5201680
4617,1994,5201690
22576,1994,5201710
13227,1994,5201720
24220,1994,5201730
22937,1994,5201740
43950,1994,5201760
15524,1994,5201770
42583,1994,5201800
3232,1994,5201810
25711,1994,5201830
2840,1994,5201839
35525,1994,5201850
9202,1994,5201860
4421,1994,5201870
794,1994,5201878
98318,1994,5201880
16612,1994,5201890
7061,1994,5201900
4035,1994,5201910
3360,1994,5201920
3486,1994,5201925
36233,1994,5201930
3689,1994,5201935
4673,1994,5201940
3941,1994,5201950
5049,1994,5201960
18063,1994,5201970
3571,1994,5201971
2147,1994,5201973
38821,1994,5201975
10666,1994,5201980
5765,1994,5201990
5272,1994,5202000
1783,1994,5202005
24927,1994,5202010
4445,1994,5202015
19083,1994,5202020
2906,1994,5202026
11017,1994,5202040
26134,1994,5202045
8482,1994,5202050
18102,1994,5202060
5957,1994,5202068
2763,1994,5202070
3878,1994,5202100
1415,1994,5202108
3760,1994,5202119
2273,1994,5202130
59115,1994,5202140
3841,1994,5202145
5132,1994,5202150
2412,1994,5202155
3091,1994,5202157
37093,1994,5202160
14204,1994,5202170
2690,1994,5202180
3250,1994,5202190
9362,1994,5202200
5592,1994,5202205
3105,1994,5202220
1705889,1994,5300010
41574,1995,1100001
10458,1995,1100040
25629,1995,1100034
72206,1995,1100002
9753,1995,1100003
6436,1995,1100060
79162,1995,1100004
5130,1995,1100070
8642,1995,1100080
5314,1995,1100090
27383,1995,1100005
30881,1995,1100006
14768,1995,1100007
12993,1995,1100008
28264,1995,1100009
7802,1995,1100100
36835,1995,1100010
5357,1995,1100110
58428,1995,1100011
114226,1995,1100012
18572,1995,1100013
13256,1995,1100120
13787,1995,1100130
6995,1995,1100140
17591,1995,1100014
6553,1995,1100033
13858,1995,1100050
61684,1995,1100015
59220,1995,1100018
318859,1995,1100020
33920,1995,1100025
5715,1995,1100026
53399,1995,1100028
14485,1995,1100029
17696,1995,1100032
7343,1995,1100150
7977,1995,1100160
12908,1995,1100170
10604,1995,1100180
43844,1995,1100030
6211,1995,1200001
3419,1995,1200005
15406,1995,1200010
3599,1995,1200013
2512,1995,1200017
51544,1995,1200020
7993,1995,1200025
17188,1995,1200030
4176,1995,1200032
8545,1995,1200033
4477,1995,1200034
8706,1995,1200035
13998,1995,1200038
10352,1995,1200080
6950,1995,1200039
207307,1995,1200040
7189,1995,1200042
652,1995,1200043
24403,1995,1200050
17349,1995,1200045
23258,1995,1200060
10008,1995,1200070
10063,1995,1300002
4816,1995,1300006
6354,1995,1300008
8484,1995,1300010
6271,1995,1300014
8430,1995,1300020
17533,1995,1300030
11669,1995,1300040
16722,1995,1300050
21422,1995,1300060
7843,1995,1300063
8209,1995,1300068
26336,1995,1300070
15861,1995,1300080
7475,1995,1300083
14377,1995,1300090
21198,1995,1300100
37786,1995,1300110
18613,1995,1300115
37410,1995,1300120
14236,1995,1300130
22611,1995,1300140
16746,1995,1300150
17388,1995,1300160
11911,1995,1300165
43056,1995,1300170
10002,1995,1300180
20734,1995,1300185
60976,1995,1300190
9802,1995,1300195
5418,1995,1300200
12751,1995,1300210
4761,1995,1300220
16356,1995,1300230
36685,1995,1300240
60216,1995,1300250
10627,1995,1300255
1138198,1995,1300260
39872,1995,1300270
12519,1995,1300280
32122,1995,1300290
13138,1995,1300300
12839,1995,1300310
16405,1995,1300320
12552,1995,1300330
61911,1995,1300340
19930,1995,1300350
8405,1995,1300353
7132,1995,1300356
18040,1995,1300360
20137,1995,1300370
24371,1995,1300380
14698,1995,1300390
5382,1995,1300395
5382,1995,1300400
33162,1995,1300406
28176,1995,1300410
64097,1995,1300420
10826,1995,1300423
5703,1995,1300426
13402,1995,1300430
20674,1995,1300440
13705,1995,1400005
174092,1995,1400010
11075,1995,1400015
10160,1995,1400020
16578,1995,1400030
12308,1995,1400040
12919,1995,1400050
11364,1995,1400060
109235,1995,1500010
4990,1995,1500013
39188,1995,1500020
18934,1995,1500030
8189,1995,1500034
55617,1995,1500040
33758,1995,1500050
72465,1995,1500060
15022,1995,1500070
273525,1995,1500080
31957,1995,1500090
13006,1995,1500095
11815,1995,1500100
15811,1995,1500110
21272,1995,1500120
54989,1995,1500130
1167841,1995,1500140
71457,1995,1500150
13228,1995,1500157
8759,1995,1500160
102224,1995,1500170
13788,1995,1500172
6157,1995,1500175
15041,1995,1500178
78811,1995,1500180
14493,1995,1500190
13931,1995,1500200
87189,1995,1500210
53839,1995,1500220
49655,1995,1500230
113939,1995,1500240
17816,1995,1500250
8769,1995,1500260
59977,1995,1500270
15653,1995,1500275
6871,1995,1500276
32972,1995,1500277
15990,1995,1500280
20694,1995,1500290
29338,1995,1500293
13907,1995,1500295
3351,1995,1500300
22539,1995,1500307
12210,1995,1500309
20103,1995,1500310
28779,1995,1500320
42827,1995,1500330
6404,1995,1500340
9775,1995,1500345
32786,1995,1500350
112264,1995,1500360
44866,1995,1500370
11672,1995,1500375
35958,1995,1500380
23818,1995,1500390
17460,1995,1500400
31955,1995,1500405
7710,1995,1500410
151374,1995,1500420
26953,1995,1500430
20568,1995,1500440
23863,1995,1500445
15793,1995,1500450
20362,1995,1500460
44118,1995,1500470
49404,1995,1500480
23704,1995,1500490
6805,1995,1500495
9054,1995,1500500
6812,1995,1500503
32455,1995,1500506
43301,1995,1500510
20688,1995,1500520
44654,1995,1500530
14015,1995,1500540
27942,1995,1500543
37165,1995,1500548
5310,1995,1500549
71374,1995,1500550
55644,1995,1500553
5588,1995,1500555
5730,1995,1500560
17486,1995,1500570
31039,1995,1500580
16253,1995,1500590
29409,1995,1500600
17542,1995,1500610
61396,1995,1500613
32168,1995,1500616
34212,1995,1500618
23444,1995,1500619
24958,1995,1500620
12504,1995,1500630
10484,1995,1500635
4901,1995,1500640
36599,1995,1500650
20637,1995,1500655
7852,1995,1500658
19019,1995,1500660
18185,1995,1500670
288628,1995,1500680
4309,1995,1500690
18856,1995,1500700
21631,1995,1500710
17206,1995,1500715
21967,1995,1500720
29975,1995,1500730
11928,1995,1500740
46719,1995,1500745
17900,1995,1500747
6667,1995,1500750
34708,1995,1500760
15697,1995,1500770
38364,1995,1500780
17899,1995,1500790
21324,1995,1500795
5325,1995,1500796
11121,1995,1500797
42376,1995,1500800
10737,1995,1500805
38034,1995,1500808
60220,1995,1500810
8903,1995,1500812
30515,1995,1500815
41089,1995,1500820
57237,1995,1500830
14434,1995,1500835
57476,1995,1500840
7117,1995,1600010
5932,1995,1600020
1882,1995,1600021
2329,1995,1600023
1347,1995,1600025
24008,1995,1600027
189080,1995,1600030
9449,1995,1600040
8370,1995,1600050
1640,1995,1600015
5885,1995,1600053
1518,1995,1600055
60200,1995,1600060
2128,1995,1600005
5303,1995,1600070
1966,1995,1700025
6451,1995,1700035
8111,1995,1700040
11065,1995,1700070
9200,1995,1700100
2950,1995,1700105
3290,1995,1700110
3173,1995,1700130
4599,1995,1700190
9654,1995,1700200
99127,1995,1700210
2381,1995,1700215
22976,1995,1700220
9877,1995,1700230
11298,1995,1700240
11564,1995,1700255
4697,1995,1700270
10579,1995,1700290
9134,1995,1700300
6699,1995,1700310
4547,1995,1700320
2758,1995,1700330
1601,1995,1700360
7010,1995,1700370
8541,1995,1700380
1705,1995,1700382
3570,1995,1700384
3016,1995,1700386
1966,1995,1700388
1589,1995,1700389
2924,1995,1700390
1891,1995,1700410
22197,1995,1700550
8582,1995,1701670
5265,1995,1700555
4545,1995,1700560
5455,1995,1700600
8997,1995,1700610
3374,1995,1700650
13662,1995,1700700
6565,1995,1700710
7813,1995,1700720
4240,1995,1700730
5425,1995,1700740
5008,1995,1700755
5717,1995,1700765
7364,1995,1700770
18659,1995,1700820
1515,1995,1700825
5288,1995,1700830
15523,1995,1700900
20475,1995,1700930
60479,1995,1700950
6985,1995,1701050
6104,1995,1701070
2759,1995,1701090
3539,1995,1701110
2817,1995,1701150
2079,1995,1701180
2254,1995,1701190
2117,1995,1701195
843,1995,1701200
4390,1995,1701240
2459,1995,1701250
1153,1995,1701270
1998,1995,1701280
21433,1995,1701320
10721,1995,1701330
6717,1995,1701360
3023,1995,1701395
10592,1995,1701420
6229,1995,1701430
7188,1995,1701488
3125,1995,1701500
2496,1995,1701510
1916,1995,1701515
1561,1995,1701525
59961,1995,1702100
3476,1995,1701570
2925,1995,1701380
9838,1995,1701575
31997,1995,1701610
11623,1995,1701620
3768,1995,1701630
10038,1995,1701650
9238,1995,1701660
3187,1995,1701665
5215,1995,1701700
1183,1995,1701720
9398,1995,1701750
5150,1995,1701780
5863,1995,1701790
2135,1995,1701800
47980,1995,1701820
4885,1995,1701830
3344,1995,1701840
2070,1995,1701850
3955,1995,1701855
767,1995,1701865
1672,1995,1701870
7414,1995,1701875
3328,1995,1701880
2768,1995,1701884
3878,1995,1701886
2114,1995,1701888
4028,1995,1701890
1832,1995,1701900
5348,1995,1702010
841,1995,1702015
7270,1995,1702020
2745,1995,1702025
2632,1995,1702030
3946,1995,1702049
6499,1995,1702065
7319,1995,1702080
1708,1995,1702085
11688,1995,1702090
2391,1995,1702093
6192,1995,1702110
21265,1995,1702120
1145,1995,1702130
9815,1995,1702208
10652,1995,1702210
93530,1995,2100005
4977,1995,2100010
19991,1995,2100020
19658,1995,2100030
19170,1995,2100040
11231,1995,2100050
25655,1995,2100060
19666,1995,2100070
10692,1995,2100080
43842,1995,2100090
37853,1995,2100095
25862,1995,2100100
9517,1995,2100110
103863,1995,2100120
23234,1995,2100130
46472,1995,2100140
14083,1995,2100150
95480,1995,2100160
30876,1995,2100170
9113,1995,2100180
21817,1995,2100190
45272,1995,2100200
27719,1995,2100210
23064,1995,2100220
22122,1995,2100230
11852,1995,2100240
15351,1995,2100250
35807,1995,2100260
24636,1995,2100270
25694,1995,2100280
35577,1995,2100290
152242,1995,2100300
15804,1995,2100310
57992,1995,2100320
112935,1995,2100330
44264,1995,2100340
36968,1995,2100350
70168,1995,2100360
42153,1995,2100370
20132,1995,2100380
7422,1995,2100390
27956,1995,2100400
25576,1995,2100405
13504,1995,2100410
16587,1995,2100420
31444,1995,2100430
15845,1995,2100440
10108,1995,2100450
23217,1995,2100460
5991,1995,2100470
57195,1995,2100480
12169,1995,2100490
20485,1995,2100500
21105,1995,2100510
14581,1995,2100520
310894,1995,2100530
45052,1995,2100540
59417,1995,2100550
14632,1995,2100560
47808,1995,2100570
19673,1995,2100580
14365,1995,2100590
12212,1995,2100600
9874,1995,2100610
9932,1995,2100620
11584,1995,2100630
10788,1995,2100640
19175,1995,2100650
25845,1995,2100660
17489,1995,2100670
15513,1995,2100675
17203,1995,2100680
28165,1995,2100690
20796,1995,2100700
19116,1995,2100710
7382,1995,2100720
4972,1995,2100730
16584,1995,2100740
59357,1995,2100750
15886,1995,2100760
16507,1995,2100770
28656,1995,2100780
23121,1995,2100790
14276,1995,2100800
27223,1995,2100810
51608,1995,2100820
30509,1995,2100830
13953,1995,2100840
32896,1995,2100850
86662,1995,2100860
28439,1995,2100870
20395,1995,2100880
22390,1995,2100890
35984,1995,2100900
43570,1995,2100910
6713,1995,2100920
7733,1995,2100930
18799,1995,2100940
29228,1995,2100950
45656,1995,2100960
5841,1995,2100970
24176,1995,2100980
72209,1995,2100990
127460,1995,2101000
51760,1995,2101003
21907,1995,2101010
22670,1995,2101020
16895,1995,2101030
15755,1995,2101040
29206,1995,2101050
25181,1995,2101060
36169,1995,2101070
6350,1995,2101080
12717,1995,2101090
19596,1995,2101100
26618,1995,2101110
78746,1995,2101120
775965,1995,2101130
23857,1995,2101140
34158,1995,2101150
14758,1995,2101160
17698,1995,2101170
14820,1995,2101180
10501,1995,2101190
6465,1995,2101200
23918,1995,2101210
118088,1995,2101220
36424,1995,2101230
44186,1995,2101240
44173,1995,2101250
24364,1995,2101260
32757,1995,2101270
41982,1995,2101280
50080,1995,2101290
31528,1995,2101300
64732,1995,2101400
6123,1995,2200010
16644,1995,2200020
8643,1995,2200025
4806,1995,2200027
15205,1995,2200030
36552,1995,2200040
17306,1995,2200050
6390,1995,2200060
10156,1995,2200070
5255,1995,2200080
5749,1995,2200090
5725,1995,2200100
12570,1995,2200110
6558,1995,2200115
44049,1995,2200120
4338,1995,2200130
7128,1995,2200140
21048,1995,2200150
10833,1995,2200160
9152,1995,2200170
3928,1995,2200180
19267,1995,2200190
5562,1995,2200191
5103,1995,2200192
8387,1995,2200196
32103,1995,2200200
6228,1995,2200202
7968,1995,2200205
5490,1995,2200209
5724,1995,2200210
65241,1995,2200220
4107,1995,2200225
27881,1995,2200230
10621,1995,2200240
12547,1995,2200250
22765,1995,2200260
27674,1995,2200270
4034,1995,2200273
4475,1995,2200275
7110,1995,2200277
7853,1995,2200280
4345,1995,2200285
26077,1995,2200290
6383,1995,2200300
11736,1995,2200310
13620,1995,2200320
12793,1995,2200330
6277,1995,2200335
5414,1995,2200340
9399,1995,2200345
4455,1995,2200342
14933,1995,2200350
4887,1995,2200360
37830,1995,2200370
4977,1995,2200375
4897,1995,2200380
53791,1995,2200390
5447,1995,2200400
5157,1995,2200410
7545,1995,2200420
9413,1995,2200430
10423,1995,2200440
9884,1995,2200450
3889,1995,2200460
13794,1995,2200470
8055,1995,2200480
7861,1995,2200490
13617,1995,2200500
11317,1995,2200510
5884,1995,2200515
24375,1995,2200520
4321,1995,2200525
4127,1995,2200530
14749,1995,2200540
30765,1995,2200550
5429,1995,2200555
4273,1995,2200556
5517,1995,2200560
29126,1995,2200570
36928,1995,2200580
7107,1995,2200590
5021,1995,2200595
4733,1995,2200600
12272,1995,2200610
27919,1995,2200620
1218,1995,2200630
11293,1995,2200640
6718,1995,2200650
9873,1995,2200660
7917,1995,2200670
6233,1995,2200680
7093,1995,2200690
38263,1995,2200700
14589,1995,2200720
5667,1995,2200730
4488,1995,2200740
11315,1995,2200750
13263,1995,2200760
131748,1995,2200770
4572,1995,2200775
5638,1995,2200777
26992,1995,2200780
45771,1995,2200790
78540,1995,2200800
10884,1995,2200810
17141,1995,2200820
26031,1995,2200830
60893,1995,2200840
14999,1995,2200850
2901,1995,2200860
7803,1995,2200865
7367,1995,2200870
17377,1995,2200880
6105,1995,2200890
10076,1995,2200900
9808,1995,2200910
3037,1995,2200915
6012,1995,2200920
4501,1995,2200930
7836,1995,2200937
4301,1995,2200935
4926,1995,2200940
5676,1995,2200950
3915,1995,2200955
5377,1995,2200960
6575,1995,2200970
5566,1995,2200980
7039,1995,2200985
7179,1995,2200990
34868,1995,2201000
4107,1995,2201005
6076,1995,2201010
6820,1995,2201020
5607,1995,2201030
4135,1995,2201035
25044,1995,2201040
11842,1995,2201050
24131,1995,2201060
8852,1995,2201065
23399,1995,2201070
14084,1995,2201080
5401,1995,2201090
670669,1995,2201100
36202,1995,2201110
16358,1995,2201120
21123,1995,2201130
4229,1995,2201135
8444,1995,2201140
8445,1995,2300010
10514,1995,2300015
49214,1995,2300020
47970,1995,2300030
12874,1995,2300040
8386,1995,2300050
4958,1995,2300060
13755,1995,2300070
25398,1995,2300075
4956,1995,2300080
9646,1995,2300090
50079,1995,2300100
55220,1995,2300110
23157,1995,2300120
9599,1995,2300125
18541,1995,2300130
10308,1995,2300140
7488,1995,2300150
19244,1995,2300160
24033,1995,2300170
5486,1995,2300180
13989,1995,2300185
41562,1995,2300190
15718,1995,2300195
19558,1995,2300200
13769,1995,2300205
27929,1995,2300210
37157,1995,2300220
27955,1995,2300230
48382,1995,2300240
36470,1995,2300250
55195,1995,2300260
23953,1995,2300270
62425,1995,2300280
15725,1995,2300290
12564,1995,2300300
17415,1995,2300310
20920,1995,2300320
17243,1995,2300330
14511,1995,2300340
51358,1995,2300350
12710,1995,2300360
8638,1995,2300365
187982,1995,2300370
23146,1995,2300380
11305,1995,2300390
10877,1995,2300393
15657,1995,2300395
17731,1995,2300400
67297,1995,2300410
93226,1995,2300420
15851,1995,2300423
14326,1995,2300425
7795,1995,2300426
6273,1995,2300427
21974,1995,2300428
17791,1995,2300430
15696,1995,2300435
1917236,1995,2300440
10414,1995,2300445
9837,1995,2300450
5957,1995,2300460
13990,1995,2300465
41903,1995,2300470
4893,1995,2300480
8335,1995,2300490
18907,1995,2300495
32783,1995,2300500
5158,1995,2300510
18069,1995,2300520
19684,1995,2300523
10959,1995,2300526
21566,1995,2300530
8379,1995,2300533
14549,1995,2300535
62275,1995,2300540
77912,1995,2300550
23582,1995,2300560
10572,1995,2300565
11404,1995,2300570
36756,1995,2300580
35439,1995,2300590
13649,1995,2300600
17337,1995,2300610
5882,1995,2300620
24687,1995,2300625
34651,1995,2300630
79574,1995,2300640
12518,1995,2300650
27505,1995,2300655
13491,1995,2300660
17746,1995,2300670
7521,1995,2300680
33307,1995,2300690
26161,1995,2300700
24190,1995,2300710
6688,1995,2300720
5961,1995,2300725
185798,1995,2300730
21299,1995,2300740
31049,1995,2300750
45099,1995,2300760
13035,1995,2300763
195591,1995,2300765
77550,1995,2300770
22290,1995,2300780
6282,1995,2300790
23912,1995,2300800
37513,1995,2300810
10425,1995,2300820
26040,1995,2300830
12147,1995,2300835
9795,1995,2300837
29503,1995,2300840
39765,1995,2300850
15121,1995,2300860
60674,1995,2300870
6112,1995,2300880
14956,1995,2300890
11640,1995,2300900
7949,1995,2300910
11690,1995,2300920
29365,1995,2300930
27076,1995,2300940
21347,1995,2300945
22648,1995,2300950
34392,1995,2300960
40364,1995,2300970
10079,1995,2300980
5359,1995,2300990
8198,1995,2301000
9975,1995,2301010
22546,1995,2301020
21307,1995,2301025
30362,1995,2301030
10778,1995,2301040
39961,1995,2301050
6639,1995,2301060
32564,1995,2301070
14949,1995,2301080
12207,1995,2301085
12755,1995,2301090
9230,1995,2301095
11408,1995,2301100
15472,1995,2301110
8407,1995,2301120
5636,1995,2301123
16892,1995,2301126
62046,1995,2301130
15846,1995,2301135
60868,1995,2301140
14210,1995,2301150
23413,1995,2301160
17489,1995,2301170
50362,1995,2301180
15057,1995,2301190
13467,1995,2301195
39414,1995,2301220
22028,1995,2301200
15001,1995,2301210
39691,1995,2301230
31530,1995,2301240
7813,1995,2301250
11357,1995,2301260
26100,1995,2301270
5339,1995,2301280
135134,1995,2301290
15848,1995,2301300
25830,1995,2301310
26507,1995,2301320
10826,1995,2301325
52875,1995,2301330
12155,1995,2301335
47592,1995,2301340
39306,1995,2301350
10231,1995,2301355
24048,1995,2301360
7694,1995,2301370
15785,1995,2301375
13918,1995,2301380
9959,1995,2301390
13864,1995,2301395
31634,1995,2301400
42087,1995,2301410
10817,1995,2400010
47766,1995,2400020
11670,1995,2400030
2415,1995,2400040
14656,1995,2400050
5633,1995,2400060
8967,1995,2400070
15134,1995,2400080
7432,1995,2400090
32018,1995,2400100
23248,1995,2400110
11454,1995,2400120
12773,1995,2400130
7958,1995,2400140
15890,1995,2400145
3509,1995,2400150
4285,1995,2400160
7930,1995,2400170
8734,1995,2400180
2620,1995,2400190
55490,1995,2400200
9375,1995,2400210
25114,1995,2400220
20796,1995,2400230
5726,1995,2400240
10756,1995,2400250
57152,1995,2400260
11037,1995,2400270
5842,1995,2400280
4965,1995,2400290
8256,1995,2400300
42056,1995,2400310
6776,1995,2400320
4960,1995,2400330
5620,1995,2400340
11005,1995,2400350
16372,1995,2400360
6657,1995,2400370
12760,1995,2400380
3136,1995,2400390
4750,1995,2400400
1214,1995,2400410
19172,1995,2400420
10954,1995,2400430
9758,1995,2400440
6701,1995,2400450
8948,1995,2400460
17555,1995,2400470
1737,1995,2400480
5400,1995,2400490
7557,1995,2400500
5998,1995,2400510
6123,1995,2400520
6583,1995,2400530
6214,1995,2400540
2341,1995,2400550
10441,1995,2400560
12415,1995,2400570
27030,1995,2400580
2548,1995,2400590
5468,1995,2400600
15081,1995,2400610
5329,1995,2400620
5167,1995,2400630
1889,1995,2400640
11728,1995,2400650
6442,1995,2400660
8932,1995,2400670
4663,1995,2400680
3103,1995,2400690
11887,1995,2400700
47611,1995,2400710
26688,1995,2400720
9062,1995,2400730
12188,1995,2400740
14133,1995,2400750
3418,1995,2400760
10091,1995,2400770
16593,1995,2400780
2819,1995,2400790
212031,1995,2400800
668119,1995,2400810
15268,1995,2400820
31420,1995,2400830
4524,1995,2400840
4551,1995,2400850
3799,1995,2400860
4092,1995,2400870
4064,1995,2400880
18374,1995,2400890
69375,1995,2400325
6855,1995,2400910
2500,1995,2400920
11773,1995,2400930
22822,1995,2400940
3562,1995,2400950
2602,1995,2400960
12003,1995,2400970
13336,1995,2400980
11592,1995,2400990
2206,1995,2401000
10963,1995,2401010
6505,1995,2401020
6300,1995,2401030
7152,1995,2401040
3607,1995,2401050
2860,1995,2401060
2612,1995,2401070
4064,1995,2401080
5750,1995,2401090
5380,1995,2401100
3172,1995,2401110
31398,1995,2401120
17033,1995,2401140
2513,1995,2401142
19737,1995,2401150
9195,1995,2401160
3110,1995,2401170
3578,1995,2401180
2923,1995,2401190
49815,1995,2401200
5762,1995,2401210
30847,1995,2401220
11620,1995,2401230
3244,1995,2401240
22254,1995,2401250
14953,1995,2401260
6939,1995,2401270
8064,1995,2401280
11497,1995,2401290
5000,1995,2401300
4399,1995,2401310
2883,1995,2401320
6222,1995,2401330
8716,1995,2401335
7419,1995,2401340
6913,1995,2401350
11305,1995,2401360
4548,1995,2401370
2166,1995,2401380
10745,1995,2401390
10709,1995,2401400
9363,1995,2401410
6267,1995,2401420
2095,1995,2401430
29633,1995,2401440
10891,1995,2401450
9062,1995,2401460
9276,1995,2401470
8666,1995,2401480
1369,1995,2401490
2486,1995,2401500
8373,1995,2500010
7012,1995,2500020
29977,1995,2500030
22909,1995,2500040
10729,1995,2500050
14200,1995,2500060
18277,1995,2500080
10331,1995,2500090
17477,1995,2500100
28282,1995,2500110
6391,1995,2500120
29536,1995,2500130
5770,1995,2500140
22614,1995,2500150
17426,1995,2500160
5157,1995,2500170
82699,1995,2500180
16741,1995,2500190
7864,1995,2500200
6102,1995,2500210
1869,1995,2500220
6063,1995,2500230
9514,1995,2500240
34106,1995,2500250
3952,1995,2500270
13810,1995,2500280
6021,1995,2500290
16059,1995,2500300
6201,1995,2500310
31004,1995,2500320
7066,1995,2500330
2918,1995,2500340
18124,1995,2500350
10200,1995,2500360
52586,1995,2500370
4540,1995,2500380
5672,1995,2500390
351606,1995,2500400
10082,1995,2501640
2016,1995,2500410
4911,1995,2500420
25094,1995,2500430
23341,1995,2500440
7147,1995,2500450
11119,1995,2500460
4125,1995,2500470
14831,1995,2500480
12256,1995,2500490
6065,1995,2500500
23278,1995,2500510
7353,1995,2500520
2547,1995,2500530
13076,1995,2500540
7739,1995,2500560
9790,1995,2500570
7315,1995,2500580
3198,1995,2500590
29449,1995,2500600
13510,1995,2500610
2662,1995,2500620
51924,1995,2500630
13066,1995,2500640
6198,1995,2500650
6545,1995,2500660
5707,1995,2500260
10282,1995,2500670
22277,1995,2500680
26331,1995,2500690
20321,1995,2500700
13756,1995,2500710
9172,1995,2500720
18443,1995,2500730
9950,1995,2500740
551640,1995,2500750
7595,1995,2500760
18556,1995,2500770
6212,1995,2500780
9895,1995,2500790
10774,1995,2500800
5437,1995,2500810
7072,1995,2500820
23116,1995,2500830
3351,1995,2500840
7395,1995,2500850
8100,1995,2500860
4458,1995,2500870
5988,1995,2500880
53240,1995,2500890
11646,1995,2500900
22093,1995,2500910
11654,1995,2500920
5374,1995,2500930
13372,1995,2500940
4131,1995,2500950
4143,1995,2500960
27198,1995,2500970
10581,1995,2500980
11691,1995,2500990
7167,1995,2501000
7408,1995,2501010
6521,1995,2501020
3394,1995,2501030
9057,1995,2501040
3204,1995,2501050
2669,1995,2501060
3253,1995,2501070
86762,1995,2501080
11267,1995,2501090
3840,1995,2501100
6816,1995,2501110
28403,1995,2501120
16341,1995,2501130
18997,1995,2501140
14102,1995,2501150
7921,1995,2501160
5511,1995,2501170
10849,1995,2501180
10126,1995,2501190
14425,1995,2501200
39313,1995,2501210
3128,1995,2501220
23728,1995,2501230
11849,1995,2501240
34743,1995,2501250
1565,1995,2501260
17577,1995,2501270
9140,1995,2501280
27822,1995,2501290
2560,1995,2501300
12467,1995,2501310
7157,1995,2501320
6254,1995,2501330
13351,1995,2501340
100758,1995,2501370
4648,1995,2501380
6636,1995,2501350
7789,1995,2501360
23029,1995,2501390
7494,1995,2501400
21667,1995,2500070
3916,1995,2501410
7389,1995,2501420
5034,1995,2501430
5666,1995,2501440
17537,1995,2501450
2652,1995,2501460
3779,1995,2501470
5969,1995,2501480
8231,1995,2501490
4179,1995,2501500
9252,1995,2501510
4412,1995,2501520
62448,1995,2501530
8280,1995,2501540
13170,1995,2501550
3785,1995,2501560
2608,1995,2501570
7263,1995,2501580
9262,1995,2501590
33570,1995,2501600
11958,1995,2501610
81161,1995,2501620
17330,1995,2501630
15285,1995,2501650
14684,1995,2501660
18001,1995,2501670
10859,1995,2501680
20032,1995,2501690
17456,1995,2501700
2089,1995,2501710
3287,1995,2500550
83953,1995,2600005
31608,1995,2600010
13759,1995,2600020
18607,1995,2600030
25705,1995,2600040
39065,1995,2600050
11394,1995,2600060
37133,1995,2600070
22791,1995,2600080
20285,1995,2600090
8490,1995,2600100
66026,1995,2600110
60785,1995,2600120
10674,1995,2600130
44212,1995,2600140
12621,1995,2600150
22651,1995,2600160
66106,1995,2600170
10912,1995,2600180
53099,1995,2600190
29540,1995,2600200
40823,1995,2600210
37479,1995,2600220
35692,1995,2600230
8464,1995,2600240
7511,1995,2600250
33304,1995,2600260
12638,1995,2600270
38829,1995,2600280
134411,1995,2600290
24833,1995,2600300
17027,1995,2600310
22012,1995,2600320
9702,1995,2600330
7369,1995,2600340
101248,1995,2600345
14852,1995,2600350
7597,1995,2600360
24201,1995,2600370
19853,1995,2600380
18751,1995,2600390
11203,1995,2600392
57045,1995,2600400
226966,1995,2600410
32661,1995,2600420
9648,1995,2600430
11678,1995,2600440
15718,1995,2600450
19080,1995,2600460
15735,1995,2600470
12839,1995,2600480
17468,1995,2600490
23511,1995,2600500
29265,1995,2600510
14664,1995,2600515
56875,1995,2600520
31453,1995,2600530
19158,1995,2600540
1806,1995,2600545
11087,1995,2600550
21477,1995,2600560
21208,1995,2600570
14298,1995,2600580
20353,1995,2600590
108596,1995,2600600
26399,1995,2600610
66557,1995,2600620
6122,1995,2600630
63792,1995,2600640
18591,1995,2600650
29990,1995,2600660
7337,1995,2600670
87007,1995,2600680
10925,1995,2600690
12435,1995,2600760
24757,1995,2600700
4306,1995,2600710
47128,1995,2600720
22000,1995,2600730
3157,1995,2600740
26728,1995,2600750
37326,1995,2600765
15192,1995,2600770
17624,1995,2600775
15067,1995,2600780
537630,1995,2600790
14654,1995,2600800
28413,1995,2600810
16238,1995,2600820
8368,1995,2600825
12217,1995,2600830
12867,1995,2600840
11512,1995,2600845
17732,1995,2600850
11057,1995,2600860
16263,1995,2600870
30795,1995,2600880
54388,1995,2600890
21610,1995,2600900
9153,1995,2600910
22270,1995,2600920
13306,1995,2600930
11547,1995,2601430
40600,1995,2600940
26922,1995,2600950
360473,1995,2600960
20925,1995,2600970
11498,1995,2600980
65510,1995,2600990
57234,1995,2601000
8079,1995,2601010
26975,1995,2601020
11096,1995,2601030
20136,1995,2601040
30191,1995,2601050
41094,1995,2601060
241422,1995,2601070
19030,1995,2601080
59784,1995,2601090
35923,1995,2601100
183662,1995,2601110
9724,1995,2601120
21556,1995,2601130
11630,1995,2601140
21437,1995,2601150
7554,1995,2601153
1329768,1995,2601160
18194,1995,2601170
42561,1995,2601180
34459,1995,2601190
10803,1995,2601200
6010,1995,2601210
48982,1995,2601220
14395,1995,2601230
15236,1995,2601240
10775,1995,2601245
12251,1995,2601247
41775,1995,2601250
45778,1995,2601260
11751,1995,2601270
9890,1995,2601280
9609,1995,2601290
43821,1995,2601300
31588,1995,2601310
19179,1995,2601320
16776,1995,2601330
12357,1995,2601340
31462,1995,2601350
29715,1995,2601360
93572,1995,2601370
14656,1995,2601380
73680,1995,2601390
19277,1995,2601400
31029,1995,2601410
34506,1995,2601420
5618,1995,2601440
61211,1995,2601450
23549,1995,2601460
12509,1995,2601470
18638,1995,2601480
17676,1995,2601500
6599,1995,2601510
7154,1995,2601520
58316,1995,2601530
16012,1995,2601540
12108,1995,2601550
20193,1995,2601560
15822,1995,2601570
19418,1995,2601580
7618,1995,2601590
12965,1995,2601600
8251,1995,2601610
8896,1995,2601618
13832,1995,2601620
28422,1995,2601630
111246,1995,2601640
10589,1995,2601650
18662,1995,2700010
16804,1995,2700020
177957,1995,2700030
37703,1995,2700040
8254,1995,2700050
5551,1995,2700060
13784,1995,2700070
5633,1995,2700080
7517,1995,2700090
23482,1995,2700100
7904,1995,2700110
12685,1995,2700120
20357,1995,2700130
40780,1995,2700140
10293,1995,2700150
18719,1995,2700160
18867,1995,2700170
5836,1995,2700180
7800,1995,2700190
10045,1995,2700200
17217,1995,2700210
5089,1995,2700220
54610,1995,2700230
19502,1995,2700235
45709,1995,2700240
10588,1995,2700250
16537,1995,2700255
19596,1995,2700260
3657,1995,2700270
11845,1995,2700280
29375,1995,2700290
17098,1995,2700300
26853,1995,2700310
19944,1995,2700320
15643,1995,2700330
5049,1995,2700340
7519,1995,2700350
7954,1995,2700360
4903,1995,2700370
26840,1995,2700380
16761,1995,2700390
23517,1995,2700400
16828,1995,2700410
20003,1995,2700420
703096,1995,2700430
17750,1995,2700440
3773,1995,2700490
16872,1995,2700450
11143,1995,2700460
25499,1995,2700470
14654,1995,2700480
27211,1995,2700500
22380,1995,2700510
11746,1995,2700520
7658,1995,2700530
6301,1995,2700540
29522,1995,2700550
14249,1995,2700560
16100,1995,2700570
7193,1995,2700580
4200,1995,2700590
10384,1995,2700600
9581,1995,2700610
4068,1995,2700620
69541,1995,2700630
22761,1995,2700640
8636,1995,2700642
7684,1995,2700644
14903,1995,2700650
6773,1995,2700660
57943,1995,2700670
18514,1995,2700680
30910,1995,2700690
3567,1995,2700700
16076,1995,2700710
11777,1995,2700720
23305,1995,2700730
9414,1995,2700740
18581,1995,2700750
11164,1995,2700760
56976,1995,2700770
8349,1995,2700780
6500,1995,2700790
37091,1995,2700800
11761,1995,2700810
6008,1995,2700820
22101,1995,2700830
28175,1995,2700840
33006,1995,2700850
53558,1995,2700860
4922,1995,2700870
26094,1995,2700880
10214,1995,2700890
9955,1995,2700895
7754,1995,2700900
17790,1995,2700910
32899,1995,2700915
24003,1995,2700920
59021,1995,2700930
23045,1995,2700940
1958,1995,2800010
16444,1995,2800020
437543,1995,2800030
10909,1995,2800040
11682,1995,2800050
14023,1995,2800060
24361,1995,2800067
6560,1995,2800070
13976,1995,2800100
3747,1995,2800110
12642,1995,2800120
26059,1995,2800130
15316,1995,2800140
7515,1995,2800150
5182,1995,2800160
12045,1995,2800170
3225,1995,2800190
2809,1995,2800200
63109,1995,2800210
4469,1995,2800220
10701,1995,2800230
10244,1995,2800240
2224,1995,2800250
5021,1995,2800260
6975,1995,2800270
12789,1995,2800280
68630,1995,2800290
32059,1995,2800300
4890,1995,2800310
21513,1995,2800320
13802,1995,2800330
11623,1995,2800340
76363,1995,2800350
22194,1995,2800360
5143,1995,2800370
2580,1995,2800380
10592,1995,2800390
16179,1995,2800400
9430,1995,2800410
9984,1995,2800420
6957,1995,2800430
16487,1995,2800440
8403,1995,2800445
24371,1995,2800450
20351,1995,2800460
4832,1995,2800470
79165,1995,2800480
11977,1995,2800490
2277,1995,2800500
8096,1995,2800510
4586,1995,2800520
5329,1995,2800530
21334,1995,2800540
18750,1995,2800550
23674,1995,2800560
26558,1995,2800570
16880,1995,2800580
8012,1995,2800590
14614,1995,2800600
6249,1995,2800610
18420,1995,2800620
10477,1995,2800630
3481,1995,2800650
6176,1995,2800640
11706,1995,2800660
55716,1995,2800670
8226,1995,2800680
2248,1995,2800690
3169,1995,2800700
34079,1995,2800710
6556,1995,2800720
2342,1995,2800730
39775,1995,2800740
11395,1995,2800750
16079,1995,2800760
8484,1995,2900010
12145,1995,2900020
13292,1995,2900030
15272,1995,2900035
14582,1995,2900040
6408,1995,2900060
123455,1995,2900070
17161,1995,2900080
10304,1995,2900090
28964,1995,2900100
24237,1995,2900110
16935,1995,2900115
44167,1995,2900120
15153,1995,2900130
18944,1995,2900135
17710,1995,2900140
7909,1995,2900150
18871,1995,2900160
10937,1995,2900170
15682,1995,2900180
16698,1995,2900190
9140,1995,2900195
9903,1995,2900205
15942,1995,2900200
50696,1995,2900210
7400,1995,2900220
13125,1995,2900225
7861,1995,2900230
15194,1995,2900240
15394,1995,2900250
22291,1995,2900260
11844,1995,2900265
41139,1995,2900270
19028,1995,2900280
26412,1995,2900290
15348,1995,2900300
9751,1995,2900310
103581,1995,2900320
13429,1995,2900323
21390,1995,2900340
14743,1995,2900350
16281,1995,2900360
13039,1995,2900370
17250,1995,2900380
54687,1995,2900390
10865,1995,2900395
15193,1995,2900400
12344,1995,2900405
19546,1995,2900410
10319,1995,2900420
13833,1995,2900430
11953,1995,2900440
14704,1995,2900450
60785,1995,2900460
21472,1995,2900470
12927,1995,2900475
9407,1995,2900480
16173,1995,2900485
28430,1995,2900490
18353,1995,2900500
18884,1995,2900510
11802,1995,2900515
41732,1995,2900520
15147,1995,2900530
16946,1995,2900540
17612,1995,2900550
36295,1995,2900560
127882,1995,2900570
33950,1995,2900580
27774,1995,2900590
66025,1995,2900600
9535,1995,2900610
22256,1995,2900620
35103,1995,2900630
10397,1995,2900640
72230,1995,2900650
13000,1995,2900660
25077,1995,2900670
32854,1995,2900680
15326,1995,2900682
18913,1995,2900685
20918,1995,2900687
17260,1995,2900689
19747,1995,2900690
7089,1995,2900700
28584,1995,2900710
49795,1995,2900720
26246,1995,2900730
3295,1995,2900740
44884,1995,2900750
10436,1995,2900755
15150,1995,2900760
9307,1995,2900770
28112,1995,2900780
13667,1995,2900790
32104,1995,2900800
16082,1995,2900810
16555,1995,2900820
18639,1995,2900830
55642,1995,2900840
24371,1995,2900850
16640,1995,2900860
18442,1995,2900870
4616,1995,2900880
22603,1995,2900890
11812,1995,2900900
13679,1995,2900910
18903,1995,2900920
29773,1995,2900930
12866,1995,2900940
4574,1995,2900950
17852,1995,2900960
13420,1995,2900970
48753,1995,2900980
26467,1995,2900990
13590,1995,2901000
34952,1995,2901005
10022,1995,2901010
3784,1995,2901020
7889,1995,2901030
23569,1995,2901040
29468,1995,2901050
11586,1995,2900050
24691,1995,2901060
55083,1995,2901070
78877,1995,2901072
18815,1995,2901075
6739,1995,2901077
443497,1995,2901080
18750,1995,2901085
5353,1995,2901090
13459,1995,2901100
16355,1995,2901110
28131,1995,2901120
7884,1995,2901125
11767,1995,2901130
13594,1995,2901140
9219,1995,2901150
11263,1995,2900330
18401,1995,2901160
8271,1995,2901165
73339,1995,2901170
24941,1995,2901180
10984,1995,2901185
26194,1995,2901190
12266,1995,2901200
29959,1995,2901210
9666,1995,2901220
15733,1995,2901230
19252,1995,2901240
13654,1995,2901250
5658,1995,2901260
28475,1995,2901270
8034,1995,2901280
23383,1995,2901290
18765,1995,2901300
17810,1995,2901310
25674,1995,2901320
9522,1995,2901330
14915,1995,2901340
14137,1995,2901345
22276,1995,2901350
253500,1995,2901360
26640,1995,2901370
15872,1995,2901380
46760,1995,2901390
64770,1995,2901400
8536,1995,2901410
6158,1995,2901420
18976,1995,2901430
18095,1995,2901440
24594,1995,2901450
56921,1995,2901460
20206,1995,2901465
57135,1995,2901470
198517,1995,2901480
20335,1995,2901490
13803,1995,2901500
15004,1995,2901510
20521,1995,2901520
7937,1995,2901530
19133,1995,2901535
9471,1995,2901540
24441,1995,2901550
64626,1995,2901560
9096,1995,2901570
23165,1995,2901580
5900,1995,2901590
22510,1995,2901600
16766,1995,2901610
17421,1995,2901620
11146,1995,2901630
55266,1995,2901640
26420,1995,2901650
10540,1995,2901660
6958,1995,2901670
17306,1995,2901680
10666,1995,2901685
13389,1995,2901690
35555,1995,2901700
19878,1995,2901710
17125,1995,2901720
21177,1995,2901730
12008,1995,2901733
11764,1995,2901735
13458,1995,2901740
81348,1995,2901750
41857,1995,2901760
34819,1995,2901770
14681,1995,2901780
8739,1995,2901790
153766,1995,2901800
42990,1995,2901810
12478,1995,2901820
22165,1995,2901830
20441,1995,2901835
139845,1995,2901840
16498,1995,2901845
14435,1995,2901850
8209,1995,2901855
10536,1995,2901860
5279,1995,2901870
12225,1995,2901875
18875,1995,2901880
3700,1995,2901890
6033,1995,2901900
6881,1995,2901905
10583,1995,2901910
22252,1995,2901915
77451,1995,2901920
8401,1995,2901930
14524,1995,2901940
36513,1995,2901950
10793,1995,2901960
13572,1995,2901970
35715,1995,2901980
6561,1995,2901990
9458,1995,2901992
11519,1995,2901995
8068,1995,2902000
20130,1995,2902010
15680,1995,2902020
7497,1995,2902030
17114,1995,2902040
10933,1995,2902045
28868,1995,2902050
38048,1995,2902060
18616,1995,2902070
15213,1995,2902080
20791,1995,2902090
29934,1995,2902100
9154,1995,2902105
22349,1995,2902110
26106,1995,2902120
9357,1995,2902130
15104,1995,2902140
7936,1995,2902145
54517,1995,2902150
7458,1995,2902160
32830,1995,2902170
13691,1995,2902180
11447,1995,2902190
18141,1995,2902200
15302,1995,2902205
34498,1995,2902210
6320,1995,2902220
9146,1995,2902225
25355,1995,2902230
21803,1995,2902240
26823,1995,2902250
13686,1995,2902260
9897,1995,2902265
13900,1995,2902270
11570,1995,2902273
11633,1995,2902275
6431,1995,2902280
10627,1995,2902285
25500,1995,2902290
28590,1995,2902300
10489,1995,2902303
11753,1995,2902305
22836,1995,2902310
21746,1995,2902320
7254,1995,2902330
12978,1995,2902335
21788,1995,2902340
7356,1995,2902350
20524,1995,2902360
25708,1995,2902370
25515,1995,2902380
15681,1995,2902390
92087,1995,2902400
18809,1995,2902405
6603,1995,2902410
16483,1995,2902420
18864,1995,2902430
33019,1995,2902440
17636,1995,2902450
26887,1995,2902460
10084,1995,2902465
15322,1995,2902467
10482,1995,2902470
27031,1995,2902480
10642,1995,2902490
24241,1995,2902500
40222,1995,2902510
24808,1995,2902520
18945,1995,2902525
38755,1995,2902530
10068,1995,2902540
24970,1995,2902550
14261,1995,2902560
14983,1995,2902570
20450,1995,2902575
24645,1995,2902580
25470,1995,2902590
15509,1995,2902593
22690,1995,2902595
36551,1995,2902600
11649,1995,2902610
20898,1995,2902620
42052,1995,2902630
28172,1995,2902640
14373,1995,2902650
45193,1995,2902660
11258,1995,2902665
14155,1995,2902670
13734,1995,2902680
12475,1995,2902690
31064,1995,2902700
4165,1995,2902710
29461,1995,2902720
9157,1995,2902730
2262731,1995,2902740
17277,1995,2902750
14800,1995,2902760
6333,1995,2902770
6448,1995,2902780
10676,1995,2902790
16404,1995,2902805
44150,1995,2902810
24728,1995,2902840
8587,1995,2902850
32568,1995,2902800
25495,1995,2902820
9042,1995,2902830
55973,1995,2902860
71929,1995,2902870
39343,1995,2902880
20192,1995,2902890
11383,1995,2902895
20718,1995,2902910
11762,1995,2902900
12640,1995,2902905
20853,1995,2902920
19732,1995,2902925
25101,1995,2902930
9712,1995,2902935
15702,1995,2902937
9024,1995,2902940
38058,1995,2902950
16115,1995,2902960
14102,1995,2902970
8256,1995,2902975
12683,1995,2902980
42330,1995,2902990
10069,1995,2903000
93274,1995,2903010
27829,1995,2903020
35258,1995,2903015
18004,1995,2903030
17112,1995,2903040
80812,1995,2903050
11405,1995,2903060
81092,1995,2903070
8431,1995,2903075
12782,1995,2903076
20555,1995,2903077
20252,1995,2903080
11630,1995,2903090
19482,1995,2903100
14100,1995,2903105
10588,1995,2903110
18807,1995,2903120
15247,1995,2903130
95770,1995,2903135
9305,1995,2903140
23799,1995,2903150
13846,1995,2903160
11816,1995,2903170
22423,1995,2903180
49561,1995,2903190
25880,1995,2903200
21441,1995,2903210
22410,1995,2903220
26767,1995,2903230
14443,1995,2903240
12851,1995,2903245
24479,1995,2903250
16944,1995,2903260
34396,1995,2903270
18809,1995,2903280
71156,1995,2903290
18372,1995,2903300
13531,1995,2903305
9336,1995,2903310
18241,1995,2903315
9595,1995,2903317
24423,1995,2903320
8639,1995,2903325
242647,1995,2903330
8678,1995,2903340
14465,1995,2903345
17689,1995,2903350
42922,1995,2903360
6230,1995,3100010
21430,1995,3100020
19150,1995,3100030
3707,1995,3100040
24156,1995,3100050
15209,1995,3100060
1719,1995,3100070
3231,1995,3100080
22033,1995,3100090
20634,1995,3100100
25703,1995,3100110
6349,1995,3100120
2621,1995,3100130
2650,1995,3100140
32041,1995,3100150
56681,1995,3100160
4877,1995,3100163
34898,1995,3100170
6991,1995,3100180
20633,1995,3100190
12032,1995,3100200
7698,1995,3105350
13657,1995,3100210
5971,1995,3100220
15493,1995,3100230
3873,1995,3100240
6301,1995,3100250
30521,1995,3100260
12053,1995,3100280
9920,1995,3100290
9425,1995,3100300
2279,1995,3100310
2043,1995,3100320
2282,1995,3100330
35038,1995,3100340
94555,1995,3100350
2508,1995,3100360
8420,1995,3100370
4415,1995,3100375
2960,1995,3100380
5889,1995,3100390
75193,1995,3100400
7340,1995,3100410
29489,1995,3100420
11606,1995,3100430
2939,1995,3100440
18374,1995,3100450
11822,1995,3100460
17391,1995,3100470
5495,1995,3100480
17241,1995,3100490
8680,1995,3100500
20778,1995,3100510
5578,1995,3100520
4370,1995,3100530
21824,1995,3100540
5961,1995,3100550
103536,1995,3100560
9000,1995,3100570
18255,1995,3100590
9253,1995,3100600
4017,1995,3100610
2097311,1995,3100620
17938,1995,3100630
7001,1995,3100640
17922,1995,3100650
10690,1995,3100660
198896,1995,3100670
4656,1995,3100680
11643,1995,3100690
2905,1995,3100700
35509,1995,3100710
4744,1995,3100720
48731,1995,3100730
37999,1995,3100740
5984,1995,3100750
2953,1995,3100760
5126,1995,3100770
17693,1995,3100780
9550,1995,3100790
16654,1995,3100800
7263,1995,3100810
13950,1995,3100820
15963,1995,3100830
14404,1995,3100840
7309,1995,3100850
5600,1995,3100870
46591,1995,3100860
13224,1995,3100890
6252,1995,3100880
20000,1995,3100900
10906,1995,3100910
9887,1995,3100920
19808,1995,3100930
26326,1995,3100940
12358,1995,3100950
3897,1995,3100960
9658,1995,3100970
8871,1995,3100270
2272,1995,3100980
7917,1995,3100990
34443,1995,3101000
4901,1995,3101010
3538,1995,3101020
11933,1995,3101030
3939,1995,3101040
18162,1995,3101050
19589,1995,3101060
11921,1995,3101070
3058,1995,3101080
12700,1995,3101090
17632,1995,3101100
19520,1995,3101110
47891,1995,3101120
11677,1995,3101130
4297,1995,3101140
11235,1995,3101150
24804,1995,3101160
5800,1995,3101190
5471,1995,3101170
17157,1995,3101180
13759,1995,3101200
8473,1995,3101210
4932,1995,3101220
32630,1995,3101230
7559,1995,3101240
6784,1995,3101250
15601,1995,3101260
4332,1995,3101265
12587,1995,3101270
7296,1995,3101280
8103,1995,3101290
23423,1995,3101300
3291,1995,3101310
20256,1995,3101320
33365,1995,3101330
89554,1995,3101340
8150,1995,3101350
5568,1995,3101360
22638,1995,3101370
2132,1995,3101380
11029,1995,3101390
10598,1995,3101400
11697,1995,3101410
14933,1995,3101420
28338,1995,3101430
18745,1995,3101440
14630,1995,3101450
9532,1995,3101455
4576,1995,3101460
2660,1995,3101470
4491,1995,3101480
1990,1995,3101490
2715,1995,3101500
15256,1995,3101510
62530,1995,3101530
3490,1995,3101540
7119,1995,3101545
20190,1995,3101550
1333,1995,3101560
6183,1995,3101570
14789,1995,3101580
3291,1995,3101590
5590,1995,3101600
15964,1995,3101610
2758,1995,3101620
6206,1995,3101630
3242,1995,3101640
8329,1995,3101650
19143,1995,3101660
5671,1995,3101670
10713,1995,3101680
2818,1995,3101690
10608,1995,3101700
9487,1995,3101710
4026,1995,3101520
14209,1995,3101730
2575,1995,3101720
4954,1995,3101740
18199,1995,3101750
4027,1995,3101760
10588,1995,3101770
7968,1995,3101780
7586,1995,3101790
36631,1995,3101800
4581,1995,3101810
7009,1995,3101820
95787,1995,3101830
29717,1995,3101840
1764,1995,3101850
504098,1995,3101860
9545,1995,3101870
33860,1995,3101880
8545,1995,3101890
3130,1995,3101900
25346,1995,3101910
10919,1995,3101920
26839,1995,3101930
90573,1995,3101940
9521,1995,3101950
3236,1995,3101960
2841,1995,3101970
4154,1995,3101980
4058,1995,3101990
7917,1995,3102000
4276,1995,3102010
9160,1995,3102020
5059,1995,3102030
4259,1995,3102040
10356,1995,3102050
4630,1995,3102060
3169,1995,3102070
12093,1995,3102080
61130,1995,3102090
5028,1995,3102100
8139,1995,3102110
6772,1995,3102120
4126,1995,3102130
6549,1995,3102140
3352,1995,3102150
47646,1995,3102160
3957,1995,3102170
10262,1995,3102180
2861,1995,3102190
21974,1995,3102200
5068,1995,3102210
6192,1995,3102220
162464,1995,3102230
5258,1995,3102240
6080,1995,3102245
6132,1995,3102250
4760,1995,3102260
10139,1995,3102270
2964,1995,3102280
5137,1995,3102290
7512,1995,3102300
5463,1995,3102310
13394,1995,3102320
5099,1995,3102330
1186,1995,3102340
1505,1995,3102350
5912,1995,3102352
20067,1995,3102360
8912,1995,3102370
8091,1995,3102380
5027,1995,3102385
11820,1995,3102390
16110,1995,3102400
26134,1995,3102410
21019,1995,3102420
31703,1995,3102430
4178,1995,3102440
9337,1995,3102450
2604,1995,3102460
3786,1995,3102470
7193,1995,3102480
10178,1995,3102490
3394,1995,3102500
15358,1995,3102510
2185,1995,3102520
2951,1995,3102530
6205,1995,3102540
6214,1995,3102560
12354,1995,3102570
3116,1995,3102580
14058,1995,3102590
9714,1995,3102595
5109,1995,3102600
66421,1995,3102610
7698,1995,3102620
3781,1995,3102630
2436,1995,3102640
17794,1995,3102650
3705,1995,3102660
25242,1995,3102670
6724,1995,3102680
6952,1995,3102690
8182,1995,3102700
4897,1995,3102705
44554,1995,3102710
2702,1995,3102720
10435,1995,3102730
3687,1995,3102740
6381,1995,3102750
12293,1995,3102760
241615,1995,3102770
19719,1995,3102780
1203,1995,3102790
26075,1995,3102800
11983,1995,3102810
10489,1995,3102820
17437,1995,3102830
8135,1995,3102840
4065,1995,3102850
6129,1995,3102860
42604,1995,3102870
7137,1995,3102880
5803,1995,3102890
10246,1995,3102900
7331,1995,3102910
5442,1995,3102920
13782,1995,3102930
4908,1995,3102940
18973,1995,3102950
7589,1995,3102960
8617,1995,3102970
99677,1995,3102980
2719,1995,3102990
2559,1995,3103000
10070,1995,3103005
29470,1995,3103010
6401,1995,3103020
8942,1995,3103030
4768,1995,3103040
9424,1995,3103050
6441,1995,3103060
5198,1995,3103070
2280,1995,3103080
34122,1995,3103090
5097,1995,3103100
6246,1995,3103110
12281,1995,3103115
18409,1995,3103120
189657,1995,3103130
3920,1995,3103140
8026,1995,3103150
4771,1995,3103160
92074,1995,3103170
9847,1995,3103180
34515,1995,3103190
6532,1995,3103200
23420,1995,3103210
11054,1995,3103220
8738,1995,3103230
80681,1995,3103240
33671,1995,3103250
3552,1995,3103260
20604,1995,3103270
2620,1995,3103280
9365,1995,3103290
10759,1995,3103300
11678,1995,3103310
12024,1995,3103320
21088,1995,3103330
11147,1995,3103340
22579,1995,3103350
5725,1995,3103360
7877,1995,3103370
11346,1995,3103375
71411,1995,3103380
6411,1995,3103390
21982,1995,3103400
6191,1995,3103410
87608,1995,3103420
6552,1995,3103430
28002,1995,3103440
4447,1995,3103450
13173,1995,3103460
12303,1995,3103470
6689,1995,3103480
18860,1995,3103490
2926,1995,3103500
18949,1995,3103505
4536,1995,3103507
57116,1995,3103510
85160,1995,3103520
3424,1995,3103530
7201,1995,3103540
14589,1995,3103550
9682,1995,3103560
5104,1995,3103570
22612,1995,3103580
4391,1995,3103590
18202,1995,3103600
6661,1995,3103610
63823,1995,3103620
51746,1995,3103630
4223,1995,3103640
9866,1995,3103650
10171,1995,3103665
411290,1995,3103670
6131,1995,3103680
7034,1995,3103690
16784,1995,3103700
7801,1995,3103710
33144,1995,3103720
4164,1995,3103730
10481,1995,3103740
15383,1995,3103750
5880,1995,3103753
32077,1995,3103760
17850,1995,3103770
16648,1995,3103780
3610,1995,3103790
5708,1995,3103800
6713,1995,3103810
70871,1995,3103820
2959,1995,3103830
48106,1995,3103840
5801,1995,3103850
14803,1995,3103860
6891,1995,3103862
6221,1995,3103865
4983,1995,3103870
17022,1995,3103880
7113,1995,3103890
31810,1995,3103900
3776,1995,3103910
34173,1995,3103920
7238,1995,3103925
30931,1995,3103930
73527,1995,3103940
21647,1995,3103950
33116,1995,3103960
10418,1995,3103980
5598,1995,3103970
14623,1995,3103990
41065,1995,3104000
4464,1995,3104010
2311,1995,3104020
3366,1995,3104030
2975,1995,3104040
12721,1995,3104050
6066,1995,3104055
4437,1995,3104060
18904,1995,3104070
3899,1995,3107150
11348,1995,3104080
11890,1995,3104085
15398,1995,3104090
21446,1995,3104100
25389,1995,3104110
3573,1995,3104120
2818,1995,3104130
21153,1995,3104140
10634,1995,3104150
10024,1995,3104160
7405,1995,3104170
36172,1995,3104180
3684,1995,3104190
17500,1995,3104200
10594,1995,3104210
14862,1995,3104220
3865,1995,3104230
5700,1995,3104240
2797,1995,3104250
7540,1995,3104260
15965,1995,3104270
19273,1995,3104280
31485,1995,3104290
14271,1995,3104300
37327,1995,3104310
19483,1995,3104320
18592,1995,3104340
273513,1995,3104330
6722,1995,3104345
6895,1995,3104350
3255,1995,3104360
3683,1995,3104370
6044,1995,3104380
90975,1995,3104390
27308,1995,3104400
18528,1995,3104410
3806,1995,3104420
43519,1995,3104430
4407,1995,3104440
7166,1995,3104450
24932,1995,3104460
18935,1995,3104470
56359,1995,3104480
4202,1995,3104490
10887,1995,3104500
12599,1995,3104510
19266,1995,3104520
5203,1995,3103660
30577,1995,3104530
2307,1995,3104540
1749,1995,3104550
33377,1995,3104560
2206,1995,3104570
3121,1995,3104580
29495,1995,3104590
32904,1995,3104600
67237,1995,3104610
7603,1995,3104620
17949,1995,3104630
5023,1995,3104640
8021,1995,3104650
1346,1995,3104660
6769,1995,3104670
7142,1995,3104675
10857,1995,3104690
65816,1995,3104710
67517,1995,3104700
17091,1995,3104720
14775,1995,3104730
18256,1995,3104740
13890,1995,3104760
8242,1995,3104770
2295,1995,3104780
1600,1995,3104750
91015,1995,3104790
108369,1995,3104800
65343,1995,3104810
4496,1995,3104820
8387,1995,3104830
5828,1995,3104840
16065,1995,3104850
20332,1995,3104860
22859,1995,3104870
4204,1995,3104880
3790,1995,3104890
1735,1995,3104900
11394,1995,3104910
8588,1995,3104915
4680,1995,3104920
44736,1995,3104930
1610,1995,3104940
2745,1995,3104950
3292,1995,3104960
4594,1995,3104970
11121,1995,3104980
16885,1995,3104990
4395,1995,3105000
2874,1995,3105010
4159,1995,3105020
4832,1995,3105030
4365,1995,3105040
7200,1995,3105050
5815,1995,3105060
3145,1995,3105070
16512,1995,3105080
4556,1995,3105090
6596,1995,3105100
9647,1995,3105110
49853,1995,3105120
8817,1995,3105130
21697,1995,3105140
26822,1995,3105150
7014,1995,3105160
14313,1995,3105170
117585,1995,3105180
10802,1995,3105190
21887,1995,3105200
58709,1995,3105210
57979,1995,3105220
9543,1995,3105230
14155,1995,3105240
88019,1995,3105250
6091,1995,3105260
7453,1995,3105270
26499,1995,3105280
9499,1995,3105290
2529,1995,3105300
6161,1995,3105310
4081,1995,3105320
3125,1995,3105330
16620,1995,3105340
7292,1995,3105360
2807,1995,3105370
1643,1995,3105380
15281,1995,3105390
28674,1995,3105400
10525,1995,3105410
10055,1995,3105420
17011,1995,3105430
4607,1995,3105440
7787,1995,3105445
10567,1995,3105450
168542,1995,3105460
3652,1995,3105470
7556,1995,3105480
15291,1995,3105490
6192,1995,3105510
2500,1995,3105500
7159,1995,3105520
4508,1995,3105530
11580,1995,3105540
9117,1995,3105550
43834,1995,3105560
14167,1995,3105570
15048,1995,3105580
6977,1995,3105590
16037,1995,3105600
5721,1995,3105610
1562,1995,3105620
3872,1995,3105630
3616,1995,3105640
9651,1995,3105650
10390,1995,3105660
96520,1995,3105670
16631,1995,3105680
21137,1995,3105690
51355,1995,3105700
7473,1995,3105710
27890,1995,3105720
6399,1995,3105725
5260,1995,3105730
6166,1995,3105740
5164,1995,3105750
4890,1995,3105760
8363,1995,3105770
162945,1995,3105780
13265,1995,3105790
10808,1995,3105800
5500,1995,3105810
17796,1995,3105820
9360,1995,3105920
3864,1995,3105940
4915,1995,3105930
6918,1995,3105935
5849,1995,3105950
28305,1995,3105960
2897,1995,3105970
15994,1995,3105980
7089,1995,3105830
3647,1995,3105840
8885,1995,3105850
3453,1995,3105860
1774,1995,3105870
3877,1995,3105880
9824,1995,3105890
14066,1995,3105895
3440,1995,3105900
3941,1995,3105910
14247,1995,3105990
3319,1995,3106000
4402,1995,3106010
4229,1995,3106020
11664,1995,3106030
19337,1995,3106040
1998,1995,3106050
3744,1995,3106060
46577,1995,3106070
2724,1995,3106080
3303,1995,3106090
18929,1995,3106100
54266,1995,3106110
6370,1995,3106120
5116,1995,3106130
6591,1995,3106140
7947,1995,3106150
5242,1995,3106160
9399,1995,3106170
8064,1995,3106180
7986,1995,3106190
3028,1995,3102550
20314,1995,3106200
20403,1995,3106210
5542,1995,3106220
2708,1995,3106230
26075,1995,3106240
75354,1995,3106250
7418,1995,3106255
3955,1995,3106257
7836,1995,3106260
31104,1995,3106270
15545,1995,3106280
23051,1995,3106290
7396,1995,3106295
3519,1995,3106300
2867,1995,3106310
3429,1995,3106320
4037,1995,3106330
5921,1995,3106340
10586,1995,3106350
2115,1995,3106360
32127,1995,3106370
6539,1995,3106380
5128,1995,3106390
9388,1995,3106410
9908,1995,3106400
7837,1995,3106420
6288,1995,3106430
4121,1995,3106440
12961,1995,3106450
5113,1995,3106460
52759,1995,3106470
2012,1995,3106480
1862,1995,3106490
5902,1995,3106520
9988,1995,3106500
6664,1995,3106510
5377,1995,3106530
4415,1995,3106540
4409,1995,3106550
4398,1995,3106557
1867,1995,3106560
5989,1995,3106570
1914,1995,3106580
5094,1995,3106590
5145,1995,3106600
3520,1995,3106610
10074,1995,3106620
6825,1995,3106630
1741,1995,3106640
3915,1995,3106650
810,1995,3106660
8538,1995,3106680
10970,1995,3106670
7459,1995,3106690
1936,1995,3106700
20034,1995,3106710
157999,1995,3106720
2037,1995,3106730
5890,1995,3106740
2440,1995,3106750
16887,1995,3106760
6562,1995,3106770
4984,1995,3106780
4147,1995,3106790
28688,1995,3106800
3071,1995,3106810
2130,1995,3106820
3366,1995,3106830
17553,1995,3106840
10384,1995,3106850
144703,1995,3106860
60387,1995,3106870
10983,1995,3106880
8340,1995,3106890
12772,1995,3106900
4829,1995,3106910
9875,1995,3106920
61355,1995,3106930
23016,1995,3106935
49295,1995,3106940
5193,1995,3106950
22376,1995,3106960
20105,1995,3106970
3699,1995,3106980
71536,1995,3106990
14480,1995,3107000
10552,1995,3107005
215892,1995,3107010
407707,1995,3107020
2976,1995,3107030
70305,1995,3107040
10891,1995,3107050
13621,1995,3107052
2203,1995,3107060
94672,1995,3107070
31753,1995,3107080
28052,1995,3107090
20219,1995,3107100
2907,1995,3107110
51617,1995,3107120
55561,1995,3107130
3610,1995,3107140
14079,1995,3107160
8634,1995,3107170
12971,1995,3107180
6546,1995,3107190
29471,1995,3107200
4309,1995,3107210
2474,1995,3107220
40560,1995,3200010
12425,1995,3200016
9634,1995,3200013
31800,1995,3200020
13285,1995,3200030
7551,1995,3200035
16507,1995,3200040
7190,1995,3200050
58230,1995,3200060
6852,1995,3200070
27500,1995,3200080
35248,1995,3200090
13188,1995,3200100
8419,1995,3200110
153097,1995,3200120
302073,1995,3200130
30990,1995,3200140
101647,1995,3200150
24628,1995,3200160
11064,1995,3200170
4324,1995,3200180
28958,1995,3200190
5883,1995,3200200
23099,1995,3200210
10472,1995,3200220
22791,1995,3200230
68543,1995,3200240
17196,1995,3200245
9668,1995,3200250
7869,1995,3200255
10754,1995,3200260
9968,1995,3200265
13434,1995,3200270
49411,1995,3200280
10918,1995,3200290
24013,1995,3200300
18845,1995,3200305
9147,1995,3200310
14152,1995,3200313
10914,1995,3200316
124036,1995,3200320
14079,1995,3200330
10576,1995,3200334
8833,1995,3200335
24290,1995,3200340
18321,1995,3200350
11085,1995,3200360
20537,1995,3200370
13976,1995,3200380
40060,1995,3200390
19858,1995,3200400
23596,1995,3200405
21710,1995,3200410
10536,1995,3200420
9254,1995,3200430
14586,1995,3200435
10284,1995,3200440
11683,1995,3200450
25718,1995,3200455
30686,1995,3200460
6578,1995,3200465
29735,1995,3200470
10476,1995,3200480
82074,1995,3200490
267148,1995,3200500
13742,1995,3200503
13188,1995,3200506
48716,1995,3200510
8229,1995,3200515
285628,1995,3200520
275227,1995,3200530
94225,1995,3300010
6611,1995,3300015
62136,1995,3300020
8644,1995,3300022
21363,1995,3300025
81791,1995,3300030
168797,1995,3300040
378877,1995,3300045
21167,1995,3300050
30279,1995,3300060
93503,1995,3300070
41524,1995,3300080
21003,1995,3300090
392931,1995,3300100
19828,1995,3300110
13369,1995,3300115
15297,1995,3300120
17122,1995,3300130
7449,1995,3300095
18241,1995,3300140
22347,1995,3300150
10411,1995,3300160
697478,1995,3300170
11855,1995,3300180
29262,1995,3300185
178279,1995,3300190
120446,1995,3300200
12868,1995,3300205
23512,1995,3300210
82113,1995,3300220
17284,1995,3300225
69099,1995,3300227
7336,1995,3300230
112068,1995,3300240
170573,1995,3300250
19276,1995,3300260
51252,1995,3300270
17030,1995,3300280
20911,1995,3300290
26278,1995,3300300
15008,1995,3300310
160188,1995,3300320
448736,1995,3300330
181170,1995,3300340
811326,1995,3300350
38150,1995,3300360
35527,1995,3300370
25060,1995,3300380
22685,1995,3300385
263838,1995,3300390
35380,1995,3300400
14997,1995,3300410
9052,1995,3300412
103803,1995,3300414
10781,1995,3300415
96596,1995,3300420
46639,1995,3300430
13776,1995,3300440
6341,1995,3300450
19973,1995,3300452
5606497,1995,3300455
10664,1995,3300460
34862,1995,3300470
34454,1995,3300480
832849,1995,3300490
61510,1995,3300500
434458,1995,3300510
16428,1995,3300515
55579,1995,3300520
7969,1995,3300530
15554,1995,3300540
41526,1995,3300550
18613,1995,3300560
13366,1995,3300570
127802,1995,3300580
10726,1995,3300590
69439,1995,3300600
62795,1995,3300610
7306,1995,3300615
29038,1995,3300620
232123,1995,3300630
32106,1995,3500010
3132,1995,3500020
25909,1995,3500030
6893,1995,3500040
12741,1995,3500050
4140,1995,3500055
1876,1995,3500060
33776,1995,3500070
3511,1995,3500075
3343,1995,3500080
3580,1995,3500090
14019,1995,3500100
4581,1995,3500110
15385,1995,3500115
4893,1995,3500120
20087,1995,3500130
2998,1995,3500140
2432,1995,3500150
164102,1995,3500160
22254,1995,3500170
5416,1995,3500180
54113,1995,3500190
3215,1995,3500200
54301,1995,3500210
18334,1995,3500220
3627,1995,3500230
3103,1995,3500240
34447,1995,3500250
4941,1995,3500260
28274,1995,3500270
7376,1995,3500275
161876,1995,3500280
16129,1995,3500290
4326,1995,3500300
6221,1995,3500310
2358,1995,3500315
175635,1995,3500320
97810,1995,3500330
6924,1995,3500340
3143,1995,3500350
11059,1995,3500360
6021,1995,3500370
21581,1995,3500380
42075,1995,3500390
1875,1995,3500395
80765,1995,3500400
96554,1995,3500410
13118,1995,3500420
4445,1995,3500430
8478,1995,3500440
65089,1995,3500450
6328,1995,3500460
1252,1995,3500470
7200,1995,3500480
9324,1995,3500490
2898,1995,3500500
5212,1995,3500510
26144,1995,3500520
34491,1995,3500530
5238,1995,3500535
7885,1995,3500540
101642,1995,3500550
20908,1995,3500560
148676,1995,3500570
20354,1995,3500580
46985,1995,3500590
285109,1995,3500600
75783,1995,3500610
2458,1995,3500620
10351,1995,3500630
11577,1995,3500635
5624,1995,3500640
84016,1995,3500650
19777,1995,3500660
13160,1995,3500670
7472,1995,3500680
6025,1995,3500690
25662,1995,3500700
10907,1995,3500710
2411,1995,3500715
719,1995,3500720
3311,1995,3500730
12444,1995,3500740
1495,1995,3500745
101503,1995,3500750
107243,1995,3500760
4081,1995,3500770
14681,1995,3500780
15335,1995,3500790
15253,1995,3500800
13119,1995,3500810
3634,1995,3500820
3960,1995,3500830
20865,1995,3500840
70370,1995,3500850
23854,1995,3500860
17761,1995,3500870
14599,1995,3500880
3952,1995,3500890
43693,1995,3500900
3426,1995,3500910
37729,1995,3500920
26444,1995,3500925
9710,1995,3500930
21557,1995,3500940
4161,1995,3500945
906593,1995,3500950
50759,1995,3500960
41530,1995,3500970
4117,1995,3500980
10348,1995,3500990
27111,1995,3501000
2387,1995,3501010
2506,1995,3501015
48118,1995,3501020
11922,1995,3501030
38270,1995,3501040
59136,1995,3501050
315199,1995,3501060
12333,1995,3501070
26221,1995,3501080
2788,1995,3501090
15554,1995,3501100
96705,1995,3501110
6449,1995,3501120
5526,1995,3501130
13684,1995,3501140
22233,1995,3501150
12369,1995,3501160
11415,1995,3501170
12045,1995,3505720
5007,1995,3501190
17643,1995,3501200
5846,1995,3501210
21373,1995,3501220
12219,1995,3501230
14792,1995,3501240
6190,1995,3501250
5571,1995,3501260
3236,1995,3501270
40268,1995,3501280
7586,1995,3501290
124948,1995,3501300
24022,1995,3501310
5819,1995,3501320
2750,1995,3501330
73124,1995,3501340
94425,1995,3501350
24111,1995,3501360
27431,1995,3501370
329986,1995,3501380
1821,1995,3501385
12137,1995,3501390
7659,1995,3501400
20058,1995,3501410
2004,1995,3501420
8234,1995,3501430
41126,1995,3501440
11384,1995,3501450
5512,1995,3501460
6508,1995,3501470
13483,1995,3501480
12900,1995,3501490
2703,1995,3501492
2660,1995,3501495
175391,1995,3501500
40570,1995,3501510
2984,1995,3501512
7270,1995,3501515
38520,1995,3501518
3084,1995,3501519
7353,1995,3505730
8229,1995,3501520
2658,1995,3501530
10697,1995,3501535
14729,1995,3501540
5331,1995,3501560
59809,1995,3501550
107547,1995,3501570
2278,1995,3501580
3395,1995,3501590
11971,1995,3501600
3088,1995,3501610
260206,1995,3501620
93813,1995,3501630
95658,1995,3501640
2366,1995,3501650
10170,1995,3501660
42990,1995,3501670
3850,1995,3501680
11625,1995,3501690
9806,1995,3501700
4052,1995,3501710
6769,1995,3501720
4978,1995,3501730
33099,1995,3501740
11799,1995,3501750
18786,1995,3501760
17422,1995,3501770
8036,1995,3501780
8308,1995,3501790
6568,1995,3501800
5366,1995,3501810
28431,1995,3501820
19124,1995,3501830
97334,1995,3501840
9007,1995,3501850
32333,1995,3501860
229250,1995,3501870
870105,1995,3501880
6310,1995,3501885
5204,1995,3501890
6817,1995,3501900
6062,1995,3501905
101112,1995,3501907
7795,1995,3501910
6819,1995,3501920
2292,1995,3501925
20879,1995,3501930
8975,1995,3501940
5689,1995,3501950
40738,1995,3501960
55008,1995,3501970
6284,1995,3501980
10314,1995,3501990
23144,1995,3502000
22941,1995,3502010
6964,1995,3502020
27265,1995,3502030
2935,1995,3502042
22496,1995,3502044
15014,1995,3502040
115360,1995,3502050
4739,1995,3502060
4562,1995,3502070
3211,1995,3502080
11721,1995,3502090
11705,1995,3502100
2982,1995,3502110
4416,1995,3502120
10668,1995,3502130
13033,1995,3502140
5902,1995,3502150
8000,1995,3502160
18394,1995,3502170
18976,1995,3502180
13544,1995,3502190
2258,1995,3502200
51527,1995,3502210
3970,1995,3502215
95776,1995,3502220
108309,1995,3502230
78363,1995,3502240
125554,1995,3502250
60280,1995,3502260
3160,1995,3502265
35211,1995,3502270
13790,1995,3502280
9625,1995,3502290
3996,1995,3502300
194577,1995,3502310
43350,1995,3502320
12360,1995,3502330
68941,1995,3502340
15270,1995,3502350
11017,1995,3502360
5067,1995,3502370
7213,1995,3502380
117986,1995,3502390
20119,1995,3502400
35157,1995,3502410
6527,1995,3502420
62993,1995,3502430
179385,1995,3502440
3098,1995,3502450
16138,1995,3502460
25260,1995,3502470
45606,1995,3502480
3368,1995,3502490
70117,1995,3502500
25685,1995,3502510
12064,1995,3502520
100259,1995,3502530
3459,1995,3502540
8432,1995,3502550
3133,1995,3502560
24499,1995,3502570
3678,1995,3502580
299088,1995,3502590
16944,1995,3502600
17423,1995,3502610
22146,1995,3502620
4752,1995,3502630
20384,1995,3502640
5268,1995,3502650
4976,1995,3502660
76288,1995,3502670
47770,1995,3502680
226211,1995,3502690
4384,1995,3502700
60721,1995,3502710
77921,1995,3502720
1595,1995,3502725
18031,1995,3502730
19819,1995,3502740
2253,1995,3502750
6464,1995,3502760
4262,1995,3502770
4185,1995,3502780
2527,1995,3502790
14340,1995,3502800
7602,1995,3502810
3786,1995,3502820
3772,1995,3502830
32933,1995,3502840
44664,1995,3502850
8055,1995,3502860
3344,1995,3502870
13274,1995,3502880
1885,1995,3502885
4165,1995,3502890
173841,1995,3502900
2096,1995,3502910
19755,1995,3502920
71142,1995,3502930
323769,1995,3502940
3351,1995,3502950
3799,1995,3502960
1947,1995,3502965
18534,1995,3502970
10479,1995,3502980
2735,1995,3503000
19494,1995,3502990
25315,1995,3503010
14524,1995,3503020
43936,1995,3503030
3096,1995,3503040
62184,1995,3503050
111030,1995,3503070
297424,1995,3503060
68980,1995,3503080
2486,1995,3503090
2017,1995,3503100
21100,1995,3503110
5603,1995,3503120
42336,1995,3503130
17988,1995,3503140
19627,1995,3503150
4515,1995,3503160
28584,1995,3503180
3598,1995,3503170
22629,1995,3503190
8730,1995,3503200
3545,1995,3503205
3620,1995,3503210
3003,1995,3503220
6257,1995,3503230
12943,1995,3503240
8563,1995,3503250
10391,1995,3503260
2867,1995,3503270
4014,1995,3503280
5559,1995,3503282
2656,1995,3503284
5722,1995,3503290
15860,1995,3503300
2041,1995,3503310
2045,1995,3503320
2925,1995,3503330
38094,1995,3503340
3175,1995,3503325
31545,1995,3503350
5963,1995,3503360
4126,1995,3503370
2681,1995,3503380
47985,1995,3503390
3127,1995,3503400
7008,1995,3503410
3367,1995,3503420
33363,1995,3503430
598422,1995,3503440
2423,1995,3503450
29962,1995,3503460
82002,1995,3503470
7542,1995,3503480
11832,1995,3503490
8730,1995,3503500
8103,1995,3503510
10478,1995,3503520
19199,1995,3503530
13688,1995,3503540
37845,1995,3503550
15303,1995,3503560
5039,1995,3503570
13150,1995,3503580
3650,1995,3503590
10926,1995,3503600
3666,1995,3503610
13528,1995,3503620
1614,1995,3503625
10007,1995,3503630
4595,1995,3503640
41050,1995,3503650
8846,1995,3503660
34111,1995,3503670
5297,1995,3503680
2972,1995,3503690
14108,1995,3503700
29798,1995,3503710
2659,1995,3503715
8333,1995,3503720
51437,1995,3503730
26506,1995,3503740
4734,1995,3503750
36652,1995,3503760
4344,1995,3503770
46426,1995,3503780
21612,1995,3503790
112539,1995,3503800
13175,1995,3503810
8967,1995,3503820
3128,1995,3503830
15157,1995,3503850
21070,1995,3503860
300714,1995,3503870
27778,1995,3503880
18017,1995,3503890
10492,1995,3503900
8806,1995,3503910
21572,1995,3503920
60450,1995,3503930
9355,1995,3503940
32980,1995,3503950
3388,1995,3503960
3012,1995,3503970
85332,1995,3503980
4332,1995,3503990
17712,1995,3504000
3595,1995,3504010
25291,1995,3504020
3350,1995,3504025
3040,1995,3504030
4472,1995,3504040
5774,1995,3504050
41307,1995,3504060
43048,1995,3504070
10280,1995,3504075
11511,1995,3504080
10495,1995,3504090
142020,1995,3504100
4311,1995,3504110
13778,1995,3504120
37126,1995,3504130
174715,1995,3504140
38478,1995,3504150
31293,1995,3504160
12094,1995,3504170
1853,1995,3504180
7942,1995,3504190
5344,1995,3504200
9506,1995,3504210
27884,1995,3504220
4024,1995,3504230
16594,1995,3504240
4895,1995,3504250
52148,1995,3504260
4692,1995,3504270
3948,1995,3504280
10984,1995,3504290
21379,1995,3504300
3438,1995,3504310
4256,1995,3504320
6393,1995,3504325
95155,1995,3504330
468467,1995,3504340
2773,1995,3504360
11463,1995,3504370
10687,1995,3504380
147278,1995,3504390
21186,1995,3504400
33440,1995,3504410
7994,1995,3504420
9106,1995,3504350
23185,1995,3504425
6611,1995,3504430
2809,1995,3504440
2140,1995,3504450
4375,1995,3504460
2539,1995,3504470
3597,1995,3504480
8116,1995,3504490
11673,1995,3504500
4270,1995,3504510
5476,1995,3504515
80894,1995,3504520
28343,1995,3504530
7607,1995,3504540
2300,1995,3504550
13432,1995,3504560
5687,1995,3504570
167392,1995,3504580
10959,1995,3504600
2390,1995,3504610
3011,1995,3504620
24197,1995,3504630
37887,1995,3504640
6213,1995,3504650
23749,1995,3504660
11149,1995,3504670
40454,1995,3504680
6682,1995,3504690
4757,1995,3504700
2854,1995,3504710
3337,1995,3504740
24791,1995,3504750
20438,1995,3504760
2263,1995,3504720
42231,1995,3504730
22171,1995,3504770
637594,1995,3504780
4994,1995,3504790
15171,1995,3504800
7432,1995,3504805
5858,1995,3504810
5380,1995,3504820
2127,1995,3504830
3942,1995,3504840
421292,1995,3504850
8424,1995,3504860
612435,1995,3504870
145147,1995,3504880
170688,1995,3504890
2433,1995,3504900
73662,1995,3504910
2671,1995,3504920
1643,1995,3504925
2693,1995,3504930
38312,1995,3504940
7333,1995,3504950
3764,1995,3504960
47489,1995,3504970
314434,1995,3504980
492285,1995,3504990
8394,1995,3504995
9968,1995,3505000
37751,1995,3505010
28386,1995,3505020
10017821,1995,3505030
22375,1995,3505040
6504,1995,3505050
60695,1995,3505060
37901,1995,3505070
12136,1995,3505080
12318,1995,3505090
292991,1995,3505100
6887,1995,3505110
3035,1995,3505120
2580,1995,3505130
6563,1995,3505140
23110,1995,3505160
25750,1995,3505150
88099,1995,3505170
12873,1995,3505180
10931,1995,3505190
5225,1995,3505200
32771,1995,3505210
414197,1995,3505220
7975,1995,3505230
166061,1995,3505240
2732,1995,3505255
177464,1995,3505250
10237,1995,3505260
11946,1995,3505270
180207,1995,3505280
4870,1995,3505290
6621,1995,3505300
5551,1995,3505310
5549,1995,3505320
21143,1995,3505330
22108,1995,3505340
5907,1995,3505350
12563,1995,3505360
49985,1995,3505370
19049,1995,3505380
3279,1995,3505385
5018,1995,3505390
10200,1995,3505395
85907,1995,3505400
219117,1995,3505410
4529,1995,3505420
21181,1995,3505430
6835,1995,3505440
28218,1995,3505450
2728,1995,3505460
1273,1995,3505465
7729,1995,3505470
30835,1995,3505480
4958,1995,3505490
4396,1995,3505495
63515,1995,3505500
13439,1995,3505510
1996,1995,3505520
2632,1995,3505530
2945,1995,3505535
53008,1995,3505540
4011,1995,3505550
8586,1995,3505560
1353,1995,3505570
9694,1995,3505580
1291,1995,3505590
10536,1995,3505600
6083,1995,3505610
75920,1995,3505620
17622,1995,3505630
5377,1995,3505635
34615,1995,3505640
17600,1995,3505645
77078,1995,3505650
10566,1995,3505660
37590,1995,3505670
13939,1995,3505680
3847,1995,3505690
90282,1995,3505700
68871,1995,3505710
1900,1995,3505715
10364,1995,4100010
7718,1995,4100020
6446,1995,4100030
71038,1995,4100040
6424,1995,4100045
11458,1995,4100060
11131,1995,4100070
21267,1995,4100050
8366,1995,4100080
4189,1995,4100090
12567,1995,4100100
3368,1995,4100105
21028,1995,4100110
2278,1995,4100115
17325,1995,4100120
8297,1995,4100130
102074,1995,4100140
69317,1995,4100150
22474,1995,4100160
11781,1995,4100170
66263,1995,4100180
19505,1995,4100190
38133,1995,4100200
22768,1995,4100210
3920,1995,4100220
8063,1995,4100230
34783,1995,4100240
16245,1995,4100250
2739,1995,4100270
13578,1995,4100260
15323,1995,4100280
13603,1995,4100290
6606,1995,4100300
3796,1995,4100302
10215,1995,4100305
7398,1995,4100310
6147,1995,4100320
4098,1995,4100322
9917,1995,4100330
7665,1995,4100335
4090,1995,4100337
2085,1995,4100340
8683,1995,4100345
5021,1995,4100347
6962,1995,4100350
21070,1995,4100360
79287,1995,4100370
6034,1995,4100380
19679,1995,4100390
20474,1995,4100400
4803,1995,4100405
5560,1995,4100410
77871,1995,4100420
83682,1995,4100430
23200,1995,4100440
19977,1995,4100442
27377,1995,4100445
17110,1995,4100450
11368,1995,4100460
11753,1995,4100470
209843,1995,4100480
68782,1995,4100490
8483,1995,4100500
13571,1995,4100510
16294,1995,4100520
10056,1995,4100530
19245,1995,4100540
50533,1995,4100550
8576,1995,4100560
18327,1995,4100570
135458,1995,4100580
20081,1995,4100590
7656,1995,4100600
3451,1995,4100610
12063,1995,4100620
15629,1995,4100630
50084,1995,4100640
24818,1995,4100650
5737,1995,4100655
17537,1995,4100680
5176,1995,4100657
22705,1995,4100660
4753,1995,4100670
1408534,1995,4100690
10633,1995,4100700
7993,1995,4100715
7223,1995,4100710
4332,1995,4100712
30779,1995,4100720
5682,1995,4100725
5641,1995,4100730
5070,1995,4102863
7088,1995,4100740
14475,1995,4100750
2807,1995,4100753
4706,1995,4100755
17234,1995,4100760
26840,1995,4100765
5202,1995,4100770
9703,1995,4100775
5213,1995,4100785
5222,1995,4100780
4596,1995,4100790
11838,1995,4100800
2128,1995,4100810
10342,1995,4100820
211182,1995,4100830
7951,1995,4100832
65790,1995,4100840
12110,1995,4100850
4603,1995,4100855
39324,1995,4100860
10739,1995,4100870
30414,1995,4100880
4830,1995,4100890
4038,1995,4100900
2174,1995,4100910
5482,1995,4100920
20630,1995,4100930
150577,1995,4100940
7858,1995,4100950
19050,1995,4100960
8283,1995,4100965
24976,1995,4100970
6478,1995,4100975
37761,1995,4100980
10575,1995,4100990
3125,1995,4101000
2895,1995,4101005
26317,1995,4101010
14581,1995,4101020
2610,1995,4101030
3774,1995,4101040
13326,1995,4101050
17494,1995,4101060
3083,1995,4101065
52576,1995,4101070
13971,1995,4101080
4993,1995,4101090
3615,1995,4101095
10426,1995,4101100
6094,1995,4101110
8592,1995,4101120
11548,1995,4101125
4832,1995,4101130
11595,1995,4101140
39407,1995,4101150
7039,1995,4101155
2478,1995,4101160
4155,1995,4101170
41421,1995,4101180
10081,1995,4101190
26652,1995,4101200
18851,1995,4101210
9168,1995,4101220
4589,1995,4101230
7010,1995,4101240
11783,1995,4101250
1426,1995,4101260
10557,1995,4101270
11344,1995,4101275
9727,1995,4101280
3671,1995,4101290
8664,1995,4101295
6138,1995,4101300
5710,1995,4101310
40831,1995,4101320
6783,1995,4101325
31077,1995,4101330
4520,1995,4101340
5900,1995,4101342
5940,1995,4101345
16888,1995,4101350
3991,1995,4101360
418590,1995,4101370
8148,1995,4101373
6504,1995,4101375
4233,1995,4101380
12498,1995,4101390
16271,1995,4101400
14916,1995,4101410
30157,1995,4101420
14323,1995,4101430
19209,1995,4101440
10562,1995,4101450
33688,1995,4101460
7290,1995,4101470
24293,1995,4101480
9114,1995,4101490
6624,1995,4101500
10499,1995,4101510
263517,1995,4101520
6375,1995,4101530
6512,1995,4101535
15723,1995,4101540
4353,1995,4101550
12026,1995,4101560
12151,1995,4101570
6231,1995,4101573
4466,1995,4101575
39198,1995,4101580
4036,1995,4101585
2479,1995,4101590
5056,1995,4101600
9852,1995,4101605
16172,1995,4101610
12959,1995,4101620
3154,1995,4101630
3304,1995,4101640
1279,1995,4101650
3897,1995,4101660
14736,1995,4101670
11091,1995,4101680
24523,1995,4101690
5132,1995,4101695
8488,1995,4101700
12262,1995,4101705
13046,1995,4101710
5124,1995,4101720
10033,1995,4101725
3538,1995,4101721
7129,1995,4101722
16727,1995,4101727
3268,1995,4101729
23788,1995,4101730
3260,1995,4101740
5503,1995,4101745
23834,1995,4101750
37862,1995,4101760
31188,1995,4101770
17869,1995,4101780
24616,1995,4101790
9522,1995,4101800
8633,1995,4101810
115959,1995,4101820
2605,1995,4101830
72032,1995,4101840
3394,1995,4101845
55683,1995,4101850
4736,1995,4101860
6958,1995,4101870
13468,1995,4101880
13292,1995,4101890
10826,1995,4101900
8310,1995,4101910
83770,1995,4101915
2732,1995,4101925
4980,1995,4101920
35493,1995,4101930
20549,1995,4101940
34794,1995,4101950
45475,1995,4101960
2328,1995,4101965
3604,1995,4101970
13333,1995,4101980
249242,1995,4101990
15109,1995,4102000
3797,1995,4102010
2792,1995,4102020
3829,1995,4102030
7432,1995,4102035
3158,1995,4102040
11327,1995,4102050
50481,1995,4102060
5853,1995,4102070
10737,1995,4102080
3510,1995,4102085
31943,1995,4102090
11141,1995,4102100
4868,1995,4102110
15261,1995,4102120
3283,1995,4102125
4281,1995,4102130
3986,1995,4102135
15147,1995,4102140
13705,1995,4102150
7433,1995,4102160
25430,1995,4102170
10815,1995,4102180
13656,1995,4102190
13131,1995,4102200
3985,1995,4102210
5150,1995,4102215
29572,1995,4102220
28256,1995,4102230
42052,1995,4102240
17013,1995,4102250
7469,1995,4102260
8558,1995,4102265
5373,1995,4102270
10725,1995,4102280
6038,1995,4102290
13168,1995,4102300
4698,1995,4102310
4671,1995,4102320
10335,1995,4102330
8272,1995,4102340
16662,1995,4102350
1777,1995,4102360
8552,1995,4102370
11052,1995,4102380
4395,1995,4102382
13698,1995,4102385
14514,1995,4102390
2807,1995,4102395
5808,1995,4102402
14976,1995,4102405
5242,1995,4102400
39248,1995,4102410
2705,1995,4102420
2163,1995,4102430
16739,1995,4102440
5447,1995,4102450
5047,1995,4102460
12626,1995,4102470
12069,1995,4102480
5704,1995,4102490
15848,1995,4102500
13040,1995,4102510
8915,1995,4102520
5292,1995,4102530
8679,1995,4102535
8081,1995,4102540
4865,1995,4102545
145770,1995,4102550
2050,1995,4102555
35582,1995,4102560
17766,1995,4102570
9266,1995,4102575
8865,1995,4102580
2823,1995,4102590
8522,1995,4102600
4447,1995,4102610
6740,1995,4102620
51519,1995,4102625
4350,1995,4102627
15872,1995,4102630
6607,1995,4102640
13592,1995,4102650
13530,1995,4102660
4540,1995,4102665
4347,1995,4102670
11896,1995,4102680
7366,1995,4102690
14230,1995,4102700
69754,1995,4102710
13552,1995,4102720
13229,1995,4102730
17142,1995,4102740
17628,1995,4102750
10970,1995,4102760
92610,1995,4102770
10523,1995,4102780
13236,1995,4102785
2725,1995,4102788
10886,1995,4102790
8387,1995,4102795
14357,1995,4102796
26484,1995,4102800
88803,1995,4102810
47253,1995,4102820
2527,1995,4102830
13121,1995,4102840
6809,1995,4102853
10800,1995,4102855
9700,1995,4102860
4312,1995,4102862
3430,1995,4102865
6399,1995,4102870
19154,1995,4102850
7576,1995,4102880
3144,1995,4200005
13633,1995,4200010
7503,1995,4200020
3654,1995,4200030
6943,1995,4200040
6271,1995,4200050
3163,1995,4200055
4607,1995,4200060
9910,1995,4200070
9343,1995,4200080
6101,1995,4200090
10308,1995,4200100
3453,1995,4200110
5684,1995,4200120
7525,1995,4200125
3926,1995,4200127
13807,1995,4200130
53162,1995,4200140
6158,1995,4200150
3466,1995,4200160
2791,1995,4200165
6438,1995,4200170
3749,1995,4200180
6338,1995,4200190
3842,1995,4200205
44260,1995,4200200
10995,1995,4200210
3306,1995,4200215
8471,1995,4200220
37403,1995,4200230
229678,1995,4200240
4023,1995,4200250
7059,1995,4200260
5212,1995,4200245
4455,1995,4200270
18212,1995,4200280
2630,1995,4200285
63655,1995,4200290
55739,1995,4200300
7504,1995,4200310
2757,1995,4200315
28336,1995,4200320
10518,1995,4200330
7756,1995,4200340
26689,1995,4200350
35050,1995,4200360
8531,1995,4200370
57627,1995,4200380
15079,1995,4200390
17442,1995,4200395
6826,1995,4200400
5807,1995,4200410
3349,1995,4200415
4992,1995,4200417
122852,1995,4200420
13069,1995,4200425
63027,1995,4200430
3190,1995,4200435
10529,1995,4200440
3599,1995,4200445
18820,1995,4200455
10847,1995,4200450
160806,1995,4200460
11251,1995,4200470
37370,1995,4200480
10297,1995,4200490
13274,1995,4200500
3662,1995,4200510
3035,1995,4200515
4482,1995,4200520
9681,1995,4200530
277156,1995,4200540
2933,1995,4200543
15481,1995,4200545
29262,1995,4200550
6880,1995,4200560
10355,1995,4200570
9528,1995,4200580
39106,1995,4200590
10460,1995,4200600
5219,1995,4200610
8357,1995,4200620
10907,1995,4200630
12580,1995,4200640
19424,1995,4200650
4627,1995,4200660
5130,1995,4200665
18557,1995,4200670
3813,1995,4200680
13777,1995,4200690
41830,1995,4200700
9871,1995,4200710
14929,1995,4200720
33976,1995,4200730
5764,1995,4200740
33115,1995,4200750
4616,1995,4200760
7797,1995,4200765
6237,1995,4200768
7327,1995,4200770
5548,1995,4200775
8101,1995,4200780
2597,1995,4200785
10192,1995,4200790
8512,1995,4200800
17884,1995,4200810
130323,1995,4200820
13407,1995,4200830
15342,1995,4200840
4402,1995,4200845
23226,1995,4200850
4270,1995,4200860
11139,1995,4200870
13917,1995,4200880
84515,1995,4200890
2181,1995,4200895
29283,1995,4200900
389538,1995,4200910
4560,1995,4200915
2015,1995,4200920
157964,1995,4200930
46685,1995,4200940
1596,1995,4200945
4381,1995,4200950
14099,1995,4200960
11896,1995,4200970
4322,1995,4200980
5345,1995,4200985
7656,1995,4200990
6430,1995,4201000
2111,1995,4201005
48954,1995,4201010
3667,1995,4201020
7654,1995,4201030
4824,1995,4201040
22358,1995,4201050
5780,1995,4201055
10805,1995,4201060
2434,1995,4201070
7131,1995,4201080
2956,1995,4201085
5733,1995,4201090
9803,1995,4201100
6101,1995,4201105
8985,1995,4201110
13624,1995,4201120
2806,1995,4201125
25982,1995,4201130
3017,1995,4201140
4604,1995,4201145
9215,1995,4201150
10334,1995,4201160
3553,1995,4201165
20856,1995,4201170
14747,1995,4201175
7290,1995,4201180
3382,1995,4201185
75139,1995,4201190
9254,1995,4201200
17749,1995,4201210
16947,1995,4201220
6242,1995,4201223
2859,1995,4201225
3220,1995,4201227
5600,1995,4201230
4904,1995,4201240
14433,1995,4201250
3314,1995,4201260
7139,1995,4201270
8620,1995,4201280
10798,1995,4201290
2467,1995,4201300
4971,1995,4201310
2497,1995,4201315
20611,1995,4201320
4604,1995,4201330
2723,1995,4201335
9020,1995,4201340
7659,1995,4201350
30358,1995,4201360
11599,1995,4201370
7567,1995,4201380
1819,1995,4201390
11873,1995,4201400
2688,1995,4201410
13519,1995,4201420
2285,1995,4201430
5812,1995,4201440
7196,1995,4201450
6780,1995,4201460
50158,1995,4201480
8731,1995,4201470
4227,1995,4201490
31250,1995,4201500
1915,1995,4201505
6271,1995,4201507
9791,1995,4201510
9404,1995,4201520
7744,1995,4201530
3555,1995,4201540
6317,1995,4201545
12759,1995,4201550
2871,1995,4201555
1970,1995,4201560
7851,1995,4201565
8773,1995,4201567
13982,1995,4201570
55263,1995,4201580
3268,1995,4201590
12373,1995,4201600
3858,1995,4201605
10659,1995,4201610
25963,1995,4201620
13328,1995,4201630
2819,1995,4201635
6752,1995,4201625
6529,1995,4201640
22649,1995,4201650
156150,1995,4201660
17387,1995,4201670
11218,1995,4201680
19254,1995,4201690
6526,1995,4201700
3510,1995,4201710
2729,1995,4201715
37717,1995,4201720
8830,1995,4201730
7177,1995,4201740
16037,1995,4201750
3910,1995,4201755
13978,1995,4201760
24435,1995,4201770
3746,1995,4201775
16721,1995,4201780
11972,1995,4201790
21577,1995,4201800
5527,1995,4201810
26140,1995,4201820
5155,1995,4201825
17217,1995,4201830
6035,1995,4201840
4185,1995,4201850
6135,1995,4201860
86941,1995,4201870
5310,1995,4201875
12641,1995,4201880
3405,1995,4201885
9434,1995,4201890
2571,1995,4201895
19743,1995,4201900
3650,1995,4201910
3400,1995,4201915
6046,1995,4201917
6688,1995,4201920
39444,1995,4201930
5730,1995,4201935
3792,1995,4201940
37616,1995,4201950
4806,1995,4201960
21726,1995,4201970
3763,1995,4300005
17047,1995,4300010
10969,1995,4300020
9659,1995,4300030
80673,1995,4300040
5985,1995,4300045
12950,1995,4300050
2000,1995,4300055
3025,1995,4300057
158377,1995,4300060
6022,1995,4300063
6400,1995,4300064
1034,1995,4300066
6881,1995,4300070
11935,1995,4300080
3119,1995,4300085
7581,1995,4300090
16008,1995,4300100
3275,1995,4300105
15455,1995,4300120
12842,1995,4300110
18507,1995,4300130
10000,1995,4300140
8184,1995,4300150
4126,1995,4300155
113619,1995,4300160
6023,1995,4300165
7093,1995,4300170
6027,1995,4300175
3416,1995,4300185
10960,1995,4300190
2645,1995,4300192
2025,1995,4300195
5972,1995,4300180
12209,1995,4300200
80347,1995,4300210
2090,1995,4300215
9247,1995,4300220
13179,1995,4300230
7158,1995,4300235
2708,1995,4300237
12458,1995,4300240
7489,1995,4300245
8075,1995,4300250
4604,1995,4300260
4016,1995,4300265
20311,1995,4300270
35491,1995,4300280
16145,1995,4300290
89979,1995,4300300
95781,1995,4300310
4951,1995,4300320
7502,1995,4300330
5942,1995,4300340
60450,1995,4300350
2362,1995,4300355
7218,1995,4300360
3132,1995,4300367
7980,1995,4300370
8473,1995,4300380
51994,1995,4300390
6915,1995,4300400
3962,1995,4300410
28348,1995,4300420
7539,1995,4300430
5833,1995,4300435
26934,1995,4300440
48906,1995,4300450
287505,1995,4300460
21148,1995,4300463
20521,1995,4300466
8273,1995,4300468
2353,1995,4300469
55181,1995,4300470
17745,1995,4300480
2371,1995,4300485
8001,1995,4300490
2936,1995,4300495
10427,1995,4300500
313210,1995,4300510
3319,1995,4300511
5270,1995,4300513
3195,1995,4300515
7620,1995,4300517
13170,1995,4300520
10401,1995,4300530
26885,1995,4300535
3944,1995,4300537
4854,1995,4300540
9923,1995,4300545
5800,1995,4300550
2778,1995,4300558
4342,1995,4300560
6440,1995,4300570
11746,1995,4300580
2963,1995,4300585
2479,1995,4300587
9787,1995,4300590
4109,1995,4300595
3197,1995,4300597
17356,1995,4300600
5820,1995,4300605
70527,1995,4300610
11557,1995,4300620
4612,1995,4300630
4346,1995,4300632
3719,1995,4300635
15962,1995,4300640
2688,1995,4300642
3009,1995,4300645
12651,1995,4300650
39013,1995,4300660
3875,1995,4300670
6906,1995,4300673
19227,1995,4300676
19719,1995,4300680
21281,1995,4300690
2632,1995,4300692
3778,1995,4300695
9874,1995,4300693
3287,1995,4300697
78539,1995,4300700
3803,1995,4300705
6967,1995,4300720
9740,1995,4300730
5557,1995,4300740
17086,1995,4300750
5976,1995,4300755
30615,1995,4300760
76615,1995,4300770
26580,1995,4300780
3499,1995,4300783
2522,1995,4300786
48813,1995,4300790
6740,1995,4300800
2884,1995,4300805
9856,1995,4300810
19078,1995,4300820
12330,1995,4300830
7623,1995,4300840
5035,1995,4300845
25564,1995,4300850
27813,1995,4300860
3418,1995,4300865
6518,1995,4300870
11454,1995,4300880
2073,1995,4300885
20157,1995,4300890
25653,1995,4300900
4698,1995,4300905
23996,1995,4300910
2630,1995,4300912
3704,1995,4300915
206085,1995,4300920
1624,1995,4300925
85521,1995,4300930
17776,1995,4300940
11552,1995,4300950
3321,1995,4300955
7101,1995,4300710
17099,1995,4300960
7741,1995,4300965
5734,1995,4300970
5124,1995,4300975
5646,1995,4300980
8166,1995,4300990
5517,1995,4300995
18166,1995,4301000
22279,1995,4301010
74922,1995,4301020
3953,1995,4301030
8136,1995,4301033
3914,1995,4301036
7177,1995,4301040
2588,1995,4301041
5478,1995,4301043
2354,1995,4301046
10280,1995,4301050
3330,1995,4301055
2885,1995,4301057
43503,1995,4301060
6594,1995,4301070
2532,1995,4301075
12139,1995,4301080
4853,1995,4301085
4232,1995,4301090
30142,1995,4301100
12646,1995,4301110
4005,1995,4301112
8307,1995,4301115
20207,1995,4301120
1806,1995,4301127
29457,1995,4301130
6681,1995,4301125
61693,1995,4301140
2522,1995,4301142
8746,1995,4301150
8299,1995,4301160
3395,1995,4301162
1584,1995,4301164
7030,1995,4301170
5911,1995,4301175
7392,1995,4301177
2238,1995,4301179
23958,1995,4301180
6783,1995,4301190
3257,1995,4301198
2961,1995,4301200
5215,1995,4301210
2346,1995,4301213
2942,1995,4301215
6570,1995,4301220
7419,1995,4301225
5748,1995,4301230
1670,1995,4301235
3172,1995,4301238
50056,1995,4301240
2473,1995,4301242
3614,1995,4301244
6012,1995,4301245
4584,1995,4301247
10058,1995,4301250
6828,1995,4301260
1924,1995,4301262
13536,1995,4301265
1958,1995,4301267
12516,1995,4301270
2480,1995,4301275
3099,1995,4301280
6882,1995,4301290
2449,1995,4301295
4438,1995,4301300
3878,1995,4301303
10875,1995,4301306
2500,1995,4301308
6120,1995,4301310
14491,1995,4301320
16374,1995,4301330
2767,1995,4301335
10543,1995,4301337
3906,1995,4301349
227962,1995,4301340
5206,1995,4301342
2273,1995,4301344
32635,1995,4301350
5408,1995,4301360
12217,1995,4301365
37776,1995,4301370
6495,1995,4301380
31906,1995,4301390
10214,1995,4301395
5234,1995,4301400
6681,1995,4301402
3020,1995,4301403
34747,1995,4301405
5575,1995,4301407
151147,1995,4301410
7223,1995,4301415
14742,1995,4301420
4137,1995,4301430
307213,1995,4301440
3819,1995,4301442
2747,1995,4301445
4182,1995,4301447
4643,1995,4301449
13543,1995,4301450
3571,1995,4301455
16852,1995,4301460
12372,1995,4301470
1982,1995,4301475
4595,1995,4301477
2222,1995,4301478
21165,1995,4301480
1295940,1995,4301490
6808,1995,4301500
2821,1995,4301505
2738,1995,4301507
10436,1995,4301510
2071,1995,4301513
2094,1995,4301514
6633,1995,4301515
2188,1995,4301517
4902,1995,4301520
22640,1995,4301530
2841,1995,4301532
3389,1995,4301535
8791,1995,4301540
2399,1995,4301545
15542,1995,4301550
5590,1995,4301555
180902,1995,4301560
38431,1995,4301570
3169,1995,4301575
9346,1995,4301580
8044,1995,4301590
14576,1995,4301600
10769,1995,4301610
6827,1995,4301620
8439,1995,4301630
41484,1995,4301640
2754,1995,4301642
3113,1995,4301643
11090,1995,4301645
2748,1995,4301647
6954,1995,4301650
14732,1995,4301660
10137,1995,4301670
4454,1995,4301675
96069,1995,4301680
226787,1995,4301690
5510,1995,4301695
59756,1995,4301720
2265,1995,4301725
37426,1995,4301730
8328,1995,4301700
87155,1995,4301710
53060,1995,4301740
74003,1995,4301750
40232,1995,4301760
13210,1995,4301770
2277,1995,4301755
2059,1995,4301775
15279,1995,4301780
14746,1995,4301790
2886,1995,4301795
66160,1995,4301800
2623,1995,4301805
21663,1995,4301810
19326,1995,4301820
60271,1995,4301830
21156,1995,4301840
5150,1995,4301842
2505,1995,4301843
2881,1995,4301844
3137,1995,4301845
2515,1995,4301846
2825,1995,4301848
2555,1995,4301849
22157,1995,4301850
6770,1995,4301860
2880,1995,4301862
190249,1995,4301870
42464,1995,4301880
41833,1995,4301890
17222,1995,4301900
7247,1995,4301910
3261,1995,4301912
7435,1995,4301915
6809,1995,4301920
8166,1995,4301930
2328,1995,4301935
2830,1995,4301937
20193,1995,4301940
17732,1995,4301950
25104,1995,4301960
7636,1995,4301970
2241,1995,4301971
2668,1995,4301973
1493,1995,4301975
7710,1995,4301980
63722,1995,4301990
113110,1995,4302000
16400,1995,4302010
12834,1995,4302020
3824,1995,4302023
6659,1995,4302026
4690,1995,4302030
4969,1995,4302035
8608,1995,4302040
3299,1995,4302045
8212,1995,4302050
5204,1995,4302055
4537,1995,4302060
2225,1995,4302065
14666,1995,4302067
20648,1995,4302070
28847,1995,4302080
15705,1995,4302090
9999,1995,4302100
15243,1995,4302110
46120,1995,4302120
25655,1995,4302130
2861,1995,4302132
5014,1995,4302135
15225,1995,4302140
11303,1995,4302143
19081,1995,4302145
8782,1995,4302147
31465,1995,4302150
21862,1995,4302160
2752,1995,4302162
3249,1995,4302163
8852,1995,4302166
16386,1995,4302170
24083,1995,4302180
3340,1995,4302183
4970,1995,4302185
30233,1995,4302190
6637,1995,4302195
19466,1995,4302200
6413,1995,4302210
4336,1995,4302215
1971,1995,4302218
23826,1995,4302220
2174,1995,4302225
9440,1995,4302230
2549,1995,4302235
125823,1995,4302240
56956,1995,4302250
10994,1995,4302253
3718,1995,4302254
1804,1995,4302255
57481,1995,4302260
19454,1995,4302270
18373,1995,4302280
6544,1995,4302290
197783,1995,4302300
6346,1995,4302310
3620,1995,4302320
2714,1995,4302330
4157,1995,4302340
3936,1995,4302345
2943,1995,4302350
1762,1995,4302360
2570,1995,4302370
4520,1995,4302375
5736,1995,4302380
7503,1995,5000020
6481,1995,5000025
27473,1995,5000060
21909,1995,5000070
7417,1995,5000080
8109,1995,5000085
6984,1995,5000090
15476,1995,5000100
41650,1995,5000110
7402,1995,5000124
5739,1995,5000150
12081,1995,5000190
8132,1995,5000200
20296,1995,5000210
8284,1995,5000215
17146,1995,5000220
11508,1995,5000230
23059,1995,5000240
17099,1995,5000260
601661,1995,5000270
3995,1995,5000280
19271,1995,5000290
6446,1995,5000295
3674,1995,5000310
12909,1995,5000315
90638,1995,5000320
15414,1995,5000325
29036,1995,5000330
12216,1995,5000345
9231,1995,5000348
4411,1995,5000350
147265,1995,5000370
10120,1995,5000375
20752,1995,5000380
10592,1995,5000400
9672,1995,5000410
10189,1995,5000430
6683,1995,5000440
16255,1995,5000450
13352,1995,5000460
26186,1995,5000470
4231,1995,5000480
4183,1995,5000490
21317,1995,5000500
4639,1995,5000510
4906,1995,5000515
13216,1995,5000520
5097,1995,5000525
25270,1995,5000540
21359,1995,5000560
16767,1995,5000568
31443,1995,5000570
11666,1995,5000580
7948,1995,5000600
32795,1995,5000620
9441,1995,5000625
37707,1995,5000630
10543,1995,5000635
8777,1995,5000640
55928,1995,5000660
13065,1995,5000690
14238,1995,5000710
17551,1995,5000720
5214,1995,5000730
14927,1995,5000740
3277,1995,5000750
5626,1995,5000755
13275,1995,5000769
6280,1995,5000780
15295,1995,5000770
16564,1995,5000790
6187,1995,5000793
6729,1995,5000795
4217,1995,5000797
10549,1995,5000800
72160,1995,5000830
6685,1995,5000840
5663,1995,5100010
20700,1995,5100020
79591,1995,5100025
11607,1995,5100030
2968,1995,5100035
8862,1995,5100040
14931,1995,5100050
3524,1995,5100060
7597,1995,5100080
3463,1995,5100100
1448,1995,5100120
11934,1995,5100125
15623,1995,5100130
17016,1995,5100140
10517,1995,5100160
20489,1995,5100170
49522,1995,5100180
7790,1995,5100190
79594,1995,5100250
14772,1995,5100260
8665,1995,5100263
6987,1995,5100267
3437,1995,5100269
11786,1995,5100270
11242,1995,5100285
13890,1995,5100300
10523,1995,5100305
6381,1995,5100310
34397,1995,5100320
11919,1995,5100330
3929,1995,5100335
3057,1995,5100337
465107,1995,5100340
4828,1995,5100345
18452,1995,5100350
8098,1995,5100360
4810,1995,5100380
4404,1995,5100390
4850,1995,5100395
29790,1995,5100410
15012,1995,5100420
1798,1995,5100450
8524,1995,5100455
8540,1995,5100460
21672,1995,5100480
5577,1995,5100490
14277,1995,5100500
26871,1995,5100510
45437,1995,5100515
4389,1995,5100517
10402,1995,5100520
6343,1995,5100523
8367,1995,5100525
3298,1995,5100530
11138,1995,5100558
12807,1995,5100560
25141,1995,5100562
15204,1995,5100590
9308,1995,5100600
10557,1995,5100610
3897,1995,5100615
6760,1995,5100620
14226,1995,5100621
7406,1995,5100880
2151,1995,5100885
4233,1995,5100890
5213,1995,5100895
8077,1995,5100622
8083,1995,5100623
18852,1995,5100625
3792,1995,5100627
8557,1995,5100628
15255,1995,5100629
20660,1995,5100630
10666,1995,5100637
47009,1995,5100642
2665,1995,5100645
32388,1995,5100650
2673,1995,5100665
2347,1995,5100670
39903,1995,5100675
8932,1995,5100677
5570,1995,5100680
9160,1995,5100682
6005,1995,5100685
24321,1995,5100700
14610,1995,5100704
3402,1995,5100706
3080,1995,5100715
9843,1995,5100718
1461,1995,5100719
5835,1995,5100720
137980,1995,5100760
20422,1995,5100770
6851,1995,5100775
3261,1995,5100724
6694,1995,5100777
4758,1995,5100726
16585,1995,5100780
11875,1995,5100785
3280,1995,5100729
12189,1995,5100730
2681,1995,5100735
23877,1995,5100710
3763,1995,5100740
45541,1995,5100790
20132,1995,5100792
3113,1995,5100794
44103,1995,5100795
9176,1995,5100800
21019,1995,5100805
4852,1995,5100810
5747,1995,5100820
189447,1995,5100840
13448,1995,5100850
15128,1995,5100550
11855,1995,5100860
9472,1995,5200010
15770,1995,5200013
2356,1995,5200015
4015,1995,5200017
1809,1995,5200020
18476,1995,5200030
1860,1995,5200050
2135,1995,5200055
4565,1995,5200060
7705,1995,5200080
4795,1995,5200085
4157,1995,5200090
258512,1995,5200110
903,1995,5200120
18340,1995,5200130
222283,1995,5200140
1973,1995,5200145
3604,1995,5200150
3641,1995,5200160
15173,1995,5200170
5345,1995,5200180
7685,1995,5200215
3893,1995,5200235
5344,1995,5200250
4003,1995,5200260
2181,1995,5200280
4494,1995,5200310
9405,1995,5200320
16108,1995,5200330
8325,1995,5200340
14439,1995,5200350
3628,1995,5200355
2351,1995,5200360
5101,1995,5200380
8661,1995,5200390
1948,1995,5200393
3371,1995,5200396
7037,1995,5200400
8159,1995,5200410
1492,1995,5200420
8863,1995,5200425
11311,1995,5200430
13194,1995,5200440
27098,1995,5200450
2031,1995,5200455
2285,1995,5200460
4208,1995,5200465
8318,1995,5200470
4580,1995,5200480
16540,1995,5200490
18674,1995,5200495
10368,1995,5200500
3491,1995,5200505
61159,1995,5200510
4299,1995,5200520
8216,1995,5200530
23042,1995,5200540
6253,1995,5200545
1816,1995,5200547
34800,1995,5200549
10300,1995,5200551
3774,1995,5200552
3071,1995,5200570
9249,1995,5200580
5190,1995,5200590
27971,1995,5200620
2601,1995,5200630
20145,1995,5200640
3425,1995,5200650
2692,1995,5200660
3702,1995,5200670
2696,1995,5200680
1978,1995,5200690
2462,1995,5200710
5225,1995,5200830
11277,1995,5200725
4397,1995,5200735
8916,1995,5200740
3521,1995,5200750
7588,1995,5200753
6794,1995,5200760
9667,1995,5200780
5520,1995,5200790
67459,1995,5200800
5780,1995,5200810
7987,1995,5200840
5295,1995,5200850
48832,1995,5200860
989285,1995,5200870
12043,1995,5200880
27987,1995,5200890
34012,1995,5200910
3882,1995,5200915
12285,1995,5200920
2749,1995,5200929
6108,1995,5200940
3858,1995,5200945
2821,1995,5200960
10689,1995,5200970
5028,1995,5200980
10121,1995,5200990
5192,1995,5200993
10868,1995,5200995
40192,1995,5201000
20947,1995,5201010
31099,1995,5201020
3134,1995,5201030
24707,1995,5201040
3835,1995,5201056
6055,1995,5201060
6058,1995,5201080
13189,1995,5201090
8583,1995,5201100
28696,1995,5201120
5916,1995,5201130
8228,1995,5201140
78122,1995,5201150
2814,1995,5201160
6386,1995,5201170
26957,1995,5201180
65614,1995,5201190
3279,1995,5201200
1986,1995,5201205
6486,1995,5201210
21911,1995,5201220
8144,1995,5201230
214324,1995,5201250
2629,1995,5201260
4357,1995,5201270
15705,1995,5201280
1533,1995,5201290
4022,1995,5201295
8083,1995,5201300
3501,1995,5201305
33823,1995,5201308
34933,1995,5201310
2105,1995,5201340
8304,1995,5201350
8012,1995,5201370
5818,1995,5201375
2312,1995,5201377
32832,1995,5201380
2359,1995,5201385
6639,1995,5201390
10506,1995,5201400
5402,1995,5201405
3815,1995,5201410
6493,1995,5201440
14339,1995,5201450
42688,1995,5201460
1888,1995,5201470
1820,1995,5201480
12258,1995,5201483
8065,1995,5201486
3327,1995,5201487
4903,1995,5201490
4935,1995,5201500
4733,1995,5201520
4783,1995,5201525
12563,1995,5201530
4429,1995,5201540
3850,1995,5201550
18508,1995,5201560
2964,1995,5201565
16538,1995,5201570
2207,1995,5201580
3388,1995,5201590
2335,1995,5201600
7796,1995,5201630
9323,1995,5201640
1505,1995,5201645
10185,1995,5201680
4548,1995,5201690
22613,1995,5201710
13353,1995,5201720
23965,1995,5201730
23183,1995,5201740
45092,1995,5201760
15551,1995,5201770
43039,1995,5201800
3297,1995,5201810
26379,1995,5201830
2846,1995,5201839
35905,1995,5201850
9290,1995,5201860
4461,1995,5201870
782,1995,5201878
100871,1995,5201880
16589,1995,5201890
6972,1995,5201900
4071,1995,5201910
3390,1995,5201920
3475,1995,5201925
37174,1995,5201930
3629,1995,5201935
4715,1995,5201940
3928,1995,5201950
5033,1995,5201960
18532,1995,5201970
3665,1995,5201971
2196,1995,5201973
39829,1995,5201975
10768,1995,5201980
5692,1995,5201990
5320,1995,5202000
1753,1995,5202005
24893,1995,5202010
4531,1995,5202015
19057,1995,5202020
2932,1995,5202026
10994,1995,5202040
26814,1995,5202045
8673,1995,5202050
18133,1995,5202060
6072,1995,5202068
2768,1995,5202070
3820,1995,5202100
1427,1995,5202108
3845,1995,5202119
2277,1995,5202130
60651,1995,5202140
3783,1995,5202145
5055,1995,5202150
2404,1995,5202155
3124,1995,5202157
38057,1995,5202160
14341,1995,5202170
2646,1995,5202180
3197,1995,5202190
9452,1995,5202200
5700,1995,5202205
3186,1995,5202220
1737813,1995,5300010
25009,1997,1100001
9678,1997,1100037
11166,1997,1100040
19373,1997,1100034
70956,1997,1100002
10357,1997,1100045
7759,1997,1100003
5077,1997,1100060
73724,1997,1100004
7107,1997,1100070
11575,1997,1100080
4209,1997,1100090
19033,1997,1100005
4175,1997,1100092
24629,1997,1100006
10264,1997,1100007
8524,1997,1100008
4096,1997,1100094
24329,1997,1100009
10607,1997,1100100
37734,1997,1100010
5220,1997,1100110
47779,1997,1100011
94639,1997,1100012
26122,1997,1100013
10446,1997,1100120
13157,1997,1100130
9452,1997,1100140
15335,1997,1100014
14848,1997,1100033
6403,1997,1100143
10814,1997,1100050
40581,1997,1100015
4136,1997,1100145
31819,1997,1100018
2342,1997,1100146
299894,1997,1100020
28717,1997,1100025
4149,1997,1100147
4431,1997,1100026
43848,1997,1100028
10995,1997,1100029
6690,1997,1100148
7041,1997,1100149
19445,1997,1100032
9117,1997,1100150
5179,1997,1100155
8873,1997,1100160
14767,1997,1100170
6621,1997,1100175
9271,1997,1100180
44010,1997,1100030
6536,1997,1200001
2918,1997,1200005
13946,1997,1200010
4392,1997,1200013
3109,1997,1200017
58922,1997,1200020
9663,1997,1200025
23232,1997,1200030
3826,1997,1200032
8913,1997,1200033
5719,1997,1200034
8457,1997,1200035
12031,1997,1200038
8120,1997,1200080
5070,1997,1200039
240389,1997,1200040
8964,1997,1200042
1749,1997,1200043
23058,1997,1200050
14113,1997,1200045
23781,1997,1200060
13277,1997,1200070
14560,1997,1300002
6647,1997,1300006
7184,1997,1300008
10544,1997,1300010
12080,1997,1300014
8137,1997,1300020
27647,1997,1300030
17594,1997,1300040
20301,1997,1300050
24965,1997,1300060
9492,1997,1300063
9027,1997,1300068
23426,1997,1300070
25550,1997,1300080
5995,1997,1300083
7558,1997,1300090
21335,1997,1300100
17113,1997,1300110
15873,1997,1300115
57232,1997,1300120
15461,1997,1300130
26943,1997,1300140
18565,1997,1300150
23511,1997,1300160
10290,1997,1300165
24418,1997,1300170
11362,1997,1300180
28561,1997,1300185
66939,1997,1300190
7263,1997,1300195
6715,1997,1300200
5787,1997,1300210
4458,1997,1300220
20414,1997,1300230
26354,1997,1300240
67598,1997,1300250
18684,1997,1300255
1193727,1997,1300260
36110,1997,1300270
14617,1997,1300280
38286,1997,1300290
14697,1997,1300300
19375,1997,1300310
14893,1997,1300320
14882,1997,1300330
74814,1997,1300340
18667,1997,1300350
11013,1997,1300353
10892,1997,1300356
11396,1997,1300360
24335,1997,1300370
27824,1997,1300380
22253,1997,1300390
5974,1997,1300395
7100,1997,1300400
32996,1997,1300406
15680,1997,1300410
64546,1997,1300420
15392,1997,1300423
11517,1997,1300426
18335,1997,1300430
15698,1997,1300440
14409,1997,1400005
4771,1997,1400002
158868,1997,1400010
6059,1997,1400015
8208,1997,1400017
9888,1997,1400020
4684,1997,1400023
2836,1997,1400028
10968,1997,1400030
6641,1997,1400040
5962,1997,1400045
7963,1997,1400047
3937,1997,1400050
4712,1997,1400060
4593,1997,1400070
108421,1997,1500010
5313,1997,1500013
54634,1997,1500020
25533,1997,1500030
23143,1997,1500034
42476,1997,1500040
36595,1997,1500050
81432,1997,1500060
15898,1997,1500070
363476,1997,1500080
10014,1997,1500085
29243,1997,1500090
16031,1997,1500095
14618,1997,1500100
10065,1997,1500110
20404,1997,1500120
3627,1997,1500125
56084,1997,1500130
1160181,1997,1500140
10368,1997,1500145
30254,1997,1500150
10632,1997,1500157
10522,1997,1500160
85957,1997,1500170
14540,1997,1500172
6570,1997,1500175
22081,1997,1500178
76224,1997,1500180
19674,1997,1500190
18772,1997,1500200
8427,1997,1500195
90658,1997,1500210
11980,1997,1500215
54417,1997,1500220
40263,1997,1500230
121197,1997,1500240
14539,1997,1500250
9101,1997,1500260
45641,1997,1500270
19160,1997,1500275
3326,1997,1500276
23082,1997,1500277
18287,1997,1500280
7855,1997,1500285
23813,1997,1500290
39663,1997,1500293
20083,1997,1500295
6775,1997,1500300
13951,1997,1500304
23857,1997,1500307
22800,1997,1500309
21210,1997,1500310
31718,1997,1500320
48521,1997,1500330
7443,1997,1500340
14928,1997,1500345
28395,1997,1500350
99004,1997,1500360
29308,1997,1500370
19946,1997,1500375
42396,1997,1500380
26824,1997,1500390
18338,1997,1500400
18850,1997,1500405
8105,1997,1500410
156685,1997,1500420
24487,1997,1500430
23077,1997,1500440
52956,1997,1500442
34107,1997,1500445
15555,1997,1500450
18826,1997,1500460
46846,1997,1500470
50300,1997,1500480
23874,1997,1500490
17282,1997,1500495
8754,1997,1500497
14689,1997,1500500
16998,1997,1500503
30587,1997,1500506
44950,1997,1500510
22330,1997,1500520
42590,1997,1500530
14135,1997,1500540
15511,1997,1500543
21302,1997,1500548
6195,1997,1500549
66859,1997,1500550
68361,1997,1500553
5849,1997,1500555
7321,1997,1500560
9479,1997,1500563
10313,1997,1500565
17726,1997,1500570
35290,1997,1500580
26591,1997,1500590
20770,1997,1500600
8941,1997,1500610
10292,1997,1500611
59981,1997,1500613
18736,1997,1500616
36447,1997,1500618
24962,1997,1500619
29384,1997,1500620
14150,1997,1500630
12376,1997,1500635
4905,1997,1500640
40656,1997,1500650
17154,1997,1500655
11107,1997,1500658
20685,1997,1500660
22759,1997,1500670
242390,1997,1500680
4253,1997,1500690
22215,1997,1500700
14468,1997,1500710
19646,1997,1500715
24748,1997,1500720
44077,1997,1500730
9713,1997,1500740
25828,1997,1500745
3586,1997,1500746
17132,1997,1500747
8697,1997,1500750
36518,1997,1500760
16095,1997,1500770
4168,1997,1500775
16131,1997,1500780
19548,1997,1500790
32732,1997,1500795
7308,1997,1500796
13556,1997,1500797
45700,1997,1500800
18053,1997,1500803
6913,1997,1500805
35167,1997,1500808
59505,1997,1500810
10394,1997,1500812
40218,1997,1500815
36230,1997,1500820
48785,1997,1500830
12874,1997,1500835
34260,1997,1500840
6388,1997,1600010
5803,1997,1600020
2078,1997,1600021
2667,1997,1600023
2289,1997,1600025
25033,1997,1600027
233925,1997,1600030
11962,1997,1600040
10426,1997,1600050
3333,1997,1600015
7635,1997,1600053
1758,1997,1600055
74135,1997,1600060
3038,1997,1600005
4581,1997,1600070
6865,1997,1600080
1975,1997,1700025
2798,1997,1700030
6057,1997,1700035
7798,1997,1700040
9197,1997,1700070
10012,1997,1700100
2597,1997,1700105
3758,1997,1700110
3681,1997,1700130
4755,1997,1700190
9742,1997,1700200
108716,1997,1700210
3241,1997,1700215
23297,1997,1700220
6282,1997,1700230
11634,1997,1700240
16079,1997,1700255
3194,1997,1700270
9640,1997,1700290
8722,1997,1700300
2134,1997,1700305
3183,1997,1700307
4758,1997,1700310
4359,1997,1700320
2148,1997,1700330
1777,1997,1700360
4979,1997,1700370
7586,1997,1700380
1936,1997,1700382
5531,1997,1700384
2331,1997,1700386
1518,1997,1700388
2922,1997,1700389
3828,1997,1700390
2253,1997,1700410
3110,1997,1700510
1017,1997,1700460
25276,1997,1700550
9207,1997,1701670
4947,1997,1700555
4527,1997,1700560
4265,1997,1700600
7826,1997,1700610
1191,1997,1700625
4024,1997,1700650
15370,1997,1700700
5390,1997,1700710
7295,1997,1700720
4101,1997,1700730
6173,1997,1700740
3391,1997,1700755
6074,1997,1700765
7394,1997,1700770
18988,1997,1700820
2368,1997,1700825
5125,1997,1700830
10938,1997,1700900
19560,1997,1700930
66846,1997,1700950
1154,1997,1700980
6325,1997,1701050
6721,1997,1701070
3496,1997,1701090
3145,1997,1701110
3542,1997,1701150
2546,1997,1701180
5373,1997,1701190
2805,1997,1701195
1497,1997,1701200
1095,1997,1701215
4067,1997,1701240
1612,1997,1701245
2681,1997,1701250
1596,1997,1701270
2915,1997,1701280
16925,1997,1701320
10709,1997,1701330
5774,1997,1701360
1659,1997,1701370
3132,1997,1701395
8894,1997,1701420
5063,1997,1701430
9010,1997,1701488
3701,1997,1701500
3129,1997,1701510
1999,1997,1701515
2154,1997,1701525
738,1997,1701550
99445,1997,1702100
3804,1997,1701570
3730,1997,1701380
7142,1997,1701575
34061,1997,1701610
8974,1997,1701620
5285,1997,1701630
8352,1997,1701650
7946,1997,1701660
3683,1997,1701665
4615,1997,1701700
1912,1997,1701720
5485,1997,1701750
4614,1997,1701780
6622,1997,1701790
2535,1997,1701800
42523,1997,1701820
5331,1997,1701830
4273,1997,1701840
1312,1997,1701845
3221,1997,1701850
3487,1997,1701855
1109,1997,1701865
2188,1997,1701870
6307,1997,1701875
2667,1997,1701880
3690,1997,1701884
4578,1997,1701886
2251,1997,1701888
1579,1997,1701889
3747,1997,1701890
2309,1997,1701900
2346,1997,1702000
2672,1997,1702010
1237,1997,1702015
8597,1997,1702020
2101,1997,1702025
3712,1997,1702030
5211,1997,1702049
4804,1997,1702065
11679,1997,1702080
1228,1997,1702085
14160,1997,1702090
1623,1997,1702093
1611,1997,1702097
4992,1997,1702110
19397,1997,1702120
1103,1997,1702125
1351,1997,1702130
10611,1997,1702208
11263,1997,1702210
81816,1997,2100005
4561,1997,2100010
9860,1997,2100015
18655,1997,2100020
18834,1997,2100030
6063,1997,2100040
15929,1997,2100043
24001,1997,2100047
10572,1997,2100050
4832,1997,2100055
30773,1997,2100060
20291,1997,2100070
10351,1997,2100080
11649,1997,2100083
10530,1997,2100087
35663,1997,2100090
26771,1997,2100095
25277,1997,2100100
9883,1997,2100110
91527,1997,2100120
9668,1997,2100125
11036,1997,2100130
4388,1997,2100135
50047,1997,2100140
14515,1997,2100150
72460,1997,2100160
32367,1997,2100170
7506,1997,2100177
6010,1997,2100173
5867,1997,2100180
20917,1997,2100190
4193,1997,2100193
3759,1997,2100197
35084,1997,2100200
13148,1997,2100203
9645,1997,2100207
25720,1997,2100210
10619,1997,2100215
25880,1997,2100220
21910,1997,2100230
32130,1997,2100232
11043,1997,2100235
6161,1997,2100237
8507,1997,2100240
15630,1997,2100250
9700,1997,2100255
14914,1997,2100260
14717,1997,2100270
10262,1997,2100275
27783,1997,2100280
16387,1997,2100290
133856,1997,2100300
8462,1997,2100310
5410,1997,2100312
5617,1997,2100315
12833,1997,2100317
60331,1997,2100320
10945,1997,2100325
103822,1997,2100330
42069,1997,2100340
31169,1997,2100350
14138,1997,2100355
53662,1997,2100360
24741,1997,2100370
12884,1997,2100375
20036,1997,2100380
8687,1997,2100390
17412,1997,2100400
21035,1997,2100405
7312,1997,2100407
4407,1997,2100408
8338,1997,2100409
10348,1997,2100410
15944,1997,2100420
8541,1997,2100430
16946,1997,2100440
9238,1997,2100450
7833,1997,2100455
12273,1997,2100460
7825,1997,2100462
10834,1997,2100465
21002,1997,2100467
6053,1997,2100470
39871,1997,2100480
12802,1997,2100490
18709,1997,2100500
19565,1997,2100510
8575,1997,2100515
10784,1997,2100520
225399,1997,2100530
8932,1997,2100535
49246,1997,2100540
19238,1997,2100542
6634,1997,2100545
9022,1997,2100547
22818,1997,2100550
14518,1997,2100560
5278,1997,2100565
39566,1997,2100570
9071,1997,2100580
8187,1997,2100594
13299,1997,2100590
9211,1997,2100592
8794,1997,2100596
4647,1997,2100598
11254,1997,2100600
9621,1997,2100610
7389,1997,2100620
12927,1997,2100630
13682,1997,2100632
7608,1997,2100635
7674,1997,2100637
10693,1997,2100640
16818,1997,2100650
24495,1997,2100660
5573,1997,2100663
6712,1997,2100667
18589,1997,2100670
15530,1997,2100675
12815,1997,2100680
23567,1997,2100690
9699,1997,2100700
13550,1997,2100710
7622,1997,2100720
3280,1997,2100725
4642,1997,2100730
17140,1997,2100735
19032,1997,2100740
11297,1997,2100745
57692,1997,2100750
15817,1997,2100760
19246,1997,2100770
29863,1997,2100780
15371,1997,2100790
14625,1997,2100800
10197,1997,2100805
20046,1997,2100810
41339,1997,2100820
10190,1997,2100825
31910,1997,2100830
16621,1997,2100840
14503,1997,2100845
25385,1997,2100850
65192,1997,2100860
22233,1997,2100870
20601,1997,2100880
22278,1997,2100890
15728,1997,2100900
7223,1997,2100905
37068,1997,2100910
7558,1997,2100920
4895,1997,2100923
13257,1997,2100927
9349,1997,2100930
9102,1997,2100940
15606,1997,2100945
19700,1997,2100950
5721,1997,2100955
32745,1997,2100960
6147,1997,2100970
3483,1997,2100975
27242,1997,2100980
69880,1997,2100990
53865,1997,2101000
20353,1997,2101003
19649,1997,2101010
20816,1997,2101020
7691,1997,2101023
9619,1997,2101027
14338,1997,2101030
13887,1997,2101040
30471,1997,2101050
21692,1997,2101060
5206,1997,2101065
32133,1997,2101070
5384,1997,2101080
6595,1997,2101085
12387,1997,2101090
17935,1997,2101100
13612,1997,2101102
8857,1997,2101105
12269,1997,2101107
23170,1997,2101110
92957,1997,2101120
7357,1997,2101125
801896,1997,2101130
23404,1997,2101140
32324,1997,2101150
10445,1997,2101153
3904,1997,2101157
15232,1997,2101160
6150,1997,2101163
3733,1997,2101167
16801,1997,2101170
7018,1997,2101172
9275,1997,2101174
17915,1997,2101176
15762,1997,2101178
17882,1997,2101180
10573,1997,2101190
3755,1997,2101195
6297,1997,2101200
25991,1997,2101210
121168,1997,2101220
15785,1997,2101223
5432,1997,2101227
33898,1997,2101230
28956,1997,2101240
18386,1997,2101245
41231,1997,2101250
21869,1997,2101260
31792,1997,2101270
47718,1997,2101280
5645,1997,2101285
26426,1997,2101290
30215,1997,2101300
41329,1997,2101400
4512,1997,2200005
5543,1997,2200010
13240,1997,2200020
7034,1997,2200025
4380,1997,2200027
12450,1997,2200030
38872,1997,2200040
4021,1997,2200045
17121,1997,2200050
7036,1997,2200060
6577,1997,2200070
2570,1997,2200080
6102,1997,2200090
4776,1997,2200100
6362,1997,2200105
9144,1997,2200110
7703,1997,2200115
4250,1997,2200117
40198,1997,2200120
2989,1997,2200130
6276,1997,2200140
23150,1997,2200150
3097,1997,2200155
2336,1997,2200157
9767,1997,2200160
5184,1997,2200170
7301,1997,2200173
4212,1997,2200177
4035,1997,2200180
14591,1997,2200190
4616,1997,2200191
4724,1997,2200192
5718,1997,2200194
8133,1997,2200196
2244,1997,2200198
17903,1997,2200200
6085,1997,2200202
8506,1997,2200205
2576,1997,2200207
6181,1997,2200208
5478,1997,2200209
4951,1997,2200210
4213,1997,2200211
4262,1997,2200213
5135,1997,2200217
41680,1997,2200220
3984,1997,2200225
17009,1997,2200230
10189,1997,2200240
4618,1997,2200245
7652,1997,2200250
3622,1997,2200253
3557,1997,2200255
18195,1997,2200260
2706,1997,2200265
23876,1997,2200270
4001,1997,2200271
4443,1997,2200272
3245,1997,2200273
4659,1997,2200275
6976,1997,2200277
4470,1997,2200280
3775,1997,2200285
20623,1997,2200290
6172,1997,2200300
8418,1997,2200310
8253,1997,2200320
3955,1997,2200323
4212,1997,2200327
3122,1997,2200325
11687,1997,2200330
6352,1997,2200335
5958,1997,2200340
7538,1997,2200345
4405,1997,2200342
14728,1997,2200350
4307,1997,2200360
33044,1997,2200370
4214,1997,2200375
4308,1997,2200380
2295,1997,2200385
52342,1997,2200390
4884,1997,2200400
4996,1997,2200410
2110,1997,2200415
6374,1997,2200420
9628,1997,2200430
4395,1997,2200435
10344,1997,2200440
10371,1997,2200450
4549,1997,2200455
3568,1997,2200460
7419,1997,2200465
13780,1997,2200470
8248,1997,2200480
7290,1997,2200490
10127,1997,2200500
10017,1997,2200510
4881,1997,2200515
14676,1997,2200520
4218,1997,2200525
3638,1997,2200527
4507,1997,2200530
2748,1997,2200535
13297,1997,2200540
4089,1997,2200545
29350,1997,2200550
4712,1997,2200551
4314,1997,2200552
4019,1997,2200553
6561,1997,2200555
5142,1997,2200557
4756,1997,2200556
2956,1997,2200558
3566,1997,2200559
2284,1997,2200554
5420,1997,2200560
22692,1997,2200570
25714,1997,2200580
5804,1997,2200585
4645,1997,2200590
6033,1997,2200595
4378,1997,2200600
5606,1997,2200605
8953,1997,2200610
28052,1997,2200620
1586,1997,2200630
5467,1997,2200635
10234,1997,2200640
6619,1997,2200650
9386,1997,2200660
4293,1997,2200665
4774,1997,2200667
6063,1997,2200669
8174,1997,2200670
3389,1997,2200675
7588,1997,2200680
3568,1997,2200795
6306,1997,2200690
3225,1997,2200695
31777,1997,2200700
2794,1997,2200710
6620,1997,2200720
3785,1997,2200730
3648,1997,2200735
5076,1997,2200740
11829,1997,2200750
4467,1997,2200755
9352,1997,2200760
126501,1997,2200770
4148,1997,2200775
5596,1997,2200777
15463,1997,2200780
3859,1997,2200785
35856,1997,2200790
1453,1997,2200793
63578,1997,2200800
9074,1997,2200810
15395,1997,2200820
23922,1997,2200830
59110,1997,2200840
10156,1997,2200850
1937,1997,2200855
3035,1997,2200860
7844,1997,2200865
7520,1997,2200870
16636,1997,2200880
4394,1997,2200885
3564,1997,2200887
5940,1997,2200890
5893,1997,2200900
6159,1997,2200910
3490,1997,2200915
5753,1997,2200920
4396,1997,2200930
5029,1997,2200937
3561,1997,2200935
5039,1997,2200940
1655,1997,2200945
3257,1997,2200950
4107,1997,2200955
3353,1997,2200960
3865,1997,2200965
6214,1997,2200970
2399,1997,2200975
3635,1997,2200980
4465,1997,2200985
5066,1997,2200987
6957,1997,2200990
4259,1997,2200995
4173,1997,2200997
15541,1997,2201000
5051,1997,2201005
3665,1997,2201010
6017,1997,2201020
5479,1997,2201030
4370,1997,2201035
2433,1997,2201037
1519,1997,2201038
2902,1997,2201039
19071,1997,2201040
12081,1997,2201050
25173,1997,2201060
3901,1997,2201062
3492,1997,2201063
7873,1997,2201065
12112,1997,2201070
10366,1997,2201080
4461,1997,2201090
4319,1997,2201093
2906,1997,2201095
2393,1997,2201097
668264,1997,2201100
37191,1997,2201110
15457,1997,2201120
18708,1997,2201130
4524,1997,2201135
4305,1997,2201140
2635,1997,2201150
2820,1997,2201160
3866,1997,2201170
7388,1997,2300010
11117,1997,2300015
45302,1997,2300020
47084,1997,2300030
13958,1997,2300040
9296,1997,2300050
5615,1997,2300060
13325,1997,2300070
29098,1997,2300075
5973,1997,2300080
11540,1997,2300090
53799,1997,2300100
58631,1997,2300110
24165,1997,2300120
10563,1997,2300125
17666,1997,2300130
11843,1997,2300140
7032,1997,2300150
18834,1997,2300160
24630,1997,2300170
6219,1997,2300180
15326,1997,2300185
44552,1997,2300190
17424,1997,2300195
19600,1997,2300200
13053,1997,2300205
29894,1997,2300210
38364,1997,2300220
28220,1997,2300230
47709,1997,2300240
35043,1997,2300250
51836,1997,2300260
24070,1997,2300270
66705,1997,2300280
15487,1997,2300290
14181,1997,2300300
18303,1997,2300310
24218,1997,2300320
17276,1997,2300330
15002,1997,2300340
50696,1997,2300350
12685,1997,2300360
9033,1997,2300365
220134,1997,2300370
23405,1997,2300380
11434,1997,2300390
11607,1997,2300393
16088,1997,2300395
19289,1997,2300400
64749,1997,2300410
96809,1997,2300420
16041,1997,2300423
18332,1997,2300425
7825,1997,2300426
6049,1997,2300427
28153,1997,2300428
20127,1997,2300430
17054,1997,2300435
2014600,1997,2300440
11350,1997,2300445
11241,1997,2300450
4775,1997,2300460
14420,1997,2300465
44678,1997,2300470
4907,1997,2300480
8403,1997,2300490
16862,1997,2300495
32413,1997,2300500
5573,1997,2300510
16772,1997,2300520
26266,1997,2300523
10710,1997,2300526
21208,1997,2300530
8929,1997,2300533
16100,1997,2300535
57887,1997,2300540
78681,1997,2300550
23174,1997,2300560
11072,1997,2300565
10783,1997,2300570
35032,1997,2300580
35915,1997,2300590
13379,1997,2300600
16850,1997,2300610
6487,1997,2300620
26787,1997,2300625
38720,1997,2300630
81331,1997,2300640
14532,1997,2300650
25907,1997,2300655
14634,1997,2300660
17109,1997,2300670
7972,1997,2300680
32974,1997,2300690
29354,1997,2300700
25368,1997,2300710
6664,1997,2300720
10074,1997,2300725
193377,1997,2300730
20483,1997,2300740
31120,1997,2300750
45696,1997,2300760
14334,1997,2300763
160792,1997,2300765
84445,1997,2300770
18251,1997,2300780
7556,1997,2300790
25925,1997,2300800
38603,1997,2300810
10834,1997,2300820
24126,1997,2300830
12150,1997,2300835
10729,1997,2300837
29713,1997,2300840
39113,1997,2300850
15328,1997,2300860
60782,1997,2300870
6784,1997,2300880
15963,1997,2300890
12672,1997,2300900
8313,1997,2300910
11291,1997,2300920
29546,1997,2300930
25159,1997,2300940
20418,1997,2300945
21088,1997,2300950
38152,1997,2300960
44859,1997,2300970
11336,1997,2300980
5429,1997,2300990
7624,1997,2301000
9740,1997,2301010
23819,1997,2301020
21104,1997,2301025
31130,1997,2301030
11426,1997,2301040
37545,1997,2301050
6154,1997,2301060
28341,1997,2301070
13757,1997,2301080
13953,1997,2301085
12663,1997,2301090
10804,1997,2301095
11421,1997,2301100
15207,1997,2301110
8364,1997,2301120
5851,1997,2301123
17787,1997,2301126
65311,1997,2301130
14947,1997,2301135
56280,1997,2301140
15697,1997,2301150
21716,1997,2301160
20814,1997,2301170
53416,1997,2301180
16575,1997,2301190
12343,1997,2301195
39195,1997,2301220
26401,1997,2301200
16530,1997,2301210
38039,1997,2301230
33635,1997,2301240
8481,1997,2301250
11066,1997,2301260
24871,1997,2301270
5590,1997,2301280
141327,1997,2301290
16180,1997,2301300
27079,1997,2301310
27660,1997,2301320
7774,1997,2301325
49889,1997,2301330
11196,1997,2301335
50672,1997,2301340
39929,1997,2301350
10804,1997,2301355
27075,1997,2301360
7488,1997,2301370
15239,1997,2301375
15770,1997,2301380
9978,1997,2301390
14463,1997,2301395
33341,1997,2301400
43720,1997,2301410
10921,1997,2400010
45533,1997,2400020
9742,1997,2400030
2578,1997,2400040
13415,1997,2400050
5164,1997,2400060
9322,1997,2400070
11083,1997,2400080
6847,1997,2400090
30033,1997,2400100
20415,1997,2400110
11504,1997,2400120
9472,1997,2400130
7355,1997,2400140
17940,1997,2400145
3918,1997,2400150
4673,1997,2400160
2489,1997,2400165
8686,1997,2400170
9872,1997,2400180
6536,1997,2400185
2623,1997,2400190
52572,1997,2400200
9225,1997,2400210
24385,1997,2400220
20402,1997,2400230
6326,1997,2400240
7960,1997,2400250
60496,1997,2400260
10165,1997,2400270
5186,1997,2400280
4424,1997,2400290
7984,1997,2400300
40656,1997,2400310
6101,1997,2400320
4649,1997,2400330
5690,1997,2400340
9055,1997,2400350
18586,1997,2400360
5538,1997,2400370
2648,1997,2400375
8888,1997,2400380
2961,1997,2400390
4479,1997,2400400
1474,1997,2400410
16529,1997,2400420
11346,1997,2400430
7455,1997,2400440
8842,1997,2400450
9310,1997,2400460
11690,1997,2400470
1803,1997,2400480
4941,1997,2400485
5573,1997,2400490
7021,1997,2400500
6039,1997,2400510
6021,1997,2400520
7177,1997,2400530
6382,1997,2400540
2538,1997,2400550
10630,1997,2400560
11907,1997,2400570
35594,1997,2400580
2343,1997,2400590
5433,1997,2400600
17783,1997,2400610
5105,1997,2400620
6389,1997,2400630
2224,1997,2400640
10932,1997,2400650
6591,1997,2400660
8890,1997,2400670
4258,1997,2400680
3092,1997,2400690
8972,1997,2400700
47151,1997,2400710
24072,1997,2400720
2872,1997,2400725
7952,1997,2400730
7449,1997,2400740
6879,1997,2400750
3563,1997,2400760
10249,1997,2400770
16476,1997,2400780
2743,1997,2400790
209202,1997,2400800
668293,1997,2400810
16503,1997,2400820
32332,1997,2400830
4850,1997,2400840
4592,1997,2400850
3307,1997,2400860
4129,1997,2400870
4123,1997,2400880
18380,1997,2400890
89912,1997,2400325
7122,1997,2400910
2369,1997,2400920
10899,1997,2400930
22307,1997,2400940
3546,1997,2400950
2674,1997,2400960
6887,1997,2400970
13568,1997,2400980
10870,1997,2400990
2623,1997,2401000
11695,1997,2401010
6429,1997,2401020
3084,1997,2401025
6515,1997,2401030
5978,1997,2401040
3921,1997,2401050
2934,1997,2401060
2685,1997,2401070
4032,1997,2401080
5149,1997,2401090
8711,1997,2400895
6163,1997,2401100
3724,1997,2401110
29594,1997,2401120
3195,1997,2400933
12931,1997,2401140
2291,1997,2401142
20450,1997,2401150
3602,1997,2401160
3213,1997,2401170
3494,1997,2401180
3322,1997,2401190
59288,1997,2401200
5437,1997,2401210
33300,1997,2401220
11116,1997,2401230
3557,1997,2401240
18621,1997,2401250
5853,1997,2401255
13248,1997,2401260
6267,1997,2401270
8313,1997,2401280
10894,1997,2401290
4958,1997,2401300
4807,1997,2401310
3047,1997,2401320
5140,1997,2401330
7410,1997,2401335
7407,1997,2401340
6106,1997,2401350
4058,1997,2401355
10321,1997,2401360
4507,1997,2401370
2159,1997,2401380
10276,1997,2401390
10928,1997,2401400
8603,1997,2401410
3322,1997,2401415
2067,1997,2401105
5933,1997,2401420
2220,1997,2401430
21327,1997,2401440
3747,1997,2401445
10665,1997,2401450
10585,1997,2401460
8250,1997,2401470
2934,1997,2401475
9658,1997,2401480
1638,1997,2401490
2586,1997,2401500
8703,1997,2500010
6078,1997,2500020
29882,1997,2500030
17996,1997,2500040
12032,1997,2500050
4328,1997,2500053
1886,1997,2500057
14913,1997,2500060
1591,1997,2500073
4998,1997,2500077
19854,1997,2500080
10430,1997,2500090
15550,1997,2500100
25488,1997,2500110
1949,1997,2500115
6155,1997,2500120
19621,1997,2500130
2401,1997,2500135
6156,1997,2500140
21513,1997,2500150
2445,1997,2500153
13025,1997,2500160
8239,1997,2500157
5419,1997,2500170
85802,1997,2500180
16588,1997,2500190
7519,1997,2500200
2405,1997,2500205
5813,1997,2500210
4473,1997,2500215
1784,1997,2500220
5679,1997,2500230
8017,1997,2500240
16127,1997,2500250
4140,1997,2500270
11927,1997,2500280
5475,1997,2500290
16839,1997,2500300
4266,1997,2500310
35363,1997,2500320
8357,1997,2500330
2967,1997,2500340
17179,1997,2500350
6605,1997,2500355
7110,1997,2500360
51575,1997,2500370
3061,1997,2500375
4250,1997,2500380
5724,1997,2500390
344851,1997,2500400
9744,1997,2501640
4141,1997,2500403
3264,1997,2500407
2044,1997,2500410
6145,1997,2500415
4538,1997,2500420
26112,1997,2500430
3852,1997,2500435
17685,1997,2500440
7229,1997,2500450
12490,1997,2500460
4732,1997,2500470
14230,1997,2500480
1235,1997,2500485
13016,1997,2500490
6524,1997,2500500
20175,1997,2500510
5952,1997,2500523
7139,1997,2500520
5021,1997,2500527
2497,1997,2500530
3286,1997,2500535
7251,1997,2500540
6979,1997,2500560
9831,1997,2500570
4756,1997,2500580
2756,1997,2500590
27700,1997,2500600
12489,1997,2500610
2853,1997,2500620
8542,1997,2500625
52716,1997,2500630
14065,1997,2500640
2812,1997,2500650
6522,1997,2500660
5940,1997,2500260
10081,1997,2500670
17467,1997,2500680
26142,1997,2500690
21407,1997,2500700
14409,1997,2500710
9461,1997,2500720
13002,1997,2500730
7226,1997,2500740
562273,1997,2500750
7313,1997,2500760
13539,1997,2500770
5729,1997,2500780
10153,1997,2500790
10428,1997,2500800
5423,1997,2500810
7373,1997,2500820
23428,1997,2500830
3239,1997,2500840
7146,1997,2500850
3105,1997,2500855
8552,1997,2500860
3893,1997,2500870
5609,1997,2500880
36377,1997,2500890
10849,1997,2500900
5524,1997,2500905
20306,1997,2500910
5777,1997,2500915
11782,1997,2500920
5481,1997,2500930
4583,1997,2500933
2201,1997,2500937
4836,1997,2500939
13383,1997,2500940
3898,1997,2500950
4038,1997,2500960
26364,1997,2500970
10457,1997,2500980
10719,1997,2500990
7303,1997,2501000
9237,1997,2501010
7405,1997,2501020
3525,1997,2501030
7890,1997,2501040
3369,1997,2501050
2927,1997,2501060
1211,1997,2501065
1812,1997,2501070
87705,1997,2501080
11424,1997,2501090
3645,1997,2501100
6174,1997,2501110
24863,1997,2501120
4611,1997,2501272
15582,1997,2501130
16225,1997,2501140
9608,1997,2501150
7076,1997,2501160
5415,1997,2501170
10604,1997,2501180
12432,1997,2501190
14181,1997,2501200
3319,1997,2501203
3942,1997,2501207
29985,1997,2501210
3504,1997,2501220
17056,1997,2501230
11299,1997,2501240
33578,1997,2501250
1479,1997,2501260
14539,1997,2501270
2458,1997,2501274
3682,1997,2501275
3266,1997,2501276
1257,1997,2501278
8488,1997,2501280
22243,1997,2501290
2900,1997,2501300
12723,1997,2501310
6703,1997,2501315
6859,1997,2501320
6033,1997,2501330
3735,1997,2501335
13324,1997,2501340
108421,1997,2501370
4874,1997,2501380
5781,1997,2501350
7357,1997,2501360
2471,1997,2501365
2716,1997,2501385
3158,1997,2501392
25071,1997,2501390
2959,1997,2501396
1808,1997,2501394
3207,1997,2501398
4736,1997,2501400
16634,1997,2500070
4184,1997,2501410
7910,1997,2501420
5498,1997,2501430
5063,1997,2501440
16675,1997,2501450
5264,1997,2501455
2790,1997,2501460
1452,1997,2501465
3895,1997,2501470
4143,1997,2501480
4810,1997,2501445
8320,1997,2501490
5223,1997,2501500
9802,1997,2501510
2387,1997,2501520
46165,1997,2501530
8534,1997,2501540
12587,1997,2501550
3614,1997,2501560
2848,1997,2501570
7896,1997,2501580
8536,1997,2501590
2400,1997,2501593
7399,1997,2501597
30115,1997,2501600
11064,1997,2501610
2323,1997,2501615
59084,1997,2501620
15269,1997,2501630
13161,1997,2501650
13652,1997,2501660
12958,1997,2501670
2306,1997,2501675
9152,1997,2501680
13978,1997,2501690
9714,1997,2501700
2079,1997,2501710
4529,1997,2501720
3229,1997,2500550
2092,1997,2501740
81580,1997,2600005
32576,1997,2600010
13982,1997,2600020
18391,1997,2600030
25610,1997,2600040
35529,1997,2600050
11562,1997,2600060
36825,1997,2600070
21324,1997,2600080
20501,1997,2600090
8318,1997,2600100
12353,1997,2600105
64435,1997,2600110
59268,1997,2600120
11010,1997,2600130
38051,1997,2600140
14550,1997,2600150
21224,1997,2600160
69119,1997,2600170
10633,1997,2600180
52479,1997,2600190
25404,1997,2600200
40938,1997,2600210
37717,1997,2600220
34178,1997,2600230
8059,1997,2600240
7045,1997,2600250
35702,1997,2600260
12773,1997,2600270
38514,1997,2600280
144187,1997,2600290
26026,1997,2600300
15481,1997,2600310
19723,1997,2600320
10788,1997,2600330
7049,1997,2600340
114039,1997,2600345
14480,1997,2600350
7788,1997,2600360
23095,1997,2600370
19265,1997,2600380
18027,1997,2600390
11048,1997,2600392
55109,1997,2600400
236550,1997,2600410
12578,1997,2600415
31140,1997,2600420
8282,1997,2600430
10821,1997,2600440
15903,1997,2600450
20517,1997,2600460
17957,1997,2600470
13469,1997,2600480
22478,1997,2600490
22986,1997,2600500
27494,1997,2600510
13344,1997,2600515
57908,1997,2600520
30968,1997,2600530
18153,1997,2600540
1924,1997,2600545
9995,1997,2600550
20834,1997,2600560
23084,1997,2600570
12605,1997,2600580
21830,1997,2600590
111765,1997,2600600
27444,1997,2600610
67868,1997,2600620
5906,1997,2600630
61686,1997,2600640
15998,1997,2600650
25360,1997,2600660
7415,1997,2600670
74757,1997,2600680
11404,1997,2600690
14155,1997,2600760
10747,1997,2600700
4692,1997,2600710
49653,1997,2600720
21544,1997,2600730
3805,1997,2600740
24437,1997,2600750
33485,1997,2600765
15201,1997,2600770
19640,1997,2600775
14203,1997,2600780
540650,1997,2600790
10703,1997,2600795
17128,1997,2600800
11554,1997,2600805
25588,1997,2600810
14121,1997,2600820
8947,1997,2600825
11619,1997,2600830
12518,1997,2600840
11685,1997,2600845
18058,1997,2600850
10884,1997,2600860
15130,1997,2600870
17666,1997,2600875
31118,1997,2600880
56436,1997,2600890
23026,1997,2600900
9920,1997,2600910
11850,1997,2600915
11575,1997,2600920
12579,1997,2600930
12969,1997,2601430
40334,1997,2600940
28168,1997,2600950
351371,1997,2600960
22169,1997,2600970
10692,1997,2600980
48324,1997,2600990
56215,1997,2601000
9256,1997,2601010
25387,1997,2601020
12510,1997,2601030
18625,1997,2601040
27662,1997,2601050
41149,1997,2601060
239155,1997,2601070
19236,1997,2601080
55276,1997,2601090
22517,1997,2601100
198420,1997,2601110
10659,1997,2601120
21843,1997,2601130
10779,1997,2601140
19220,1997,2601150
7044,1997,2601153
1357967,1997,2601160
16867,1997,2601170
39765,1997,2601180
20060,1997,2601190
13714,1997,2601200
5901,1997,2601210
49737,1997,2601220
15328,1997,2601230
16260,1997,2601240
10999,1997,2601245
10992,1997,2601247
48392,1997,2601250
9257,1997,2601255
32641,1997,2601260
11546,1997,2601270
9492,1997,2601280
11371,1997,2601290
46081,1997,2601300
30869,1997,2601310
18405,1997,2601320
19144,1997,2601330
13455,1997,2601340
31205,1997,2601350
28839,1997,2601360
90589,1997,2601370
15659,1997,2601380
69453,1997,2601390
16488,1997,2601400
29289,1997,2601410
31712,1997,2601420
5361,1997,2601440
46496,1997,2601450
23314,1997,2601460
11090,1997,2601470
16274,1997,2601480
15611,1997,2601485
19150,1997,2601500
6263,1997,2601510
7105,1997,2601520
56329,1997,2601530
18931,1997,2601540
12666,1997,2601550
19674,1997,2601560
14691,1997,2601570
19228,1997,2601580
8048,1997,2601590
13349,1997,2601600
8456,1997,2601610
8772,1997,2601618
13064,1997,2601620
26672,1997,2601630
111895,1997,2601640
13382,1997,2601650
17690,1997,2700010
16545,1997,2700020
175438,1997,2700030
35935,1997,2700040
9509,1997,2700050
6253,1997,2700060
13578,1997,2700070
5105,1997,2700080
6201,1997,2700090
22082,1997,2700100
10080,1997,2700110
8322,1997,2700120
17462,1997,2700130
6615,1997,2700135
38631,1997,2700140
10390,1997,2700150
16672,1997,2700160
20339,1997,2700170
5997,1997,2700180
7344,1997,2700190
10288,1997,2700200
18113,1997,2700210
5135,1997,2700220
46265,1997,2700230
18795,1997,2700235
40389,1997,2700240
11803,1997,2700250
15205,1997,2700255
18890,1997,2700260
3801,1997,2700270
12743,1997,2700280
27395,1997,2700290
14386,1997,2700300
23782,1997,2700310
19284,1997,2700320
15353,1997,2700330
5427,1997,2700340
7567,1997,2700350
6334,1997,2700360
5217,1997,2700370
18840,1997,2700380
4461,1997,2700390
22935,1997,2700400
18323,1997,2700410
19069,1997,2700420
746709,1997,2700430
17315,1997,2700440
4521,1997,2700490
17090,1997,2700450
14265,1997,2700460
28876,1997,2700470
13642,1997,2700480
23917,1997,2700500
23770,1997,2700510
10666,1997,2700520
5169,1997,2700530
6517,1997,2700540
22594,1997,2700550
10804,1997,2700560
17626,1997,2700570
5771,1997,2700580
4548,1997,2700590
10227,1997,2700600
9025,1997,2700610
4224,1997,2700620
68370,1997,2700630
23934,1997,2700640
8152,1997,2700642
7192,1997,2700644
13763,1997,2700650
9317,1997,2700660
54937,1997,2700670
15507,1997,2700680
30481,1997,2700690
3117,1997,2700700
20303,1997,2700710
10537,1997,2700720
24393,1997,2700730
10719,1997,2700740
17255,1997,2700750
12252,1997,2700760
59608,1997,2700770
7284,1997,2700780
6542,1997,2700790
38615,1997,2700800
12097,1997,2700810
6230,1997,2700820
22160,1997,2700830
28094,1997,2700840
31120,1997,2700850
49324,1997,2700860
5722,1997,2700870
27787,1997,2700880
11367,1997,2700890
7989,1997,2700895
6806,1997,2700900
17080,1997,2700910
34422,1997,2700915
24313,1997,2700920
53742,1997,2700930
25276,1997,2700940
2027,1997,2800010
17576,1997,2800020
434638,1997,2800030
10645,1997,2800040
14583,1997,2800050
16780,1997,2800060
24037,1997,2800067
6837,1997,2800070
15490,1997,2800100
3896,1997,2800110
15075,1997,2800120
26012,1997,2800130
16932,1997,2800140
8087,1997,2800150
5172,1997,2800160
13268,1997,2800170
3544,1997,2800190
2881,1997,2800200
57339,1997,2800210
4765,1997,2800220
11533,1997,2800230
10116,1997,2800240
2391,1997,2800250
5231,1997,2800260
7723,1997,2800270
12021,1997,2800280
74558,1997,2800290
32876,1997,2800300
4847,1997,2800310
20055,1997,2800320
13797,1997,2800330
10368,1997,2800340
76100,1997,2800350
22004,1997,2800360
5451,1997,2800370
2939,1997,2800380
10951,1997,2800390
14424,1997,2800400
10214,1997,2800410
10176,1997,2800420
6888,1997,2800430
17030,1997,2800440
7871,1997,2800445
24666,1997,2800450
20571,1997,2800460
5465,1997,2800470
115237,1997,2800480
11097,1997,2800490
2361,1997,2800500
8068,1997,2800510
4807,1997,2800520
6169,1997,2800530
18639,1997,2800540
17508,1997,2800550
23070,1997,2800560
26256,1997,2800570
18005,1997,2800580
7839,1997,2800590
14597,1997,2800600
6816,1997,2800610
17781,1997,2800620
11334,1997,2800630
3329,1997,2800650
5709,1997,2800640
10063,1997,2800660
59427,1997,2800670
8486,1997,2800680
2551,1997,2800690
3067,1997,2800700
34058,1997,2800710
6926,1997,2800720
2512,1997,2800730
41529,1997,2800740
12946,1997,2800750
17127,1997,2800760
13314,1997,2900010
12643,1997,2900020
13247,1997,2900030
11422,1997,2900035
14196,1997,2900040
6742,1997,2900060
124320,1997,2900070
15823,1997,2900080
7874,1997,2900090
30983,1997,2900100
23728,1997,2900110
14357,1997,2900115
44151,1997,2900120
16793,1997,2900130
17555,1997,2900135
13886,1997,2900140
8532,1997,2900150
10960,1997,2900160
11057,1997,2900170
13889,1997,2900180
14383,1997,2900190
10597,1997,2900195
11912,1997,2900205
17940,1997,2900200
53667,1997,2900210
9253,1997,2900220
11608,1997,2900225
8387,1997,2900230
16559,1997,2900240
12095,1997,2900250
21093,1997,2900260
10511,1997,2900265
40225,1997,2900270
21593,1997,2900280
41054,1997,2900290
12377,1997,2900300
8600,1997,2900310
118945,1997,2900320
11126,1997,2900323
19386,1997,2900340
15294,1997,2900350
13359,1997,2900360
18141,1997,2900370
18261,1997,2900380
53283,1997,2900390
12448,1997,2900395
13766,1997,2900400
15134,1997,2900405
21098,1997,2900410
12853,1997,2900420
16092,1997,2900430
9189,1997,2900440
13958,1997,2900450
63183,1997,2900460
18408,1997,2900470
16072,1997,2900475
15195,1997,2900480
14835,1997,2900485
30701,1997,2900490
21497,1997,2900500
17165,1997,2900510
12105,1997,2900515
44155,1997,2900520
14540,1997,2900530
8150,1997,2900540
16264,1997,2900550
32088,1997,2900560
140203,1997,2900570
29825,1997,2900580
25279,1997,2900590
58049,1997,2900600
10032,1997,2900610
21350,1997,2900620
34565,1997,2900630
9732,1997,2900640
69745,1997,2900650
12522,1997,2900660
25855,1997,2900670
31090,1997,2900680
18080,1997,2900682
11430,1997,2900685
28247,1997,2900687
14025,1997,2900689
18125,1997,2900690
7556,1997,2900700
26257,1997,2900710
49599,1997,2900720
26923,1997,2900730
2987,1997,2900740
47942,1997,2900750
11045,1997,2900755
13701,1997,2900760
9334,1997,2900770
28754,1997,2900780
13084,1997,2900790
25402,1997,2900800
17347,1997,2900810
17434,1997,2900820
19955,1997,2900830
51753,1997,2900840
24579,1997,2900850
19587,1997,2900860
17967,1997,2900870
5098,1997,2900880
22582,1997,2900890
10720,1997,2900900
16359,1997,2900910
19945,1997,2900920
30138,1997,2900930
12330,1997,2900940
4860,1997,2900950
16838,1997,2900960
12926,1997,2900970
50355,1997,2900980
25307,1997,2900990
15862,1997,2901000
39660,1997,2901005
9970,1997,2901010
3583,1997,2901020
7935,1997,2901030
32392,1997,2901040
33870,1997,2901050
9632,1997,2900050
26586,1997,2901060
49128,1997,2901070
89938,1997,2901072
17864,1997,2901075
6470,1997,2901077
461468,1997,2901080
18351,1997,2901085
5914,1997,2901090
12649,1997,2901100
16278,1997,2901110
30681,1997,2901120
4868,1997,2901125
9150,1997,2901130
13366,1997,2901140
11531,1997,2901150
6769,1997,2900330
15872,1997,2901160
12907,1997,2901165
69607,1997,2901170
22930,1997,2901180
12347,1997,2901185
28163,1997,2901190
10747,1997,2901200
30085,1997,2901210
9271,1997,2901220
15386,1997,2901230
13907,1997,2901240
13531,1997,2901250
4462,1997,2901260
24026,1997,2901270
7201,1997,2901280
26710,1997,2901290
15161,1997,2901300
16969,1997,2901310
24242,1997,2901320
10285,1997,2901330
14974,1997,2901340
13408,1997,2901345
21564,1997,2901350
247107,1997,2901360
26038,1997,2901370
17593,1997,2901380
41491,1997,2901390
62930,1997,2901400
8500,1997,2901410
6734,1997,2901420
18073,1997,2901430
18379,1997,2901440
24925,1997,2901450
52449,1997,2901460
28142,1997,2901465
57206,1997,2901470
182936,1997,2901480
15970,1997,2901490
14474,1997,2901500
15370,1997,2901510
15250,1997,2901520
6696,1997,2901530
12737,1997,2901535
8640,1997,2901540
26525,1997,2901550
62158,1997,2901560
7701,1997,2901570
30824,1997,2901580
4416,1997,2901590
22954,1997,2901600
18833,1997,2901610
13882,1997,2901620
11294,1997,2901630
54468,1997,2901640
24318,1997,2901650
10284,1997,2901660
7390,1997,2901670
15393,1997,2901680
12069,1997,2901685
13961,1997,2901690
34925,1997,2901700
18181,1997,2901710
19467,1997,2901720
20726,1997,2901730
11382,1997,2901733
9769,1997,2901735
13533,1997,2901740
89492,1997,2901750
42230,1997,2901760
39084,1997,2901770
13483,1997,2901780
8960,1997,2901790
170475,1997,2901800
32636,1997,2901810
14245,1997,2901820
16641,1997,2901830
17269,1997,2901835
182861,1997,2901840
11626,1997,2901845
12651,1997,2901850
8583,1997,2901855
11671,1997,2901860
4701,1997,2901870
12061,1997,2901875
19880,1997,2901880
3744,1997,2901890
4264,1997,2901900
9387,1997,2901905
10180,1997,2901910
21814,1997,2901915
101691,1997,2901920
10049,1997,2901930
12741,1997,2901940
35131,1997,2901950
10754,1997,2901960
17954,1997,2901970
40205,1997,2901980
7119,1997,2901990
10096,1997,2901992
11933,1997,2901995
7059,1997,2902000
18327,1997,2902010
14902,1997,2902020
7652,1997,2902030
14965,1997,2902040
10988,1997,2902045
31520,1997,2902050
35160,1997,2902060
17927,1997,2902070
13366,1997,2902080
16027,1997,2902090
32927,1997,2902100
10090,1997,2902105
24354,1997,2902110
33627,1997,2902120
12627,1997,2902130
17844,1997,2902140
11103,1997,2902145
52734,1997,2902150
8811,1997,2902160
32090,1997,2902170
12494,1997,2902180
13637,1997,2902190
24309,1997,2902200
14755,1997,2902205
20928,1997,2902210
6849,1997,2902220
10012,1997,2902225
28340,1997,2902230
19189,1997,2902240
24564,1997,2902250
17519,1997,2902260
10759,1997,2902265
13873,1997,2902270
6820,1997,2902273
13069,1997,2902275
6452,1997,2902280
13190,1997,2902285
22762,1997,2902290
27723,1997,2902300
11607,1997,2902303
13857,1997,2902305
22930,1997,2902310
21343,1997,2902320
7541,1997,2902330
14786,1997,2902335
20707,1997,2902340
10461,1997,2902350
25470,1997,2902360
24039,1997,2902370
26643,1997,2902380
13381,1997,2902390
94979,1997,2902400
12321,1997,2902405
7151,1997,2902410
15219,1997,2902420
17857,1997,2902430
31308,1997,2902440
14354,1997,2902450
24636,1997,2902460
10346,1997,2902465
18743,1997,2902467
15319,1997,2902470
18914,1997,2902480
7447,1997,2902490
23740,1997,2902500
39956,1997,2902510
23849,1997,2902520
18256,1997,2902525
67945,1997,2902530
15334,1997,2902540
24541,1997,2902550
12407,1997,2902560
17985,1997,2902570
17406,1997,2902575
24128,1997,2902580
23872,1997,2902590
15018,1997,2902593
21038,1997,2902595
33942,1997,2902600
11632,1997,2902610
21527,1997,2902620
29798,1997,2902630
29139,1997,2902640
12677,1997,2902650
42109,1997,2902660
14420,1997,2902665
12805,1997,2902670
14004,1997,2902680
10428,1997,2902690
30717,1997,2902700
5595,1997,2902710
28182,1997,2902720
10181,1997,2902730
2245522,1997,2902740
17513,1997,2902750
17905,1997,2902760
18161,1997,2902770
7167,1997,2902780
10959,1997,2902790
16211,1997,2902805
42242,1997,2902810
22776,1997,2902840
8975,1997,2902850
31003,1997,2902800
23164,1997,2902820
8317,1997,2902830
57164,1997,2902860
75241,1997,2902870
39886,1997,2902880
18637,1997,2902890
8033,1997,2902895
20273,1997,2902910
13360,1997,2902900
12456,1997,2902905
25369,1997,2902920
18259,1997,2902925
26535,1997,2902930
6520,1997,2902935
16190,1997,2902937
10191,1997,2902940
38984,1997,2902950
15343,1997,2902960
16087,1997,2902970
9615,1997,2902975
18210,1997,2902980
41391,1997,2902990
7902,1997,2903000
85047,1997,2903010
30932,1997,2903020
29133,1997,2903015
19072,1997,2903030
16263,1997,2903040
79964,1997,2903050
12702,1997,2903060
79374,1997,2903070
9571,1997,2903075
14419,1997,2903076
20841,1997,2903077
18736,1997,2903080
11901,1997,2903090
21237,1997,2903100
14859,1997,2903105
7427,1997,2903110
19520,1997,2903120
13826,1997,2903130
100952,1997,2903135
8781,1997,2903140
19829,1997,2903150
11404,1997,2903160
13186,1997,2903170
25000,1997,2903180
43375,1997,2903190
23963,1997,2903200
27790,1997,2903210
23305,1997,2903220
24459,1997,2903230
13286,1997,2903240
16357,1997,2903245
32545,1997,2903250
17676,1997,2903260
23164,1997,2903270
18208,1997,2903280
78096,1997,2903290
17661,1997,2903300
14078,1997,2903305
11184,1997,2903310
11952,1997,2903315
8782,1997,2903317
28899,1997,2903320
6996,1997,2903325
246410,1997,2903330
9102,1997,2903340
13229,1997,2903345
23219,1997,2903350
40928,1997,2903360
6406,1997,3100010
22340,1997,3100020
12738,1997,3100030
3839,1997,3100040
11332,1997,3100050
16557,1997,3100060
2181,1997,3100070
3269,1997,3100080
17473,1997,3100090
11022,1997,3100100
24495,1997,3100110
6443,1997,3100120
2795,1997,3100130
2773,1997,3100140
32433,1997,3100150
60578,1997,3100160
4978,1997,3100163
32250,1997,3100170
6864,1997,3100180
15955,1997,3100190
12377,1997,3100200
3920,1997,3100205
7560,1997,3105350
12978,1997,3100210
5267,1997,3100220
14988,1997,3100230
3575,1997,3100240
5322,1997,3100250
29830,1997,3100260
12586,1997,3100280
5445,1997,3100285
10448,1997,3100290
9562,1997,3100300
1794,1997,3100310
2186,1997,3100320
2450,1997,3100330
35056,1997,3100340
96517,1997,3100350
2824,1997,3100360
7476,1997,3100370
5046,1997,3100375
2760,1997,3100380
6128,1997,3100390
75072,1997,3100400
7813,1997,3100410
30449,1997,3100420
11470,1997,3100430
3111,1997,3100440
3849,1997,3100445
17201,1997,3100450
11304,1997,3100460
15419,1997,3100470
4690,1997,3100480
16835,1997,3100490
7757,1997,3100500
21434,1997,3100510
5039,1997,3100520
4837,1997,3100530
23214,1997,3100540
6344,1997,3100550
109769,1997,3100560
8008,1997,3100570
19156,1997,3100590
10245,1997,3100600
3415,1997,3100610
2109225,1997,3100620
18555,1997,3100630
6932,1997,3100640
13046,1997,3100650
3245,1997,3100665
4109,1997,3100660
269029,1997,3100670
4566,1997,3100680
11953,1997,3100690
2777,1997,3100700
34590,1997,3100710
5156,1997,3100720
40785,1997,3100730
38139,1997,3100740
6893,1997,3100750
3373,1997,3100760
4882,1997,3100770
15853,1997,3100780
10818,1997,3100790
17165,1997,3100800
7223,1997,3100810
6448,1997,3100820
7322,1997,3100825
12526,1997,3100830
14891,1997,3100840
6642,1997,3100850
5253,1997,3100870
10402,1997,3100855
28352,1997,3100860
14763,1997,3100890
5571,1997,3100880
25003,1997,3100900
10542,1997,3100910
9837,1997,3100920
4060,1997,3100925
20338,1997,3100930
23373,1997,3100940
5470,1997,3100945
12470,1997,3100950
3724,1997,3100960
9982,1997,3100970
9290,1997,3100270
2271,1997,3100980
7665,1997,3100990
35276,1997,3101000
4151,1997,3101010
3735,1997,3101020
13192,1997,3101030
3385,1997,3101040
17281,1997,3101050
21081,1997,3101060
12173,1997,3101070
3500,1997,3101080
13947,1997,3101090
18407,1997,3101100
18600,1997,3101110
3170,1997,3101115
47922,1997,3101120
10938,1997,3101130
4700,1997,3101140
11871,1997,3101150
24430,1997,3101160
5618,1997,3101190
4796,1997,3101170
10256,1997,3101180
14125,1997,3101200
3603,1997,3101205
4583,1997,3101210
5086,1997,3101220
29136,1997,3101230
7350,1997,3101240
7250,1997,3101250
14962,1997,3101260
4440,1997,3101265
13429,1997,3101270
7512,1997,3101280
8250,1997,3101290
19362,1997,3101300
3626,1997,3101310
20863,1997,3101320
31482,1997,3101330
72606,1997,3101340
9358,1997,3101350
5605,1997,3101360
23461,1997,3101370
2181,1997,3101380
10923,1997,3101390
10464,1997,3101400
11909,1997,3101410
16443,1997,3101420
28815,1997,3101430
18698,1997,3101440
14421,1997,3101450
9027,1997,3101455
3961,1997,3101460
2871,1997,3101470
4730,1997,3101480
2200,1997,3101490
2208,1997,3101500
17442,1997,3101510
62708,1997,3101530
4029,1997,3101535
3389,1997,3101540
6090,1997,3101545
5089,1997,3101547
21617,1997,3101550
1266,1997,3101560
6065,1997,3101570
10056,1997,3101580
4549,1997,3101590
5033,1997,3101600
14124,1997,3101610
4931,1997,3101615
3036,1997,3101620
6501,1997,3101630
3916,1997,3101640
7222,1997,3101650
21092,1997,3101660
6259,1997,3101670
8421,1997,3101680
2792,1997,3101690
10181,1997,3101700
9260,1997,3101710
4074,1997,3101520
15607,1997,3101730
2673,1997,3101720
4394,1997,3101740
19119,1997,3101750
4897,1997,3101760
11244,1997,3101770
8147,1997,3101780
6476,1997,3101783
4384,1997,3101787
7922,1997,3101790
39829,1997,3101800
4872,1997,3101810
6556,1997,3101820
95642,1997,3101830
21903,1997,3101840
1797,1997,3101850
503013,1997,3101860
8558,1997,3101870
26375,1997,3101880
8963,1997,3101890
3261,1997,3101900
24597,1997,3101910
10096,1997,3101920
26432,1997,3101930
94098,1997,3101940
9806,1997,3101950
3008,1997,3101960
3190,1997,3101970
3616,1997,3101980
3940,1997,3101990
4879,1997,3101995
3583,1997,3102000
4278,1997,3102010
5210,1997,3102015
9177,1997,3102020
5030,1997,3102030
4749,1997,3102040
11890,1997,3102050
4192,1997,3102060
3280,1997,3102070
13475,1997,3102080
4148,1997,3102083
5220,1997,3102087
65205,1997,3102090
5192,1997,3102100
7933,1997,3102110
6343,1997,3102120
5155,1997,3102125
4536,1997,3102130
6758,1997,3102140
3259,1997,3102150
43263,1997,3102160
3876,1997,3102170
9038,1997,3102180
3183,1997,3102190
17462,1997,3102200
4988,1997,3102210
6621,1997,3102220
176578,1997,3102230
4357,1997,3102235
5302,1997,3102240
5891,1997,3102245
3978,1997,3102247
5695,1997,3102250
5048,1997,3102260
5263,1997,3102270
3191,1997,3102280
5281,1997,3102290
7987,1997,3102300
5383,1997,3102310
14886,1997,3102320
4673,1997,3102330
1402,1997,3102340
1695,1997,3102350
6643,1997,3102352
20425,1997,3102360
8612,1997,3102370
6661,1997,3102380
4888,1997,3102385
12980,1997,3102390
15750,1997,3102400
34863,1997,3102410
18572,1997,3102420
31918,1997,3102430
4107,1997,3102440
10089,1997,3102450
2875,1997,3102460
3746,1997,3102470
7024,1997,3102480
9640,1997,3102490
3483,1997,3102500
19505,1997,3102510
2265,1997,3102520
3613,1997,3102530
5440,1997,3102540
7544,1997,3102560
12045,1997,3102570
2848,1997,3102580
12113,1997,3102590
9197,1997,3102595
5418,1997,3102600
60326,1997,3102610
6123,1997,3102620
3687,1997,3102630
2276,1997,3102640
10381,1997,3102650
4181,1997,3102660
23362,1997,3102670
6531,1997,3102675
6623,1997,3102680
8355,1997,3102690
3041,1997,3102695
8467,1997,3102700
5116,1997,3102705
7152,1997,3102707
46930,1997,3102710
2914,1997,3102720
7278,1997,3102730
4861,1997,3102733
2552,1997,3102735
2544,1997,3102737
3287,1997,3102738
3495,1997,3102740
5600,1997,3102750
11385,1997,3102760
231421,1997,3102770
13639,1997,3102780
1505,1997,3102790
26828,1997,3102800
13556,1997,3102810
10336,1997,3102820
4101,1997,3102825
18018,1997,3102830
8153,1997,3102840
4195,1997,3102850
6574,1997,3102860
44518,1997,3102870
7218,1997,3102880
5754,1997,3102890
9321,1997,3102900
6986,1997,3102910
5535,1997,3102920
9436,1997,3102930
4924,1997,3102940
20302,1997,3102950
7022,1997,3102960
5780,1997,3102965
8290,1997,3102970
113920,1997,3102980
2906,1997,3102990
2735,1997,3103000
8200,1997,3103005
18393,1997,3103010
7054,1997,3103020
8871,1997,3103030
5031,1997,3103040
10032,1997,3103050
4699,1997,3103055
6348,1997,3103060
6814,1997,3103065
5667,1997,3103070
2426,1997,3103080
25055,1997,3103090
4673,1997,3103100
5518,1997,3103110
13679,1997,3103115
16008,1997,3103120
199714,1997,3103130
3889,1997,3103140
8566,1997,3103150
4923,1997,3103160
97813,1997,3103170
9476,1997,3103180
36197,1997,3103190
4708,1997,3103200
15823,1997,3103210
11349,1997,3103220
9582,1997,3103230
80895,1997,3103240
28352,1997,3103250
3505,1997,3103260
22756,1997,3103270
2550,1997,3103280
9961,1997,3103290
11501,1997,3103300
12564,1997,3103310
11675,1997,3103320
21978,1997,3103330
11330,1997,3103340
21949,1997,3103350
6674,1997,3103360
8492,1997,3103370
12709,1997,3103375
71747,1997,3103380
6647,1997,3103390
14731,1997,3103400
5816,1997,3103410
88776,1997,3103420
6444,1997,3103430
26331,1997,3103440
4193,1997,3103450
12367,1997,3103460
11810,1997,3103470
7399,1997,3103480
15726,1997,3103490
2533,1997,3103500
23908,1997,3103505
4945,1997,3103507
59016,1997,3103510
63686,1997,3103520
3513,1997,3103530
6454,1997,3103535
5918,1997,3103540
7046,1997,3103545
13435,1997,3103550
8034,1997,3103560
5238,1997,3103570
23731,1997,3103580
4657,1997,3103590
15066,1997,3103600
6537,1997,3103610
62420,1997,3103620
38904,1997,3103630
3966,1997,3103640
10224,1997,3103650
4445,1997,3103652
3800,1997,3103655
3977,1997,3103657
12678,1997,3103665
434075,1997,3103670
3771,1997,3103680
7030,1997,3103690
6888,1997,3103695
15174,1997,3103700
7940,1997,3103710
35374,1997,3103720
4631,1997,3103730
11190,1997,3103740
15847,1997,3103750
7117,1997,3103753
31601,1997,3103760
16021,1997,3103770
17728,1997,3103780
3468,1997,3103790
5852,1997,3103800
6160,1997,3103810
74945,1997,3103820
3102,1997,3103830
4497,1997,3103835
47111,1997,3103840
5971,1997,3103850
14969,1997,3103860
6369,1997,3103862
7191,1997,3103865
5283,1997,3103867
5003,1997,3103868
5504,1997,3103870
17161,1997,3103880
6715,1997,3103890
32498,1997,3103900
4425,1997,3103910
17893,1997,3103920
6359,1997,3103925
21253,1997,3103930
59507,1997,3103940
17368,1997,3103950
27356,1997,3103960
10333,1997,3103980
6221,1997,3103970
14602,1997,3103990
40687,1997,3104000
4365,1997,3104010
7755,1997,3104015
2582,1997,3104020
3896,1997,3104030
3294,1997,3104040
11101,1997,3104050
4164,1997,3104053
6566,1997,3104055
4874,1997,3104060
21288,1997,3104070
3734,1997,3107150
12604,1997,3104080
9430,1997,3104085
14474,1997,3104090
12508,1997,3104100
27454,1997,3104110
3914,1997,3104120
2901,1997,3104130
20514,1997,3104140
6456,1997,3104150
10030,1997,3104160
6432,1997,3104170
28839,1997,3104180
4005,1997,3104190
10528,1997,3104200
9188,1997,3104210
14081,1997,3104220
3696,1997,3104225
4307,1997,3104230
6062,1997,3104240
2623,1997,3104250
6559,1997,3104260
16242,1997,3104270
18596,1997,3104280
23586,1997,3104290
12662,1997,3104300
41046,1997,3104310
4114,1997,3104315
20025,1997,3104320
19039,1997,3104340
276980,1997,3104330
6724,1997,3104345
6781,1997,3104350
2882,1997,3104360
3934,1997,3104370
6364,1997,3104380
85896,1997,3104390
25427,1997,3104400
19240,1997,3104410
3532,1997,3104420
40669,1997,3104430
5262,1997,3104435
2912,1997,3104437
4435,1997,3104440
7268,1997,3104450
25060,1997,3104460
8315,1997,3104465
4488,1997,3104467
17369,1997,3104470
58520,1997,3104480
4164,1997,3104490
8034,1997,3104500
6684,1997,3104505
12970,1997,3104510
28239,1997,3104520
5201,1997,3103660
26176,1997,3104530
8470,1997,3104535
4002,1997,3104537
2160,1997,3104540
3857,1997,3104545
2110,1997,3104550
36015,1997,3104560
2278,1997,3104570
2683,1997,3104580
4327,1997,3104585
5721,1997,3104587
30599,1997,3104590
27907,1997,3104600
61431,1997,3104610
8916,1997,3104620
4820,1997,3104625
17165,1997,3104630
5235,1997,3104655
4975,1997,3104640
9125,1997,3104650
1593,1997,3104660
7016,1997,3104670
7425,1997,3104675
13204,1997,3104690
70464,1997,3104710
69911,1997,3104700
18305,1997,3104720
16686,1997,3104730
19133,1997,3104740
14384,1997,3104760
8031,1997,3104770
2234,1997,3104780
1962,1997,3104750
94323,1997,3104790
4246,1997,3104795
115147,1997,3104800
70354,1997,3104810
4680,1997,3104820
9185,1997,3104830
5046,1997,3104840
13703,1997,3104850
17539,1997,3104860
23447,1997,3104870
5293,1997,3104875
3884,1997,3104880
3737,1997,3104890
1691,1997,3104900
11687,1997,3104910
7512,1997,3104915
5339,1997,3104920
48639,1997,3104930
1656,1997,3104940
2924,1997,3104950
3573,1997,3104960
4989,1997,3104970
10484,1997,3104980
18265,1997,3104990
7181,1997,3104995
4425,1997,3105000
3084,1997,3105010
4886,1997,3105015
3959,1997,3105020
4934,1997,3105030
3941,1997,3105040
7656,1997,3105050
3641,1997,3105053
5709,1997,3105057
6371,1997,3105060
2856,1997,3105070
17177,1997,3105080
4824,1997,3105090
6625,1997,3105100
10920,1997,3105110
49252,1997,3105120
10576,1997,3105130
22773,1997,3105140
27527,1997,3105150
8302,1997,3105160
14141,1997,3105170
124750,1997,3105180
10076,1997,3105190
23887,1997,3105200
54959,1997,3105210
2704,1997,3105213
9616,1997,3105217
34957,1997,3105220
9515,1997,3105230
14806,1997,3105240
95718,1997,3105250
6621,1997,3105260
7538,1997,3105270
20497,1997,3105280
9359,1997,3105290
2783,1997,3105300
5378,1997,3105310
4491,1997,3105320
2493,1997,3105330
17176,1997,3105340
8287,1997,3105360
3125,1997,3105370
1941,1997,3105380
14792,1997,3105390
24746,1997,3105400
10635,1997,3105410
4763,1997,3105415
9812,1997,3105420
17402,1997,3105430
4514,1997,3105440
8144,1997,3105445
10700,1997,3105450
210283,1997,3105460
3571,1997,3105470
7749,1997,3105480
14889,1997,3105490
5641,1997,3105510
2325,1997,3105500
6957,1997,3105520
4174,1997,3105530
8573,1997,3105540
11088,1997,3105550
25976,1997,3105560
14302,1997,3105570
15735,1997,3105580
4727,1997,3105590
14964,1997,3105600
5606,1997,3105610
1981,1997,3105620
4417,1997,3105630
3451,1997,3105640
3440,1997,3105645
8707,1997,3105650
9713,1997,3105660
103232,1997,3105670
16440,1997,3105680
20844,1997,3105690
34447,1997,3105700
7227,1997,3105710
23355,1997,3105720
6611,1997,3105725
2603,1997,3105727
4563,1997,3105730
6657,1997,3105733
4374,1997,3105737
5437,1997,3105740
4738,1997,3105750
3921,1997,3105760
4916,1997,3105765
10610,1997,3105770
157926,1997,3105780
13621,1997,3105790
10285,1997,3105800
4911,1997,3105810
14709,1997,3105820
9571,1997,3105920
3680,1997,3105940
5232,1997,3105930
4403,1997,3105935
5982,1997,3105950
30047,1997,3105960
2902,1997,3105970
16970,1997,3105980
7174,1997,3105830
3168,1997,3105840
8391,1997,3105850
3146,1997,3105860
1887,1997,3105870
4418,1997,3105880
7782,1997,3105890
16120,1997,3105895
3581,1997,3105900
4030,1997,3105910
15959,1997,3105990
3464,1997,3106000
4533,1997,3106010
4769,1997,3106020
10945,1997,3106030
20982,1997,3106040
5981,1997,3106045
1716,1997,3106050
3684,1997,3106060
46028,1997,3106070
3096,1997,3106080
3238,1997,3106090
4299,1997,3106095
17788,1997,3106100
3323,1997,3106105
51814,1997,3106110
6248,1997,3106120
5222,1997,3106130
5422,1997,3106140
7236,1997,3106150
4987,1997,3106160
2612,1997,3106165
5098,1997,3106170
7955,1997,3106180
8618,1997,3106190
3133,1997,3102550
20900,1997,3106200
23062,1997,3106210
5319,1997,3106220
4236,1997,3106225
2658,1997,3106230
23738,1997,3106240
6919,1997,3106245
76059,1997,3106250
7922,1997,3106255
4348,1997,3106257
8357,1997,3106260
3725,1997,3106265
19078,1997,3106270
15172,1997,3106280
24019,1997,3106290
13521,1997,3106292
5538,1997,3106294
12570,1997,3106295
3669,1997,3106300
3034,1997,3106310
3378,1997,3106320
3887,1997,3106330
6059,1997,3106340
6496,1997,3106350
2257,1997,3106360
34660,1997,3106370
6599,1997,3106380
5099,1997,3106390
7541,1997,3106410
9332,1997,3106400
7380,1997,3106420
6166,1997,3106430
4322,1997,3106440
2398,1997,3106443
3825,1997,3106447
11753,1997,3106450
4629,1997,3106460
55109,1997,3106470
1564,1997,3106480
1975,1997,3106490
5746,1997,3106520
9806,1997,3106500
6427,1997,3106510
5829,1997,3106530
5072,1997,3106540
4320,1997,3106550
13418,1997,3106553
3420,1997,3106556
4971,1997,3106557
1945,1997,3106560
6457,1997,3106570
1974,1997,3106580
5366,1997,3106590
4942,1997,3106600
3784,1997,3106610
9814,1997,3106620
6479,1997,3106630
1744,1997,3106640
4060,1997,3106650
831,1997,3106660
10385,1997,3106680
8600,1997,3106670
7402,1997,3106690
4081,1997,3106695
2139,1997,3106700
20612,1997,3106710
173156,1997,3106720
8324,1997,3106555
2009,1997,3106730
5516,1997,3106740
2208,1997,3106750
16831,1997,3106760
6285,1997,3106770
5244,1997,3106780
4463,1997,3106790
22167,1997,3106800
2964,1997,3106805
3268,1997,3106810
1888,1997,3106820
3358,1997,3106830
15939,1997,3106840
10800,1997,3106850
126380,1997,3106860
67295,1997,3106870
5391,1997,3106880
10643,1997,3106890
14531,1997,3106900
3707,1997,3106905
5203,1997,3106910
10504,1997,3106920
61641,1997,3106930
24772,1997,3106935
47835,1997,3106940
5341,1997,3106950
21091,1997,3106960
16368,1997,3106970
3728,1997,3106980
79272,1997,3106990
10879,1997,3107000
11271,1997,3107005
238664,1997,3107010
456920,1997,3107020
2969,1997,3107030
65977,1997,3107040
4372,1997,3107043
3077,1997,3107047
9399,1997,3107050
7243,1997,3107052
5563,1997,3107057
2115,1997,3107060
3802,1997,3107065
103197,1997,3107070
3425,1997,3107075
31919,1997,3107080
17469,1997,3107090
18995,1997,3107100
6874,1997,3107103
5383,1997,3107107
3214,1997,3107110
4195,1997,3107115
62622,1997,3107120
59024,1997,3107130
4014,1997,3107140
13741,1997,3107160
8473,1997,3107170
11110,1997,3107180
6317,1997,3107190
31276,1997,3107200
4706,1997,3107210
2305,1997,3107220
30483,1997,3200010
12841,1997,3200016
9720,1997,3200013
32035,1997,3200020
13183,1997,3200030
7111,1997,3200035
17823,1997,3200040
6818,1997,3200050
61339,1997,3200060
7143,1997,3200070
26514,1997,3200080
36869,1997,3200090
13429,1997,3200100
8743,1997,3200110
10007,1997,3200115
152096,1997,3200120
307828,1997,3200130
29449,1997,3200140
105591,1997,3200150
26267,1997,3200160
10069,1997,3200170
4454,1997,3200180
26144,1997,3200190
5738,1997,3200200
21720,1997,3200210
11708,1997,3200220
24501,1997,3200230
75926,1997,3200240
16793,1997,3200245
9748,1997,3200250
8061,1997,3200255
11476,1997,3200260
10208,1997,3200265
14355,1997,3200270
25928,1997,3200280
10949,1997,3200290
24907,1997,3200300
17773,1997,3200305
9710,1997,3200310
14462,1997,3200313
10478,1997,3200316
104337,1997,3200320
12064,1997,3200330
26845,1997,3200332
11259,1997,3200334
9511,1997,3200335
25079,1997,3200340
17859,1997,3200350
6247,1997,3200360
19535,1997,3200370
13065,1997,3200380
42050,1997,3200390
19878,1997,3200400
22774,1997,3200405
20946,1997,3200410
12625,1997,3200420
6843,1997,3200425
9635,1997,3200430
16110,1997,3200435
10846,1997,3200440
11942,1997,3200450
26338,1997,3200455
19669,1997,3200460
7211,1997,3200465
24882,1997,3200470
10507,1997,3200480
84971,1997,3200490
9426,1997,3200495
282395,1997,3200500
15016,1997,3200501
13743,1997,3200503
14532,1997,3200506
48908,1997,3200510
8788,1997,3200515
13849,1997,3200517
305370,1997,3200520
267646,1997,3200530
94144,1997,3300010
7450,1997,3300015
68769,1997,3300020
9175,1997,3300022
15312,1997,3300023
21919,1997,3300025
86879,1997,3300030
167567,1997,3300040
408949,1997,3300045
22180,1997,3300050
32786,1997,3300060
108138,1997,3300070
44240,1997,3300080
14852,1997,3300090
392849,1997,3300100
18966,1997,3300110
8463,1997,3300093
11865,1997,3300115
15316,1997,3300120
21036,1997,3300130
7482,1997,3300095
18511,1997,3300140
17584,1997,3300150
9958,1997,3300160
726875,1997,3300170
12658,1997,3300180
34311,1997,3300185
10100,1997,3300187
165961,1997,3300190
71805,1997,3300200
13320,1997,3300205
23378,1997,3300210
84090,1997,3300220
22320,1997,3300225
76028,1997,3300227
7599,1997,3300230
117758,1997,3300240
5786,1997,3300245
187964,1997,3300250
20708,1997,3300260
62675,1997,3300270
17344,1997,3300280
20279,1997,3300290
24363,1997,3300300
15265,1997,3300310
154569,1997,3300320
453907,1997,3300330
169786,1997,3300340
839600,1997,3300350
40128,1997,3300360
33618,1997,3300370
28539,1997,3300380
22557,1997,3300385
273210,1997,3300390
18200,1997,3300395
23622,1997,3300400
15665,1997,3300410
8893,1997,3300411
10207,1997,3300412
110940,1997,3300414
13017,1997,3300415
96442,1997,3300420
46828,1997,3300430
14691,1997,3300440
6325,1997,3300450
29569,1997,3300452
5569181,1997,3300455
10772,1997,3300460
34277,1997,3300470
36979,1997,3300480
36434,1997,3300475
846731,1997,3300490
28619,1997,3300500
436455,1997,3300510
5899,1997,3300513
16264,1997,3300515
57629,1997,3300520
8186,1997,3300530
17204,1997,3300540
45761,1997,3300550
56252,1997,3300555
19203,1997,3300560
13497,1997,3300570
24039,1997,3300575
126222,1997,3300580
10527,1997,3300590
66361,1997,3300600
61739,1997,3300610
7693,1997,3300615
29168,1997,3300620
235275,1997,3300630
33044,1997,3500010
3394,1997,3500020
27422,1997,3500030
7305,1997,3500040
14112,1997,3500050
4403,1997,3500055
1733,1997,3500060
31577,1997,3500070
3470,1997,3500075
3658,1997,3500080
3578,1997,3500090
14004,1997,3500100
4308,1997,3500110
13101,1997,3500115
4493,1997,3500120
22333,1997,3500130
3051,1997,3500140
2681,1997,3500150
171462,1997,3500160
24959,1997,3500170
5516,1997,3500180
56541,1997,3500190
3579,1997,3500200
54055,1997,3500210
18063,1997,3500220
4338,1997,3500230
3083,1997,3500240
34609,1997,3500250
4798,1997,3500260
23800,1997,3500270
9915,1997,3500275
165076,1997,3500280
17846,1997,3500290
4255,1997,3500300
5352,1997,3500310
2356,1997,3500315
170773,1997,3500320
97873,1997,3500330
2043,1997,3500335
6590,1997,3500340
3492,1997,3500350
10235,1997,3500360
7068,1997,3500370
27067,1997,3500380
52782,1997,3500390
1968,1997,3500395
84758,1997,3500400
97206,1997,3500410
13524,1997,3500420
4561,1997,3500430
8462,1997,3500440
72382,1997,3500450
8507,1997,3500460
1442,1997,3500470
7181,1997,3500480
8895,1997,3500490
2637,1997,3500500
5935,1997,3500510
26016,1997,3500520
33487,1997,3500530
5049,1997,3500535
7276,1997,3500540
101951,1997,3500550
22827,1997,3500560
188840,1997,3500570
20098,1997,3500580
48934,1997,3500590
300409,1997,3500600
74053,1997,3500610
2281,1997,3500620
10469,1997,3500630
17718,1997,3500635
5771,1997,3500640
88867,1997,3500650
20928,1997,3500660
11714,1997,3500670
8923,1997,3500680
7001,1997,3500690
29710,1997,3500700
11103,1997,3500710
2833,1997,3500715
774,1997,3500720
3575,1997,3500730
12573,1997,3500740
1836,1997,3500745
103398,1997,3500750
112627,1997,3500760
4400,1997,3500770
2141,1997,3500775
16183,1997,3500780
17777,1997,3500790
16969,1997,3500800
13763,1997,3500810
3132,1997,3500820
4692,1997,3500830
24521,1997,3500840
68695,1997,3500850
25971,1997,3500860
17631,1997,3500870
15343,1997,3500880
3647,1997,3500890
59828,1997,3500900
3214,1997,3500910
44174,1997,3500920
27820,1997,3500925
10364,1997,3500930
19212,1997,3500940
4739,1997,3500945
924194,1997,3500950
54400,1997,3500960
35757,1997,3500970
4208,1997,3500980
9478,1997,3500990
3074,1997,3500995
28774,1997,3501000
2518,1997,3501010
2975,1997,3501015
46080,1997,3501020
13133,1997,3501030
39006,1997,3501040
70112,1997,3501050
338908,1997,3501060
11321,1997,3501070
24617,1997,3501080
2774,1997,3501090
15392,1997,3501100
103476,1997,3501110
6853,1997,3501120
6020,1997,3501130
14235,1997,3501140
25983,1997,3501150
13292,1997,3501160
13101,1997,3501170
12674,1997,3505720
5057,1997,3501190
16526,1997,3501200
6294,1997,3501210
23557,1997,3501220
13389,1997,3501230
15990,1997,3501240
4364,1997,3501250
5589,1997,3501260
3667,1997,3501270
40659,1997,3501280
7230,1997,3501290
131819,1997,3501300
24453,1997,3501310
6427,1997,3501320
2707,1997,3501330
72768,1997,3501340
99158,1997,3501350
21382,1997,3501360
27249,1997,3501370
327562,1997,3501380
1639,1997,3501385
11366,1997,3501390
7206,1997,3501400
22549,1997,3501410
2153,1997,3501420
8451,1997,3501430
40383,1997,3501440
11647,1997,3501450
5597,1997,3501460
6461,1997,3501470
14143,1997,3501480
12729,1997,3501490
2589,1997,3501492
2486,1997,3501495
205512,1997,3501500
43963,1997,3501510
2730,1997,3501512
9106,1997,3501515
38414,1997,3501518
3132,1997,3501519
8416,1997,3505730
7915,1997,3501520
2788,1997,3501530
10437,1997,3501535
14730,1997,3501540
5309,1997,3501560
59527,1997,3501550
1424,1997,3501565
128404,1997,3501570
2221,1997,3501580
3319,1997,3501590
11500,1997,3501600
3272,1997,3501610
275747,1997,3501620
111783,1997,3501630
102269,1997,3501640
2373,1997,3501650
7415,1997,3501660
40190,1997,3501670
3676,1997,3501680
4514,1997,3501685
10639,1997,3501690
9114,1997,3501700
4104,1997,3501710
8783,1997,3501720
4845,1997,3501730
33761,1997,3501740
13095,1997,3501750
19400,1997,3501760
18571,1997,3501770
9053,1997,3501780
8854,1997,3501790
2060,1997,3501800
5577,1997,3501810
27842,1997,3501820
18009,1997,3501830
100186,1997,3501840
8964,1997,3501850
30700,1997,3501860
230394,1997,3501870
1018393,1997,3501880
6147,1997,3501885
4533,1997,3501890
7593,1997,3501900
6935,1997,3501905
123166,1997,3501907
8261,1997,3501910
6608,1997,3501920
2717,1997,3501925
24444,1997,3501930
9487,1997,3501940
5754,1997,3501950
43187,1997,3501960
58172,1997,3501970
6762,1997,3501980
7070,1997,3501990
23528,1997,3502000
26800,1997,3502010
5996,1997,3502020
26273,1997,3502030
3567,1997,3502042
22329,1997,3502044
12943,1997,3502040
127132,1997,3502050
4770,1997,3502060
4379,1997,3502070
3125,1997,3502080
13335,1997,3502090
14884,1997,3502100
3470,1997,3502110
2775,1997,3502115
4773,1997,3502120
11209,1997,3502130
14614,1997,3502140
6444,1997,3502150
7845,1997,3502160
18813,1997,3502170
17258,1997,3502180
13886,1997,3502190
2230,1997,3502200
60354,1997,3502210
3346,1997,3502215
116319,1997,3502220
114960,1997,3502230
79287,1997,3502240
139893,1997,3502250
61979,1997,3502260
3090,1997,3502265
36962,1997,3502270
14458,1997,3502280
10081,1997,3502290
3821,1997,3502300
244149,1997,3502310
45914,1997,3502320
11688,1997,3502330
74473,1997,3502340
14033,1997,3502350
11239,1997,3502360
5477,1997,3502370
6808,1997,3502380
126322,1997,3502390
21472,1997,3502400
34406,1997,3502410
6459,1997,3502420
64001,1997,3502430
168719,1997,3502440
3297,1997,3502450
15958,1997,3502460
26422,1997,3502470
44640,1997,3502480
3483,1997,3502490
78387,1997,3502500
24824,1997,3502510
12903,1997,3502520
105966,1997,3502530
3191,1997,3502540
9597,1997,3502550
3759,1997,3502560
26255,1997,3502570
3976,1997,3502580
1876,1997,3502585
294396,1997,3502590
15771,1997,3502600
19050,1997,3502610
22277,1997,3502620
5196,1997,3502630
21123,1997,3502640
5130,1997,3502650
5705,1997,3502660
80959,1997,3502670
52913,1997,3502680
235978,1997,3502690
5124,1997,3502700
61304,1997,3502710
73918,1997,3502720
2064,1997,3502725
18422,1997,3502730
17064,1997,3502740
2251,1997,3502750
7176,1997,3502760
3989,1997,3502770
3903,1997,3502780
2703,1997,3502790
16698,1997,3502800
7156,1997,3502810
3550,1997,3502820
3546,1997,3502830
32977,1997,3502840
51902,1997,3502850
7096,1997,3502860
3715,1997,3502870
12662,1997,3502880
1991,1997,3502885
3832,1997,3502890
181742,1997,3502900
2256,1997,3502910
21778,1997,3502920
69845,1997,3502930
354856,1997,3502940
3290,1997,3502950
3497,1997,3502960
2013,1997,3502965
19030,1997,3502970
11484,1997,3502980
2592,1997,3503000
21429,1997,3502990
25234,1997,3503010
16139,1997,3503020
44708,1997,3503030
3547,1997,3503040
65058,1997,3503050
117979,1997,3503070
322537,1997,3503060
78371,1997,3503080
2885,1997,3503090
1985,1997,3503100
28155,1997,3503110
6118,1997,3503120
43555,1997,3503130
18250,1997,3503140
19480,1997,3503150
4149,1997,3503160
32091,1997,3503180
3275,1997,3503170
23731,1997,3503190
10066,1997,3503200
3716,1997,3503205
3581,1997,3503210
2202,1997,3503215
3931,1997,3503220
6817,1997,3503230
12015,1997,3503240
8489,1997,3503250
9841,1997,3503260
3329,1997,3503270
4267,1997,3503280
5777,1997,3503282
2416,1997,3503284
959,1997,3503286
7068,1997,3503290
16809,1997,3503300
2136,1997,3503310
2179,1997,3503320
2752,1997,3503330
38155,1997,3503340
3264,1997,3503325
31502,1997,3503350
6233,1997,3503360
4472,1997,3503370
2846,1997,3503380
45260,1997,3503390
2941,1997,3503400
5701,1997,3503410
3683,1997,3503420
34830,1997,3503430
636548,1997,3503440
2459,1997,3503450
30032,1997,3503460
90375,1997,3503470
6894,1997,3503480
5544,1997,3503475
11254,1997,3503490
8762,1997,3503500
9756,1997,3503510
10338,1997,3503520
19901,1997,3503530
12822,1997,3503540
38295,1997,3503550
14009,1997,3503560
5657,1997,3503570
12312,1997,3503580
3826,1997,3503590
10594,1997,3503600
4226,1997,3503610
16475,1997,3503620
1657,1997,3503625
10691,1997,3503630
4315,1997,3503640
46220,1997,3503650
1594,1997,3503657
8578,1997,3503660
34584,1997,3503670
5146,1997,3503680
2821,1997,3503690
15083,1997,3503700
33174,1997,3503710
2594,1997,3503715
7602,1997,3503720
52433,1997,3503730
25177,1997,3503740
5484,1997,3503750
43065,1997,3503760
4674,1997,3503770
40936,1997,3503780
24140,1997,3503790
116898,1997,3503800
13370,1997,3503810
10512,1997,3503820
3377,1997,3503830
15225,1997,3503850
20642,1997,3503860
308913,1997,3503870
26630,1997,3503880
17871,1997,3503890
10109,1997,3503900
10941,1997,3503910
22146,1997,3503920
63943,1997,3503930
10086,1997,3503940
30114,1997,3503950
3172,1997,3503960
2993,1997,3503970
86434,1997,3503980
4775,1997,3503990
17021,1997,3504000
3484,1997,3504010
28000,1997,3504020
3306,1997,3504025
2502,1997,3504030
4389,1997,3504040
5813,1997,3504050
44448,1997,3504060
45661,1997,3504070
12988,1997,3504075
11834,1997,3504080
1402,1997,3504085
12353,1997,3504090
157094,1997,3504100
3653,1997,3504105
4011,1997,3504110
12064,1997,3504120
37011,1997,3504130
180330,1997,3504140
35765,1997,3504150
30388,1997,3504160
2238,1997,3504165
12451,1997,3504170
2132,1997,3504180
8507,1997,3504190
5048,1997,3504200
8862,1997,3504210
28522,1997,3504220
3677,1997,3504230
16594,1997,3504240
4962,1997,3504250
49251,1997,3504260
5001,1997,3504270
3816,1997,3504280
10892,1997,3504290
18927,1997,3504300
3591,1997,3504310
4390,1997,3504320
2186,1997,3504323
7325,1997,3504325
101479,1997,3504330
462579,1997,3504340
3376,1997,3504360
10581,1997,3504370
10042,1997,3504380
157166,1997,3504390
23202,1997,3504400
36135,1997,3504410
7554,1997,3504420
8236,1997,3504350
21980,1997,3504425
7694,1997,3504430
2445,1997,3504440
2535,1997,3504450
4782,1997,3504460
2403,1997,3504470
3864,1997,3504480
8364,1997,3504490
13835,1997,3504500
4486,1997,3504510
5303,1997,3504515
90429,1997,3504520
31708,1997,3504530
7103,1997,3504540
2732,1997,3504550
12638,1997,3504560
5506,1997,3504570
164998,1997,3504580
20891,1997,3504600
2314,1997,3504610
3222,1997,3504620
1749,1997,3504625
24414,1997,3504630
38374,1997,3504640
5522,1997,3504650
26122,1997,3504660
14178,1997,3504670
42176,1997,3504680
7619,1997,3504690
4526,1997,3504700
2603,1997,3504710
2861,1997,3504740
25085,1997,3504750
20375,1997,3504760
1347,1997,3504765
1961,1997,3504720
59607,1997,3504730
21079,1997,3504770
627702,1997,3504780
5554,1997,3504790
15021,1997,3504800
6653,1997,3504805
6171,1997,3504810
5912,1997,3504820
2330,1997,3504830
3751,1997,3504840
410944,1997,3504850
9365,1997,3504860
683711,1997,3504870
137408,1997,3504880
179830,1997,3504890
2704,1997,3504900
75176,1997,3504910
2605,1997,3504920
1461,1997,3504925
2276,1997,3504930
40874,1997,3504940
7908,1997,3504950
4132,1997,3504960
48592,1997,3504970
334151,1997,3504980
497462,1997,3504990
10566,1997,3504995
10316,1997,3505000
35366,1997,3505010
28046,1997,3505020
9887614,1997,3505030
24292,1997,3505040
6632,1997,3505050
62651,1997,3505060
45611,1997,3505070
11339,1997,3505080
12773,1997,3505090
282248,1997,3505100
7136,1997,3505110
3270,1997,3505120
2529,1997,3505130
7224,1997,3505140
22481,1997,3505160
27651,1997,3505150
92111,1997,3505170
13303,1997,3505180
13306,1997,3505190
5338,1997,3505200
30879,1997,3505210
444665,1997,3505220
7963,1997,3505230
174802,1997,3505240
2806,1997,3505255
186201,1997,3505250
10239,1997,3505260
12782,1997,3505270
188097,1997,3505280
5145,1997,3505290
7210,1997,3505300
5484,1997,3505310
5397,1997,3505320
21630,1997,3505330
23900,1997,3505340
7505,1997,3505350
12953,1997,3505360
2715,1997,3505365
51314,1997,3505370
20388,1997,3505380
3647,1997,3505385
5874,1997,3505390
10527,1997,3505395
88127,1997,3505400
223538,1997,3505410
5189,1997,3505420
19665,1997,3505430
8145,1997,3505440
28994,1997,3505450
2668,1997,3505460
1638,1997,3505465
8336,1997,3505470
1382,1997,3505475
33388,1997,3505480
4855,1997,3505490
4812,1997,3505495
61397,1997,3505500
13282,1997,3505510
1912,1997,3505520
2486,1997,3505530
4025,1997,3505535
57249,1997,3505540
3654,1997,3505550
9116,1997,3505560
1380,1997,3505570
8513,1997,3505580
1537,1997,3505590
11304,1997,3505600
7103,1997,3505610
76066,1997,3505620
18077,1997,3505630
6370,1997,3505635
34790,1997,3505640
27764,1997,3505645
81304,1997,3505650
11375,1997,3505660
40181,1997,3505670
14701,1997,3505680
4348,1997,3505690
1559,1997,3505695
88895,1997,3505700
71229,1997,3505710
1751,1997,3505715
10412,1997,4100010
6956,1997,4100020
6594,1997,4100030
75715,1997,4100040
6910,1997,4100045
12420,1997,4100060
11436,1997,4100070
19524,1997,4100050
8956,1997,4100080
4517,1997,4100090
14906,1997,4100100
2962,1997,4100105
21556,1997,4100110
2691,1997,4100115
19082,1997,4100120
7453,1997,4100130
102584,1997,4100140
77809,1997,4100150
23185,1997,4100160
4373,1997,4100165
12942,1997,4100170
79516,1997,4100180
2907,1997,4100185
19441,1997,4100190
34493,1997,4100200
23388,1997,4100210
3829,1997,4100220
8949,1997,4100230
32000,1997,4100240
14023,1997,4100250
2921,1997,4100270
8747,1997,4100260
4616,1997,4100275
14477,1997,4100280
14385,1997,4100290
7050,1997,4100300
3272,1997,4100302
6528,1997,4100304
10182,1997,4100305
8784,1997,4100310
4168,1997,4100315
5897,1997,4100320
3483,1997,4100322
9986,1997,4100330
6285,1997,4100335
3809,1997,4100337
2369,1997,4100340
10686,1997,4100345
4683,1997,4100347
7639,1997,4100350
23217,1997,4100360
83854,1997,4100370
6263,1997,4100380
17687,1997,4100390
5104,1997,4100395
32605,1997,4100400
4866,1997,4100405
5856,1997,4100410
86036,1997,4100420
16997,1997,4100425
79998,1997,4100430
19548,1997,4100440
12857,1997,4100442
12566,1997,4100445
18239,1997,4100450
16289,1997,4100460
12362,1997,4100465
12867,1997,4100470
226300,1997,4100480
60811,1997,4100490
10255,1997,4100500
13098,1997,4100510
17690,1997,4100520
10409,1997,4100530
20443,1997,4100540
54374,1997,4100550
9385,1997,4100560
17930,1997,4100570
162657,1997,4100580
20878,1997,4100590
7615,1997,4100600
3739,1997,4100610
12752,1997,4100620
15749,1997,4100630
46414,1997,4100640
6423,1997,4100645
23752,1997,4100650
4838,1997,4100655
17029,1997,4100680
4732,1997,4100657
20481,1997,4100660
4633,1997,4100670
3239,1997,4100685
1516467,1997,4100690
12003,1997,4100700
4587,1997,4100715
6143,1997,4100710
3381,1997,4100712
32282,1997,4100720
5380,1997,4100725
5886,1997,4100730
5794,1997,4102863
6284,1997,4100740
14505,1997,4100750
3133,1997,4100753
2197,1997,4100752
5763,1997,4100754
4018,1997,4100755
16866,1997,4100760
46972,1997,4100765
4946,1997,4100770
5799,1997,4100773
9178,1997,4100775
5206,1997,4100785
5577,1997,4100780
4953,1997,4100790
12288,1997,4100800
2329,1997,4100810
9233,1997,4100820
241976,1997,4100830
6137,1997,4100845
7228,1997,4100832
68158,1997,4100840
13264,1997,4100850
3869,1997,4100855
30600,1997,4100860
7512,1997,4100865
7320,1997,4100870
28934,1997,4100880
5667,1997,4100890
7036,1997,4100895
4065,1997,4100900
2130,1997,4100910
4741,1997,4100920
18968,1997,4100930
154446,1997,4100940
8081,1997,4100950
32803,1997,4100960
7145,1997,4100965
24636,1997,4100970
6914,1997,4100975
40231,1997,4100980
10006,1997,4100990
3419,1997,4101000
2290,1997,4101005
8688,1997,4101007
21147,1997,4101010
9975,1997,4101020
2737,1997,4101030
4333,1997,4101040
12955,1997,4101050
16769,1997,4101060
2815,1997,4101065
51317,1997,4101070
11017,1997,4101080
4278,1997,4101090
4773,1997,4101095
6666,1997,4101100
5967,1997,4101110
8888,1997,4101120
18253,1997,4101125
4211,1997,4101130
11659,1997,4101140
32138,1997,4101150
6730,1997,4101155
2684,1997,4101160
4413,1997,4101170
38058,1997,4101180
10969,1997,4101190
27376,1997,4101200
19297,1997,4101210
8630,1997,4101220
4149,1997,4101230
7608,1997,4101240
11019,1997,4101250
1324,1997,4101260
12508,1997,4101270
9941,1997,4101275
9716,1997,4101280
3503,1997,4101290
8347,1997,4101295
5970,1997,4101300
5151,1997,4101310
41443,1997,4101320
7628,1997,4101325
40769,1997,4101330
4483,1997,4101340
4655,1997,4101342
7036,1997,4101345
18343,1997,4101350
3839,1997,4101360
420180,1997,4101370
7504,1997,4101373
5538,1997,4101375
4421,1997,4101380
12772,1997,4101390
15077,1997,4101400
16771,1997,4101410
28713,1997,4101420
15736,1997,4101430
4051,1997,4101435
16849,1997,4101440
13260,1997,4101450
38997,1997,4101460
6716,1997,4101470
26187,1997,4101480
8778,1997,4101490
6194,1997,4101500
10060,1997,4101510
274836,1997,4101520
6195,1997,4101530
6115,1997,4101535
13911,1997,4101540
5801,1997,4101545
4521,1997,4101550
13902,1997,4101560
19412,1997,4101570
4812,1997,4101573
5259,1997,4101575
35829,1997,4101580
4574,1997,4101585
2245,1997,4101590
1757,1997,4101600
9881,1997,4101605
14029,1997,4101610
15532,1997,4101620
3393,1997,4101630
3507,1997,4101640
1260,1997,4101650
3459,1997,4101660
14222,1997,4101670
9126,1997,4101680
26833,1997,4101690
5134,1997,4101695
8135,1997,4101700
17813,1997,4101705
13334,1997,4101710
5206,1997,4101720
10474,1997,4101725
3762,1997,4101721
7109,1997,4101722
13636,1997,4101727
2843,1997,4101729
29792,1997,4101730
3594,1997,4101740
5880,1997,4101745
28121,1997,4101750
27560,1997,4101760
30205,1997,4101770
17294,1997,4101780
24936,1997,4101790
9504,1997,4101800
9630,1997,4101810
119379,1997,4101820
2489,1997,4101830
73422,1997,4101840
3627,1997,4101845
59883,1997,4101850
4742,1997,4101860
6866,1997,4101870
13325,1997,4101880
5612,1997,4101885
9887,1997,4101890
7867,1997,4101900
8976,1997,4101910
92634,1997,4101915
2610,1997,4101925
5959,1997,4101920
26550,1997,4101930
20187,1997,4101940
54424,1997,4101950
36547,1997,4101960
2215,1997,4101965
3619,1997,4101970
14245,1997,4101980
258742,1997,4101990
9841,1997,4101995
17387,1997,4102000
3695,1997,4102010
3827,1997,4102015
2572,1997,4102020
3763,1997,4102030
2671,1997,4102033
6537,1997,4102035
4200,1997,4102040
10770,1997,4102050
46308,1997,4102060
5591,1997,4102065
6266,1997,4102070
14374,1997,4102080
3592,1997,4102085
24541,1997,4102090
10504,1997,4102100
5227,1997,4102110
13865,1997,4102120
2873,1997,4102125
4185,1997,4102130
3272,1997,4102135
15880,1997,4102140
14062,1997,4102150
7100,1997,4102160
22226,1997,4102170
5464,1997,4102175
10453,1997,4102180
14179,1997,4102190
12655,1997,4102200
3626,1997,4102210
11186,1997,4102215
3534,1997,4102217
22453,1997,4102220
28852,1997,4102230
46018,1997,4102240
12648,1997,4102250
8107,1997,4102260
6777,1997,4102265
5271,1997,4102270
5212,1997,4102280
5074,1997,4102290
12876,1997,4102300
4479,1997,4102310
3920,1997,4102320
7941,1997,4102330
8430,1997,4102340
19606,1997,4102350
1963,1997,4102360
9323,1997,4102370
11804,1997,4102380
4201,1997,4102382
14175,1997,4102385
12510,1997,4102390
2710,1997,4102395
10760,1997,4102402
17258,1997,4102405
5508,1997,4102400
39435,1997,4102410
2832,1997,4102420
2577,1997,4102430
17919,1997,4102440
4996,1997,4102450
5450,1997,4102460
10535,1997,4102470
11657,1997,4102480
6147,1997,4102490
13172,1997,4102500
11908,1997,4102510
9556,1997,4102520
5878,1997,4102530
6421,1997,4102535
6738,1997,4102540
4219,1997,4102545
179403,1997,4102550
2029,1997,4102555
36297,1997,4102560
24025,1997,4102570
6940,1997,4102575
10429,1997,4102580
2662,1997,4102590
8220,1997,4102600
4948,1997,4102610
7339,1997,4102620
62436,1997,4102625
3715,1997,4102627
17312,1997,4102630
4565,1997,4102635
6567,1997,4102640
14383,1997,4102650
14456,1997,4102660
4171,1997,4102665
8953,1997,4102667
4327,1997,4102670
13505,1997,4102680
6255,1997,4102690
7762,1997,4102700
56833,1997,4102710
14593,1997,4102720
12856,1997,4102730
16099,1997,4102740
17952,1997,4102750
11953,1997,4102760
93756,1997,4102770
9890,1997,4102780
12449,1997,4102785
3499,1997,4102788
8700,1997,4102790
8265,1997,4102795
13643,1997,4102796
22995,1997,4102800
85826,1997,4102810
46228,1997,4102820
2542,1997,4102830
11568,1997,4102840
7675,1997,4102853
9833,1997,4102855
8513,1997,4102860
3482,1997,4102862
3970,1997,4102865
6387,1997,4102870
18564,1997,4102850
6665,1997,4102880
3032,1997,4200005
13740,1997,4200010
7715,1997,4200020
3957,1997,4200030
6350,1997,4200040
6371,1997,4200050
2868,1997,4200055
4908,1997,4200060
8966,1997,4200070
2364,1997,4200075
7576,1997,4200080
6014,1997,4200090
9753,1997,4200100
3266,1997,4200110
6092,1997,4200120
8736,1997,4200125
3891,1997,4200127
18241,1997,4200130
52594,1997,4200140
6552,1997,4200150
3559,1997,4200160
2393,1997,4200165
7125,1997,4200170
3637,1997,4200180
5920,1997,4200190
4963,1997,4200195
4051,1997,4200205
60400,1997,4200200
4524,1997,4200207
3707,1997,4200208
2213,1997,4200209
13691,1997,4200210
5655,1997,4200213
2783,1997,4200215
8771,1997,4200220
41569,1997,4200230
236232,1997,4200240
2905,1997,4200243
4226,1997,4200250
2188,1997,4200253
2165,1997,4200257
8081,1997,4200260
6125,1997,4200245
3722,1997,4200270
21032,1997,4200280
3125,1997,4200285
3488,1997,4200287
69302,1997,4200290
60848,1997,4200300
6902,1997,4200310
2267,1997,4200315
35348,1997,4200320
10663,1997,4200330
8283,1997,4200340
10772,1997,4200350
28181,1997,4200360
8232,1997,4200370
49048,1997,4200380
2793,1997,4200325
16161,1997,4200390
17919,1997,4200395
6960,1997,4200400
5736,1997,4200410
2940,1997,4200415
4282,1997,4200417
2570,1997,4200419
135907,1997,4200420
12621,1997,4200425
55860,1997,4200430
2855,1997,4200435
10287,1997,4200440
2722,1997,4200445
13215,1997,4200455
11193,1997,4200450
162288,1997,4200460
10544,1997,4200470
1931,1997,4200475
34819,1997,4200480
9872,1997,4200490
13881,1997,4200500
3373,1997,4200510
2964,1997,4200515
2691,1997,4200517
2128,1997,4200519
4237,1997,4200520
10572,1997,4200530
1686,1997,4200535
275239,1997,4200540
2687,1997,4200543
16718,1997,4200545
31415,1997,4200550
2692,1997,4200555
4239,1997,4200560
12150,1997,4200570
10664,1997,4200580
42127,1997,4200590
11265,1997,4200600
5912,1997,4200610
8947,1997,4200620
11965,1997,4200630
11225,1997,4200640
21622,1997,4200650
5020,1997,4200660
4345,1997,4200665
19262,1997,4200670
1869,1997,4200675
3760,1997,4200680
13334,1997,4200690
43696,1997,4200700
10131,1997,4200710
13383,1997,4200720
33255,1997,4200730
5412,1997,4200740
36683,1997,4200750
2665,1997,4200757
4472,1997,4200760
8532,1997,4200765
5652,1997,4200768
6729,1997,4200770
5063,1997,4200775
8029,1997,4200780
2562,1997,4200785
9650,1997,4200790
6752,1997,4200800
18782,1997,4200810
138760,1997,4200820
18915,1997,4200830
14925,1997,4200840
6076,1997,4200845
18420,1997,4200850
4209,1997,4200860
10773,1997,4200870
13561,1997,4200880
96614,1997,4200890
2018,1997,4200895
23029,1997,4200900
409142,1997,4200910
4348,1997,4200915
2157,1997,4200917
2160,1997,4200920
140434,1997,4200930
43661,1997,4200940
1560,1997,4200945
4596,1997,4200950
13033,1997,4200960
11491,1997,4200970
4096,1997,4200980
4830,1997,4200985
8022,1997,4200990
7507,1997,4201000
5375,1997,4201003
2079,1997,4201005
50049,1997,4201010
3450,1997,4201020
6879,1997,4201030
5578,1997,4201040
18840,1997,4201050
2765,1997,4201055
11915,1997,4201060
3119,1997,4201070
6867,1997,4201080
2859,1997,4201085
4078,1997,4201090
9625,1997,4201100
7817,1997,4201105
7939,1997,4201110
13534,1997,4201120
2660,1997,4201125
33593,1997,4201130
3551,1997,4201140
4752,1997,4201145
9470,1997,4201150
9996,1997,4201160
3354,1997,4201165
21542,1997,4201170
13352,1997,4201175
6377,1997,4201180
2688,1997,4201185
2207,1997,4201187
2187,1997,4201189
84262,1997,4201190
8497,1997,4201200
1981,1997,4201205
17192,1997,4201210
16107,1997,4201220
5059,1997,4201223
3817,1997,4201225
4375,1997,4201227
5603,1997,4201230
5028,1997,4201240
16061,1997,4201250
3160,1997,4201260
6485,1997,4201270
9834,1997,4201280
11293,1997,4201290
2790,1997,4201300
4239,1997,4201310
2579,1997,4201315
21994,1997,4201320
5043,1997,4201330
2773,1997,4201335
10792,1997,4201340
7927,1997,4201350
31030,1997,4201360
11853,1997,4201370
7446,1997,4201380
1877,1997,4201390
11556,1997,4201400
2397,1997,4201410
2600,1997,4201415
10455,1997,4201420
2470,1997,4201430
5829,1997,4201440
6444,1997,4201450
6693,1997,4201460
48373,1997,4201480
8907,1997,4201470
4231,1997,4201490
32813,1997,4201500
2416,1997,4201505
5507,1997,4201507
9727,1997,4201510
7216,1997,4201520
6843,1997,4201530
4661,1997,4201535
3832,1997,4201540
7076,1997,4201545
12957,1997,4201550
2706,1997,4201555
1862,1997,4201560
7826,1997,4201565
8401,1997,4201567
3364,1997,4201568
1715,1997,4201569
15123,1997,4201570
59268,1997,4201580
3455,1997,4201575
3035,1997,4201590
10039,1997,4201600
3861,1997,4201605
9540,1997,4201610
28843,1997,4201620
13784,1997,4201630
3219,1997,4201635
6521,1997,4201625
6886,1997,4201640
21905,1997,4201650
150368,1997,4201660
13293,1997,4201670
10028,1997,4201680
19328,1997,4201690
7818,1997,4201700
3312,1997,4201710
2123,1997,4201715
31292,1997,4201720
3531,1997,4201725
8242,1997,4201730
9637,1997,4201740
16071,1997,4201750
3355,1997,4201755
10923,1997,4201760
21979,1997,4201770
3468,1997,4201775
15921,1997,4201780
8836,1997,4201790
1902,1997,4201795
20392,1997,4201800
5421,1997,4201810
27504,1997,4201820
7446,1997,4201825
16967,1997,4201830
2706,1997,4201835
6297,1997,4201840
4721,1997,4201850
5910,1997,4201860
84693,1997,4201870
5129,1997,4201875
10788,1997,4201880
3751,1997,4201885
10370,1997,4201890
2383,1997,4201895
18141,1997,4201900
3436,1997,4201910
3521,1997,4201915
5425,1997,4201917
6286,1997,4201920
38169,1997,4201930
5644,1997,4201935
3506,1997,4201940
37143,1997,4201950
4741,1997,4201960
23539,1997,4201970
2602,1997,4201985
4300,1997,4300005
16193,1997,4300010
7850,1997,4300020
9184,1997,4300030
83244,1997,4300040
5667,1997,4300045
10897,1997,4300050
2064,1997,4300055
2490,1997,4300057
166982,1997,4300060
5143,1997,4300063
7104,1997,4300064
1116,1997,4300066
6370,1997,4300070
12154,1997,4300080
3465,1997,4300085
3455,1997,4300087
7367,1997,4300090
16113,1997,4300100
4300,1997,4300105
11899,1997,4300120
12986,1997,4300110
18698,1997,4300130
10270,1997,4300140
8415,1997,4300150
4039,1997,4300155
117541,1997,4300160
5132,1997,4300163
5472,1997,4300165
6899,1997,4300170
6228,1997,4300175
3300,1997,4300185
3535,1997,4300187
10971,1997,4300190
2464,1997,4300192
2160,1997,4300195
5471,1997,4300180
11328,1997,4300200
2902,1997,4300205
85420,1997,4300210
2080,1997,4300215
6473,1997,4300220
3007,1997,4300225
12090,1997,4300230
8968,1997,4300235
2621,1997,4300237
10406,1997,4300240
7723,1997,4300245
7861,1997,4300250
4385,1997,4300260
4273,1997,4300265
19723,1997,4300270
33824,1997,4300280
15541,1997,4300290
87016,1997,4300300
99122,1997,4300310
5112,1997,4300320
7243,1997,4300330
5548,1997,4300340
58010,1997,4300350
2385,1997,4300355
6908,1997,4300360
3040,1997,4300367
7234,1997,4300370
8445,1997,4300380
53485,1997,4300390
6830,1997,4300400
3877,1997,4300410
28698,1997,4300420
7445,1997,4300430
7392,1997,4300435
31599,1997,4300440
49859,1997,4300450
287751,1997,4300460
26312,1997,4300463
21537,1997,4300466
8857,1997,4300468
2408,1997,4300469
2916,1997,4300467
5952,1997,4300471
57454,1997,4300470
19460,1997,4300480
2104,1997,4300485
8430,1997,4300490
3003,1997,4300495
10593,1997,4300500
334455,1997,4300510
3340,1997,4300511
6799,1997,4300512
4289,1997,4300513
2881,1997,4300515
7715,1997,4300517
12906,1997,4300520
10026,1997,4300530
27957,1997,4300535
3848,1997,4300537
4231,1997,4300540
3172,1997,4300543
4575,1997,4300544
6565,1997,4300545
5196,1997,4300550
2418,1997,4300558
4109,1997,4300560
6385,1997,4300570
11586,1997,4300580
2956,1997,4300585
2409,1997,4300587
8605,1997,4300590
4125,1997,4300595
3019,1997,4300597
15673,1997,4300600
6699,1997,4300605
2753,1997,4300607
71753,1997,4300610
11845,1997,4300620
4634,1997,4300630
3933,1997,4300632
3471,1997,4300635
3319,1997,4300637
18477,1997,4300640
2798,1997,4300642
3361,1997,4300645
13626,1997,4300650
39318,1997,4300660
2307,1997,4300655
3793,1997,4300670
6587,1997,4300673
2165,1997,4300675
23461,1997,4300676
17702,1997,4300680
23015,1997,4300690
2225,1997,4300692
3700,1997,4300695
10466,1997,4300693
3117,1997,4300697
84117,1997,4300700
3798,1997,4300705
5779,1997,4300720
9559,1997,4300730
5378,1997,4300740
4253,1997,4300745
16168,1997,4300750
6095,1997,4300755
32211,1997,4300760
77239,1997,4300770
27130,1997,4300780
3740,1997,4300781
3482,1997,4300783
2456,1997,4300786
54229,1997,4300790
6814,1997,4300800
3090,1997,4300805
2635,1997,4300807
10511,1997,4300810
21107,1997,4300820
2501,1997,4300825
11896,1997,4300830
7623,1997,4300840
4846,1997,4300845
28028,1997,4300850
26803,1997,4300860
3476,1997,4300865
6340,1997,4300870
8562,1997,4300880
1797,1997,4300885
16457,1997,4300890
18928,1997,4300900
4760,1997,4300905
25788,1997,4300910
2504,1997,4300912
3775,1997,4300915
212254,1997,4300920
1965,1997,4300925
88261,1997,4300930
19231,1997,4300940
9095,1997,4300950
3420,1997,4300955
7605,1997,4300710
2632,1997,4300957
16930,1997,4300960
4888,1997,4300965
5466,1997,4300970
4750,1997,4300975
5342,1997,4300980
7254,1997,4300990
5184,1997,4300995
18639,1997,4301000
25156,1997,4301010
76232,1997,4301020
4128,1997,4301030
9822,1997,4301033
3902,1997,4301036
7652,1997,4301040
2336,1997,4301041
5524,1997,4301043
2291,1997,4301046
9197,1997,4301050
4116,1997,4301053
3607,1997,4301055
2596,1997,4301057
39270,1997,4301060
5862,1997,4301070
2620,1997,4301075
13633,1997,4301080
4623,1997,4301085
4406,1997,4301090
30614,1997,4301100
12685,1997,4301110
4427,1997,4301112
3837,1997,4301113
7929,1997,4301115
22558,1997,4301120
1554,1997,4301127
29291,1997,4301130
5576,1997,4301125
60072,1997,4301140
2308,1997,4301142
7519,1997,4301150
7226,1997,4301160
3908,1997,4301162
1522,1997,4301164
4899,1997,4301171
6176,1997,4301170
3081,1997,4301173
6113,1997,4301175
7177,1997,4301177
2374,1997,4301179
26024,1997,4301180
6685,1997,4301190
3444,1997,4301198
2581,1997,4301200
4422,1997,4301205
5752,1997,4301210
2286,1997,4301213
3062,1997,4301215
6090,1997,4301220
7240,1997,4301225
5378,1997,4301230
1803,1997,4301235
2860,1997,4301237
2765,1997,4301238
50631,1997,4301240
2361,1997,4301242
3608,1997,4301244
5938,1997,4301245
4855,1997,4301247
9373,1997,4301250
4959,1997,4301260
2706,1997,4301261
1750,1997,4301262
14009,1997,4301265
1761,1997,4301267
12671,1997,4301270
2709,1997,4301275
3215,1997,4301280
7525,1997,4301290
2304,1997,4301295
4683,1997,4301300
3075,1997,4301301
3812,1997,4301303
13061,1997,4301306
2393,1997,4301308
6070,1997,4301310
15801,1997,4301320
16878,1997,4301330
2866,1997,4301333
3125,1997,4301335
12877,1997,4301337
3748,1997,4301349
3375,1997,4301339
231157,1997,4301340
4930,1997,4301342
2753,1997,4301344
34683,1997,4301350
4763,1997,4301360
10220,1997,4301365
38976,1997,4301370
7258,1997,4301380
32491,1997,4301390
10479,1997,4301395
5678,1997,4301400
6773,1997,4301402
2973,1997,4301403
41559,1997,4301405
4783,1997,4301406
5376,1997,4301407
160004,1997,4301410
7637,1997,4301415
7804,1997,4301420
4250,1997,4301430
308361,1997,4301440
4138,1997,4301442
2563,1997,4301445
4422,1997,4301447
4403,1997,4301449
13307,1997,4301450
3510,1997,4301455
17283,1997,4301460
11374,1997,4301470
1916,1997,4301475
3699,1997,4301477
2352,1997,4301478
23059,1997,4301480
1298107,1997,4301490
7284,1997,4301500
2965,1997,4301505
2745,1997,4301507
11331,1997,4301510
2197,1997,4301513
2064,1997,4301514
6514,1997,4301515
2205,1997,4301517
4871,1997,4301520
23446,1997,4301530
2589,1997,4301532
3563,1997,4301535
8352,1997,4301540
2338,1997,4301545
15688,1997,4301550
5316,1997,4301555
179711,1997,4301560
37829,1997,4301570
3776,1997,4301575
8942,1997,4301580
5506,1997,4301590
17134,1997,4301600
11363,1997,4301610
6522,1997,4301620
8000,1997,4301630
41252,1997,4301640
2793,1997,4301642
3242,1997,4301643
12651,1997,4301645
2844,1997,4301647
6578,1997,4301650
14888,1997,4301660
10102,1997,4301670
4620,1997,4301675
102744,1997,4301680
230615,1997,4301690
5618,1997,4301695
64221,1997,4301720
1928,1997,4301725
30756,1997,4301730
8594,1997,4301700
87835,1997,4301710
51514,1997,4301740
76167,1997,4301750
34438,1997,4301760
13300,1997,4301770
2229,1997,4301755
2064,1997,4301775
15076,1997,4301780
15161,1997,4301790
2710,1997,4301795
63757,1997,4301800
2806,1997,4301805
20603,1997,4301810
18562,1997,4301820
61131,1997,4301830
19481,1997,4301840
4865,1997,4301842
2605,1997,4301843
2899,1997,4301844
3147,1997,4301845
2522,1997,4301846
3153,1997,4301848
2456,1997,4301849
22965,1997,4301850
7016,1997,4301860
3106,1997,4301862
183786,1997,4301870
42738,1997,4301880
39761,1997,4301890
17822,1997,4301900
6586,1997,4301910
3174,1997,4301912
7427,1997,4301915
6392,1997,4301920
7529,1997,4301930
2533,1997,4301935
2967,1997,4301937
16701,1997,4301940
19674,1997,4301950
24651,1997,4301960
4340,1997,4301970
2311,1997,4301971
2509,1997,4301973
1660,1997,4301975
7957,1997,4301980
64491,1997,4301990
116288,1997,4302000
18330,1997,4302010
11663,1997,4302020
3458,1997,4302023
6781,1997,4302026
4610,1997,4302030
2931,1997,4302032
4137,1997,4302035
10074,1997,4302040
3044,1997,4302045
7541,1997,4302050
5189,1997,4302055
2496,1997,4302057
4302,1997,4302060
2547,1997,4302065
10096,1997,4302067
15440,1997,4302070
28334,1997,4302080
3026,1997,4302085
13833,1997,4302090
11000,1997,4302100
14587,1997,4302110
48843,1997,4302120
23525,1997,4302130
3077,1997,4302132
5051,1997,4302135
14426,1997,4302140
10813,1997,4302143
20501,1997,4302145
8389,1997,4302147
3155,1997,4302149
26006,1997,4302150
28617,1997,4302160
2327,1997,4302162
3238,1997,4302163
9577,1997,4302166
17737,1997,4302170
25000,1997,4302180
3196,1997,4302183
4730,1997,4302185
25479,1997,4302190
6107,1997,4302195
20057,1997,4302200
6634,1997,4302210
4420,1997,4302215
2135,1997,4302218
19118,1997,4302220
2725,1997,4302225
9597,1997,4302230
3595,1997,4302232
2746,1997,4302234
2166,1997,4302235
2656,1997,4302237
123197,1997,4302240
53865,1997,4302250
10320,1997,4302253
3759,1997,4302254
2647,1997,4302252
1925,1997,4302255
58593,1997,4302260
20078,1997,4302270
18605,1997,4302280
2312,1997,4302285
6472,1997,4302290
200672,1997,4302300
6160,1997,4302310
3894,1997,4302320
2961,1997,4302330
2383,1997,4302335
4143,1997,4302340
4223,1997,4302345
3047,1997,4302350
1723,1997,4302360
2771,1997,4302370
4042,1997,4302375
7159,1997,4302380
8721,1997,5000020
3586,1997,5000025
28434,1997,5000060
21760,1997,5000070
7036,1997,5000080
8031,1997,5000085
6329,1997,5000090
17242,1997,5000100
40568,1997,5000110
7216,1997,5000124
6225,1997,5000150
14171,1997,5000190
10466,1997,5000200
20802,1997,5000210
7562,1997,5000215
15180,1997,5000220
10642,1997,5000230
21029,1997,5000240
16760,1997,5000260
618508,1997,5000270
4425,1997,5000280
19920,1997,5000290
9007,1997,5000295
3365,1997,5000310
14867,1997,5000315
89466,1997,5000320
14794,1997,5000325
29404,1997,5000330
11431,1997,5000345
8977,1997,5000348
4687,1997,5000350
157482,1997,5000370
10220,1997,5000375
20130,1997,5000380
10368,1997,5000400
10473,1997,5000410
12367,1997,5000430
8283,1997,5000440
15367,1997,5000450
12985,1997,5000460
21387,1997,5000470
4570,1997,5000480
4665,1997,5000490
20938,1997,5000500
4358,1997,5000510
5335,1997,5000515
12421,1997,5000520
5711,1997,5000525
25061,1997,5000540
20968,1997,5000560
15953,1997,5000568
35754,1997,5000570
14741,1997,5000580
6623,1997,5000600
35286,1997,5000620
6280,1997,5000625
37756,1997,5000630
10418,1997,5000635
8203,1997,5000640
60334,1997,5000660
11088,1997,5000690
14201,1997,5000710
19389,1997,5000720
4989,1997,5000730
17735,1997,5000740
3797,1997,5000750
6537,1997,5000755
15155,1997,5000769
6680,1997,5000780
17925,1997,5000770
18859,1997,5000790
9338,1997,5000793
7310,1997,5000795
3903,1997,5000797
10563,1997,5000800
76134,1997,5000830
5952,1997,5000840
6221,1997,5100010
14598,1997,5100020
41301,1997,5100025
11114,1997,5100030
5366,1997,5100035
7424,1997,5100040
10858,1997,5100050
3301,1997,5100060
6350,1997,5100080
3543,1997,5100100
1392,1997,5100120
13455,1997,5100125
12913,1997,5100130
17381,1997,5100140
7492,1997,5100160
21328,1997,5100170
47339,1997,5100180
10209,1997,5100190
73918,1997,5100250
12174,1997,5100260
15093,1997,5100263
11634,1997,5100267
1594,1997,5100268
6632,1997,5100269
14881,1997,5100270
14780,1997,5100279
7914,1997,5100285
14963,1997,5100300
11026,1997,5100305
5487,1997,5100310
28183,1997,5100320
13691,1997,5100330
19124,1997,5100335
5203,1997,5100337
440969,1997,5100340
8901,1997,5100345
15261,1997,5100350
8191,1997,5100360
3847,1997,5100370
4613,1997,5100380
3291,1997,5100385
4595,1997,5100390
3710,1997,5100395
25101,1997,5100410
13066,1997,5100420
1788,1997,5100450
8383,1997,5100455
7818,1997,5100460
21724,1997,5100480
6882,1997,5100490
11475,1997,5100500
26656,1997,5100510
31055,1997,5100515
4886,1997,5100517
11466,1997,5100520
5519,1997,5100523
13692,1997,5100525
2632,1997,5100530
12495,1997,5100558
11644,1997,5100560
23821,1997,5100562
15648,1997,5100590
9941,1997,5100600
10982,1997,5100610
5714,1997,5100615
5666,1997,5100620
10353,1997,5100621
6003,1997,5100880
3272,1997,5100618
2746,1997,5100885
3024,1997,5100890
6183,1997,5100895
8707,1997,5100622
12992,1997,5100623
4072,1997,5100624
19082,1997,5100625
3642,1997,5100627
3590,1997,5100626
8526,1997,5100628
7806,1997,5100629
14947,1997,5100630
13103,1997,5100637
28179,1997,5100642
2615,1997,5100645
30729,1997,5100650
3356,1997,5100665
2470,1997,5100670
42267,1997,5100675
11120,1997,5100677
6582,1997,5100680
7668,1997,5100682
4546,1997,5100685
21055,1997,5100700
23335,1997,5100704
4616,1997,5100706
2669,1997,5100715
8624,1997,5100718
1642,1997,5100719
5691,1997,5100720
147211,1997,5100760
15439,1997,5100770
5409,1997,5100775
3715,1997,5100724
6485,1997,5100777
2871,1997,5100726
15189,1997,5100780
10799,1997,5100785
3203,1997,5100729
11846,1997,5100730
4787,1997,5100735
21649,1997,5100710
3652,1997,5100740
3756,1997,5100787
60394,1997,5100790
28218,1997,5100792
5270,1997,5100794
52798,1997,5100795
9151,1997,5100800
15622,1997,5100805
3559,1997,5100810
5569,1997,5100820
3078,1997,5100830
201241,1997,5100840
7379,1997,5100850
10691,1997,5100550
14339,1997,5100860
3457,1997,5200005
10299,1997,5200010
15559,1997,5200013
2772,1997,5200015
3679,1997,5200017
2098,1997,5200020
71752,1997,5200025
19596,1997,5200030
2033,1997,5200050
2621,1997,5200055
5619,1997,5200060
7643,1997,5200080
2752,1997,5200082
5233,1997,5200085
4196,1997,5200090
271358,1997,5200110
858,1997,5200120
17902,1997,5200130
287657,1997,5200140
2328,1997,5200145
3413,1997,5200150
3670,1997,5200160
16790,1997,5200170
5924,1997,5200180
7927,1997,5200215
3883,1997,5200235
5424,1997,5200250
4685,1997,5200260
2569,1997,5200280
4049,1997,5200310
7749,1997,5200320
18715,1997,5200330
8093,1997,5200340
14837,1997,5200350
4466,1997,5200355
2653,1997,5200357
2732,1997,5200360
5549,1997,5200380
9108,1997,5200390
2550,1997,5200393
3543,1997,5200396
5827,1997,5200400
8070,1997,5200410
1330,1997,5200420
8024,1997,5200425
10156,1997,5200430
14282,1997,5200440
41705,1997,5200450
2763,1997,5200455
2469,1997,5200460
3755,1997,5200465
8801,1997,5200470
4644,1997,5200480
15622,1997,5200490
12736,1997,5200495
7600,1997,5200500
3792,1997,5200505
59383,1997,5200510
4096,1997,5200520
9863,1997,5200530
21336,1997,5200540
6331,1997,5200545
2758,1997,5200547
34879,1997,5200549
13253,1997,5200551
3486,1997,5200552
3106,1997,5200570
8431,1997,5200580
6061,1997,5200590
29738,1997,5200620
2794,1997,5200630
15562,1997,5200640
3764,1997,5200650
3142,1997,5200660
3452,1997,5200670
2642,1997,5200680
2072,1997,5200690
2755,1997,5200710
5004,1997,5200830
7289,1997,5200725
3691,1997,5200735
10741,1997,5200740
3531,1997,5200750
7555,1997,5200753
7637,1997,5200760
9643,1997,5200780
5438,1997,5200790
72293,1997,5200800
5789,1997,5200810
10568,1997,5200840
5032,1997,5200850
47001,1997,5200860
1022759,1997,5200870
15988,1997,5200880
27974,1997,5200890
30199,1997,5200910
3950,1997,5200915
12602,1997,5200920
2961,1997,5200929
4613,1997,5200940
3091,1997,5200945
2954,1997,5200960
11370,1997,5200970
4272,1997,5200980
10068,1997,5200990
5022,1997,5200993
11991,1997,5200995
40997,1997,5201000
22304,1997,5201010
31751,1997,5201020
3428,1997,5201030
26802,1997,5201040
4398,1997,5201056
5267,1997,5201060
5659,1997,5201080
13604,1997,5201090
9177,1997,5201100
27807,1997,5201120
5993,1997,5201130
8277,1997,5201140
79846,1997,5201150
3157,1997,5201160
6783,1997,5201170
29911,1997,5201180
72812,1997,5201190
2793,1997,5201200
2081,1997,5201205
6669,1997,5201210
19676,1997,5201220
7881,1997,5201230
113700,1997,5201250
2619,1997,5201260
4692,1997,5201270
11698,1997,5201280
1944,1997,5201290
4520,1997,5201295
9151,1997,5201300
2505,1997,5201305
36149,1997,5201308
34248,1997,5201310
2007,1997,5201340
6719,1997,5201350
7995,1997,5201370
6533,1997,5201375
2650,1997,5201377
33686,1997,5201380
2289,1997,5201385
6291,1997,5201390
10239,1997,5201400
5562,1997,5201405
4416,1997,5201410
6861,1997,5201440
16037,1997,5201450
35059,1997,5201460
2216,1997,5201470
1908,1997,5201480
10070,1997,5201483
9250,1997,5201486
2748,1997,5201487
3898,1997,5201490
6029,1997,5201500
4450,1997,5201520
64416,1997,5201523
3648,1997,5201525
13264,1997,5201530
4587,1997,5201540
4079,1997,5201550
16949,1997,5201560
3409,1997,5201565
17933,1997,5201570
2188,1997,5201580
3429,1997,5201590
2647,1997,5201600
8625,1997,5201630
11605,1997,5201640
1896,1997,5201645
10025,1997,5201680
3721,1997,5201690
22791,1997,5201710
11929,1997,5201720
20906,1997,5201730
26405,1997,5201740
61636,1997,5201760
16416,1997,5201770
38740,1997,5201800
2635,1997,5201805
3164,1997,5201810
25142,1997,5201830
3452,1997,5201839
35607,1997,5201850
10255,1997,5201860
4478,1997,5201870
1917,1997,5201878
103243,1997,5201880
17326,1997,5201890
7794,1997,5201900
4686,1997,5201910
3019,1997,5201920
3490,1997,5201925
32894,1997,5201930
3550,1997,5201935
5336,1997,5201940
3029,1997,5201945
3622,1997,5201950
5221,1997,5201960
12836,1997,5201970
4088,1997,5201971
2555,1997,5201973
53914,1997,5201975
9252,1997,5201980
5901,1997,5201990
6183,1997,5202000
2094,1997,5202005
25505,1997,5202010
3723,1997,5202015
21449,1997,5202020
3025,1997,5202026
1632,1997,5202028
12711,1997,5202040
46578,1997,5202045
6543,1997,5202050
19042,1997,5202060
6145,1997,5202068
2937,1997,5202070
3687,1997,5202100
2156,1997,5202108
4590,1997,5202119
2789,1997,5202130
72139,1997,5202140
3514,1997,5202145
5528,1997,5202150
3162,1997,5202155
3001,1997,5202157
33672,1997,5202160
15048,1997,5202170
2884,1997,5202180
80329,1997,5202185
3472,1997,5202190
9664,1997,5202200
6094,1997,5202205
2637,1997,5202220
3743,1997,5202230
1877015,1997,5300010
24793,1998,1100001
9596,1998,1100037
11585,1998,1100040
19127,1998,1100034
71366,1998,1100002
11140,1998,1100045
7785,1998,1100003
5043,1998,1100060
74482,1998,1100004
7643,1998,1100070
12462,1998,1100080
4180,1998,1100090
18931,1998,1100005
4216,1998,1100092
24320,1998,1100006
10052,1998,1100007
10369,1998,1100008
4147,1998,1100094
24511,1998,1100009
11346,1998,1100100
38839,1998,1100010
5481,1998,1100110
47437,1998,1100011
93961,1998,1100012
28095,1998,1100013
10230,1998,1100120
13651,1998,1100130
11555,1998,1100140
15253,1998,1100014
15986,1998,1100033
6392,1998,1100143
10592,1998,1100050
40508,1998,1100015
4129,1998,1100145
31761,1998,1100018
2334,1998,1100146
304996,1998,1100020
28932,1998,1100025
4142,1998,1100147
2963,1998,1100026
43770,1998,1100028
10768,1998,1100029
6679,1998,1100148
6387,1998,1100149
22953,1998,1100032
9752,1998,1100150
5170,1998,1100155
9317,1998,1100160
15322,1998,1100170
7122,1998,1100175
9302,1998,1100180
45300,1998,1100030
6730,1998,1200001
2918,1998,1200005
13938,1998,1200010
4641,1998,1200013
3286,1998,1200017
60817,1998,1200020
10012,1998,1200025
24164,1998,1200030
3697,1998,1200032
9095,1998,1200033
5889,1998,1200034
8522,1998,1200035
11971,1998,1200038
7944,1998,1200080
4898,1998,1200039
249930,1998,1200040
9360,1998,1200042
1848,1998,1200043
22825,1998,1200050
13971,1998,1200045
23838,1998,1200060
13756,1998,1200070
15607,1998,1300002
6908,1998,1300006
7375,1998,1300008
10825,1998,1300010
12949,1998,1300014
8161,1998,1300020
29236,1998,1300030
18860,1998,1300040
21214,1998,1300050
26087,1998,1300060
9864,1998,1300063
9268,1998,1300068
22555,1998,1300070
27132,1998,1300080
5578,1998,1300083
7033,1998,1300090
21696,1998,1300100
15631,1998,1300110
14498,1998,1300115
60521,1998,1300120
15738,1998,1300130
27926,1998,1300140
18879,1998,1300150
24568,1998,1300160
9738,1998,1300165
23510,1998,1300170
11566,1998,1300180
30202,1998,1300185
68625,1998,1300190
6759,1998,1300195
6979,1998,1300200
5385,1998,1300210
4149,1998,1300220
21332,1998,1300230
25374,1998,1300240
69301,1998,1300250
19840,1998,1300255
1224362,1998,1300260
34767,1998,1300270
15119,1998,1300280
39683,1998,1300290
14961,1998,1300300
20574,1998,1300310
15161,1998,1300320
15393,1998,1300330
77544,1998,1300340
18983,1998,1300350
11714,1998,1300353
11586,1998,1300356
10786,1998,1300360
25429,1998,1300370
28525,1998,1300380
23631,1998,1300390
6208,1998,1300395
7379,1998,1300400
33827,1998,1300406
14840,1998,1300410
66172,1998,1300420
16499,1998,1300423
12345,1998,1300426
19470,1998,1300430
14857,1998,1300440
14947,1998,1400005
4896,1998,1400002
163024,1998,1400010
6396,1998,1400015
8659,1998,1400017
10077,1998,1400020
4562,1998,1400023
2853,1998,1400028
11028,1998,1400030
6510,1998,1400040
6118,1998,1400045
8315,1998,1400047
3834,1998,1400050
4928,1998,1400060
4558,1998,1400070
109838,1998,1500010
5482,1998,1500013
57865,1998,1500020
26256,1998,1500030
24953,1998,1500034
41702,1998,1500040
37127,1998,1500050
83665,1998,1500060
16141,1998,1500070
382194,1998,1500080
9724,1998,1500085
28396,1998,1500090
16519,1998,1500095
15442,1998,1500100
9646,1998,1500110
20462,1998,1500120
3457,1998,1500125
57622,1998,1500130
1173534,1998,1500140
10355,1998,1500145
32043,1998,1500150
10189,1998,1500157
10858,1998,1500160
86911,1998,1500170
15004,1998,1500172
6604,1998,1500175
23646,1998,1500178
77115,1998,1500180
21069,1998,1500190
20103,1998,1500200
8460,1998,1500195
91718,1998,1500210
12688,1998,1500215
55053,1998,1500220
39530,1998,1500230
124413,1998,1500240
13860,1998,1500250
9237,1998,1500260
46174,1998,1500270
19743,1998,1500275
3188,1998,1500276
22413,1998,1500277
18843,1998,1500280
7712,1998,1500285
24488,1998,1500290
42766,1998,1500293
21506,1998,1500295
7157,1998,1500300
14114,1998,1500304
24533,1998,1500307
24416,1998,1500309
21533,1998,1500310
32617,1998,1500320
49852,1998,1500330
7554,1998,1500340
15769,1998,1500345
27573,1998,1500350
100161,1998,1500360
29424,1998,1500370
21360,1998,1500375
44903,1998,1500380
27584,1998,1500390
18617,1998,1500400
17970,1998,1500405
8226,1998,1500410
162236,1998,1500420
23778,1998,1500430
23731,1998,1500440
56087,1998,1500442
36774,1998,1500445
15787,1998,1500450
18880,1998,1500460
48130,1998,1500470
50888,1998,1500480
24222,1998,1500490
18507,1998,1500495
8795,1998,1500497
15516,1998,1500500
18203,1998,1500503
31032,1998,1500506
45475,1998,1500510
22963,1998,1500520
43088,1998,1500530
14346,1998,1500540
14787,1998,1500543
20686,1998,1500548
6287,1998,1500549
67640,1998,1500550
72404,1998,1500553
6036,1998,1500555
7554,1998,1500560
9306,1998,1500563
10300,1998,1500565
17996,1998,1500570
36290,1998,1500580
28670,1998,1500590
20168,1998,1500600
9077,1998,1500610
10449,1998,1500611
61626,1998,1500613
17861,1998,1500616
37480,1998,1500618
25669,1998,1500619
30217,1998,1500620
14601,1998,1500630
13074,1998,1500635
4931,1998,1500640
41771,1998,1500650
16353,1998,1500655
11732,1998,1500658
21314,1998,1500660
24372,1998,1500670
242081,1998,1500680
4075,1998,1500690
22845,1998,1500700
13792,1998,1500710
21038,1998,1500715
25450,1998,1500720
46683,1998,1500730
9309,1998,1500740
25358,1998,1500745
3419,1998,1500746
17393,1998,1500747
9187,1998,1500750
37049,1998,1500760
16340,1998,1500770
4092,1998,1500775
15664,1998,1500780
19846,1998,1500790
35292,1998,1500795
7719,1998,1500796
13988,1998,1500797
46234,1998,1500800
18253,1998,1500803
6625,1998,1500805
35679,1998,1500808
60200,1998,1500810
10979,1998,1500812
42596,1998,1500815
35570,1998,1500820
48977,1998,1500830
12941,1998,1500835
33636,1998,1500840
6343,1998,1600010
5908,1998,1600020
2145,1998,1600021
2721,1998,1600023
2452,1998,1600025
26351,1998,1600027
244972,1998,1600030
12475,1998,1600040
10937,1998,1600050
3598,1998,1600015
8009,1998,1600053
1815,1998,1600055
78039,1998,1600060
3280,1998,1600005
4562,1998,1600070
7227,1998,1600080
1990,1998,1700025
2873,1998,1700030
6091,1998,1700035
7840,1998,1700040
9252,1998,1700070
10279,1998,1700100
2464,1998,1700105
3852,1998,1700110
3845,1998,1700130
4791,1998,1700190
9692,1998,1700200
111830,1998,1700210
3385,1998,1700215
23920,1998,1700220
6108,1998,1700230
11704,1998,1700240
17894,1998,1700255
3135,1998,1700270
9590,1998,1700290
8678,1998,1700300
2074,1998,1700305
3166,1998,1700307
4616,1998,1700310
4392,1998,1700320
2038,1998,1700330
1791,1998,1700360
4830,1998,1700370
7575,1998,1700380
2045,1998,1700382
5892,1998,1700384
2212,1998,1700386
1440,1998,1700388
3086,1998,1700389
3998,1998,1700390
2307,1998,1700410
3193,1998,1700510
987,1998,1700460
25952,1998,1700550
9262,1998,1701670
4974,1998,1700555
4641,1998,1700560
4187,1998,1700600
7815,1998,1700610
1197,1998,1700625
4125,1998,1700650
15781,1998,1700700
5419,1998,1700710
7077,1998,1700720
4025,1998,1700730
6351,1998,1700740
3329,1998,1700755
6065,1998,1700765
7383,1998,1700770
19495,1998,1700820
2501,1998,1700825
5118,1998,1700830
10883,1998,1700900
19678,1998,1700930
68633,1998,1700950
1161,1998,1700980
6136,1998,1701050
6914,1998,1701070
3583,1998,1701090
3088,1998,1701110
3631,1998,1701150
2689,1998,1701180
5724,1998,1701190
2963,1998,1701195
1581,1998,1701200
1075,1998,1701215
4052,1998,1701240
1662,1998,1701245
2745,1998,1701250
1686,1998,1701270
3079,1998,1701280
16456,1998,1701320
10654,1998,1701330
5602,1998,1701360
1650,1998,1701370
3210,1998,1701395
9132,1998,1701420
5208,1998,1701430
9251,1998,1701488
3793,1998,1701500
3268,1998,1701510
2014,1998,1701515
2275,1998,1701525
724,1998,1701550
110668,1998,1702100
3833,1998,1701570
3897,1998,1701380
6928,1998,1701575
34972,1998,1701610
8725,1998,1701620
5630,1998,1701630
8102,1998,1701650
7725,1998,1701660
3775,1998,1701665
4531,1998,1701700
2020,1998,1701720
5321,1998,1701750
4530,1998,1701780
6658,1998,1701790
2596,1998,1701800
42779,1998,1701820
5484,1998,1701830
4380,1998,1701840
1347,1998,1701845
3365,1998,1701850
3474,1998,1701855
1171,1998,1701865
2311,1998,1701870
6119,1998,1701875
2530,1998,1701880
3855,1998,1701884
4782,1998,1701886
2305,1998,1701888
1555,1998,1701889
3734,1998,1701890
2439,1998,1701900
2413,1998,1702000
2535,1998,1702010
1307,1998,1702015
8844,1998,1702020
1994,1998,1702025
3878,1998,1702030
5552,1998,1702049
4660,1998,1702065
12998,1998,1702080
1165,1998,1702085
14539,1998,1702090
1540,1998,1702093
1603,1998,1702097
4843,1998,1702110
19914,1998,1702120
1116,1998,1702125
1384,1998,1702130
10894,1998,1702208
11331,1998,1702210
84853,1998,2100005
4558,1998,2100010
9918,1998,2100015
18410,1998,2100020
18587,1998,2100030
5983,1998,2100040
16088,1998,2100043
24220,1998,2100047
10603,1998,2100050
4410,1998,2100055
31570,1998,2100060
20379,1998,2100070
10382,1998,2100080
11699,1998,2100083
10651,1998,2100087
35872,1998,2100090
26434,1998,2100095
25380,1998,2100100
9995,1998,2100110
92094,1998,2100120
9725,1998,2100125
11084,1998,2100130
4438,1998,2100135
51494,1998,2100140
14680,1998,2100150
71967,1998,2100160
37387,1998,2100170
7724,1998,2100177
6166,1998,2100173
6024,1998,2100180
20643,1998,2100190
4205,1998,2100193
3803,1998,2100197
36098,1998,2100200
13268,1998,2100203
9746,1998,2100207
26034,1998,2100210
10480,1998,2100215
26550,1998,2100220
22005,1998,2100230
32423,1998,2100232
10968,1998,2100235
6238,1998,2100237
8604,1998,2100240
15425,1998,2100250
9811,1998,2100255
15346,1998,2100260
14580,1998,2100270
10263,1998,2100275
28502,1998,2100280
17265,1998,2100290
133919,1998,2100300
8498,1998,2100310
5478,1998,2100312
5763,1998,2100315
12979,1998,2100317
61020,1998,2100320
10925,1998,2100325
103487,1998,2100330
42549,1998,2100340
31524,1998,2100350
14547,1998,2100355
54296,1998,2100360
24573,1998,2100370
12860,1998,2100375
20122,1998,2100380
8919,1998,2100390
17193,1998,2100400
21291,1998,2100405
7220,1998,2100407
4377,1998,2100408
8433,1998,2100409
10466,1998,2100410
16013,1998,2100420
8610,1998,2100430
17019,1998,2100440
9117,1998,2100450
7818,1998,2100455
12112,1998,2100460
8052,1998,2100462
10957,1998,2100465
21609,1998,2100467
6071,1998,2100470
40327,1998,2100480
12840,1998,2100490
18464,1998,2100500
19308,1998,2100510
8823,1998,2100515
10817,1998,2100520
224980,1998,2100530
9034,1998,2100535
50670,1998,2100540
19952,1998,2100542
6710,1998,2100545
8961,1998,2100547
22663,1998,2100550
14328,1998,2100560
5407,1998,2100565
39180,1998,2100570
8952,1998,2100580
8079,1998,2100594
13338,1998,2100590
9323,1998,2100592
9464,1998,2100596
4667,1998,2100598
11382,1998,2100600
9649,1998,2100610
7586,1998,2100620
13272,1998,2100630
14036,1998,2100632
7639,1998,2100635
7896,1998,2100637
10725,1998,2100640
17028,1998,2100650
24187,1998,2100660
5518,1998,2100663
6793,1998,2100667
18821,1998,2100670
15724,1998,2100675
12975,1998,2100680
23270,1998,2100690
9741,1998,2100700
13719,1998,2100710
7644,1998,2100720
3317,1998,2100725
4581,1998,2100730
17024,1998,2100735
19642,1998,2100740
11501,1998,2100745
59361,1998,2100750
15886,1998,2100760
19863,1998,2100770
29487,1998,2100780
15558,1998,2100790
14792,1998,2100800
12502,1998,2100805
20128,1998,2100810
40459,1998,2100820
10306,1998,2100825
32299,1998,2100830
17154,1998,2100840
14655,1998,2100845
25065,1998,2100850
65937,1998,2100860
22505,1998,2100870
21134,1998,2100880
21997,1998,2100890
15908,1998,2100900
7254,1998,2100905
37286,1998,2100910
7760,1998,2100920
4862,1998,2100923
13408,1998,2100927
9598,1998,2100930
9142,1998,2100940
16057,1998,2100945
19452,1998,2100950
5746,1998,2100955
32937,1998,2100960
6218,1998,2100970
3504,1998,2100975
27354,1998,2100980
70678,1998,2100990
54356,1998,2101000
20214,1998,2101003
19889,1998,2101010
20543,1998,2101020
5684,1998,2101023
9660,1998,2101027
14323,1998,2101030
13706,1998,2101040
30842,1998,2101050
22254,1998,2101060
5338,1998,2101065
33061,1998,2101070
5314,1998,2101080
6827,1998,2101085
12225,1998,2101090
18400,1998,2101100
14006,1998,2101102
8958,1998,2101105
12274,1998,2101107
23452,1998,2101110
95646,1998,2101120
7400,1998,2101125
819799,1998,2101130
23110,1998,2101140
32728,1998,2101150
10426,1998,2101153
3952,1998,2101157
15406,1998,2101160
6072,1998,2101163
3686,1998,2101167
16874,1998,2101170
7103,1998,2101172
9153,1998,2101174
17793,1998,2101176
15655,1998,2101178
18455,1998,2101180
10605,1998,2101190
3801,1998,2101195
6316,1998,2101200
26664,1998,2101210
123497,1998,2101220
18317,1998,2101223
5364,1998,2101227
34097,1998,2101230
29794,1998,2101240
18835,1998,2101245
38537,1998,2101250
22435,1998,2101260
31392,1998,2101270
49098,1998,2101280
5634,1998,2101285
27190,1998,2101290
29835,1998,2101300
41800,1998,2101400
4540,1998,2200005
5551,1998,2200010
13452,1998,2200020
6934,1998,2200025
4370,1998,2200027
12474,1998,2200030
39496,1998,2200040
4006,1998,2200045
17228,1998,2200050
7240,1998,2200060
6620,1998,2200070
2512,1998,2200080
6142,1998,2200090
4708,1998,2200100
6402,1998,2200105
9274,1998,2200110
7926,1998,2200115
4235,1998,2200117
40449,1998,2200120
3005,1998,2200130
6317,1998,2200140
23522,1998,2200150
3099,1998,2200155
2330,1998,2200157
9742,1998,2200160
5109,1998,2200170
7346,1998,2200173
4238,1998,2200177
4057,1998,2200180
14682,1998,2200190
4511,1998,2200191
4617,1998,2200192
5646,1998,2200194
8139,1998,2200196
2216,1998,2200198
17676,1998,2200200
6071,1998,2200202
8626,1998,2200205
2597,1998,2200207
6193,1998,2200208
5486,1998,2200209
4839,1998,2200210
4228,1998,2200211
4289,1998,2200213
5207,1998,2200217
41151,1998,2200220
3974,1998,2200225
16793,1998,2200230
10197,1998,2200240
4611,1998,2200245
7760,1998,2200250
3576,1998,2200253
3512,1998,2200255
18230,1998,2200260
2672,1998,2200265
24026,1998,2200270
3950,1998,2200271
4470,1998,2200272
3171,1998,2200273
4748,1998,2200275
6987,1998,2200277
4533,1998,2200280
3689,1998,2200285
20569,1998,2200290
6213,1998,2200300
8424,1998,2200310
8307,1998,2200320
3980,1998,2200323
4158,1998,2200327
3167,1998,2200325
11853,1998,2200330
6394,1998,2200335
6131,1998,2200340
7544,1998,2200345
4430,1998,2200342
14690,1998,2200350
4209,1998,2200360
33250,1998,2200370
4118,1998,2200375
4210,1998,2200380
2289,1998,2200385
52445,1998,2200390
4773,1998,2200400
4983,1998,2200410
2104,1998,2200415
6283,1998,2200420
9691,1998,2200430
4423,1998,2200435
10491,1998,2200440
10518,1998,2200450
4613,1998,2200455
3559,1998,2200460
7514,1998,2200465
13870,1998,2200470
8364,1998,2200480
7186,1998,2200490
9981,1998,2200500
9786,1998,2200510
4770,1998,2200515
14767,1998,2200520
4241,1998,2200525
3591,1998,2200527
4593,1998,2200530
2740,1998,2200535
13380,1998,2200540
4097,1998,2200545
29274,1998,2200550
4721,1998,2200551
4342,1998,2200552
4049,1998,2200553
6751,1998,2200555
5174,1998,2200557
4893,1998,2200556
2980,1998,2200558
3571,1998,2200559
2318,1998,2200554
5343,1998,2200560
22737,1998,2200570
25764,1998,2200580
5816,1998,2200585
4579,1998,2200590
6208,1998,2200595
4462,1998,2200600
5641,1998,2200605
9012,1998,2200610
28106,1998,2200620
1616,1998,2200630
5501,1998,2200635
10379,1998,2200640
6662,1998,2200650
9362,1998,2200660
4349,1998,2200665
4804,1998,2200667
6014,1998,2200669
8227,1998,2200670
3346,1998,2200675
7808,1998,2200680
3559,1998,2200795
6215,1998,2200690
3232,1998,2200695
31841,1998,2200700
2833,1998,2200710
6604,1998,2200720
3700,1998,2200730
3602,1998,2200735
5173,1998,2200740
11907,1998,2200750
4495,1998,2200755
9484,1998,2200760
128133,1998,2200770
4053,1998,2200775
5633,1998,2200777
15560,1998,2200780
3849,1998,2200785
36078,1998,2200790
1446,1998,2200793
63973,1998,2200800
8943,1998,2200810
15199,1998,2200820
24307,1998,2200830
59479,1998,2200840
10300,1998,2200850
1918,1998,2200855
3093,1998,2200860
7896,1998,2200865
7738,1998,2200870
16669,1998,2200880
4457,1998,2200885
3552,1998,2200887
5980,1998,2200890
5878,1998,2200900
6200,1998,2200910
3556,1998,2200915
5791,1998,2200920
4386,1998,2200930
5101,1998,2200937
3480,1998,2200935
5027,1998,2200940
1657,1998,2200945
3250,1998,2200950
4185,1998,2200955
3277,1998,2200960
3920,1998,2200965
6125,1998,2200970
2422,1998,2200975
3641,1998,2200980
4471,1998,2200985
5147,1998,2200987
6858,1998,2200990
4267,1998,2200995
4197,1998,2200997
15501,1998,2201000
5147,1998,2201005
3613,1998,2201010
5931,1998,2201020
5515,1998,2201030
4454,1998,2201035
2437,1998,2201037
1485,1998,2201038
2852,1998,2201039
19190,1998,2201040
12160,1998,2201050
25577,1998,2201060
3891,1998,2201062
3453,1998,2201063
7759,1998,2201065
11959,1998,2201070
10374,1998,2201080
4360,1998,2201090
4346,1998,2201093
2869,1998,2201095
2415,1998,2201097
680131,1998,2201100
37423,1998,2201110
15486,1998,2201120
18824,1998,2201130
4610,1998,2201135
4294,1998,2201140
2597,1998,2201150
2813,1998,2201160
3891,1998,2201170
7302,1998,2300010
11249,1998,2300015
45268,1998,2300020
46788,1998,2300030
14123,1998,2300040
9406,1998,2300050
5768,1998,2300060
13234,1998,2300070
29929,1998,2300075
6135,1998,2300080
11804,1998,2300090
55087,1998,2300100
60035,1998,2300110
24458,1998,2300120
10851,1998,2300125
17732,1998,2300130
12114,1998,2300140
6950,1998,2300150
18646,1998,2300160
24722,1998,2300170
6388,1998,2300180
15507,1998,2300185
45619,1998,2300190
17823,1998,2300195
19673,1998,2300200
13092,1998,2300205
30257,1998,2300210
38554,1998,2300220
28562,1998,2300230
47673,1998,2300240
35217,1998,2300250
52094,1998,2300260
24159,1998,2300270
67199,1998,2300280
15473,1998,2300290
14506,1998,2300300
18371,1998,2300310
24910,1998,2300320
17103,1998,2300330
15180,1998,2300340
51260,1998,2300350
12835,1998,2300360
9079,1998,2300365
229460,1998,2300370
23492,1998,2300380
11570,1998,2300390
11744,1998,2300393
16135,1998,2300395
19522,1998,2300400
64342,1998,2300410
97885,1998,2300420
16230,1998,2300423
18855,1998,2300425
7734,1998,2300426
5979,1998,2300427
28957,1998,2300428
20702,1998,2300430
17444,1998,2300435
2056285,1998,2300440
11660,1998,2300445
11547,1998,2300450
4719,1998,2300460
14463,1998,2300465
45175,1998,2300470
4932,1998,2300480
8446,1998,2300490
16693,1998,2300495
32774,1998,2300500
5639,1998,2300510
16658,1998,2300520
27016,1998,2300523
10586,1998,2300526
21465,1998,2300530
8975,1998,2300533
16469,1998,2300535
57523,1998,2300540
79072,1998,2300550
22943,1998,2300560
11128,1998,2300565
10658,1998,2300570
34811,1998,2300580
36094,1998,2300590
13288,1998,2300600
16735,1998,2300610
6664,1998,2300620
27552,1998,2300625
39647,1998,2300630
82235,1998,2300640
14864,1998,2300650
26003,1998,2300655
14807,1998,2300660
16938,1998,2300670
8012,1998,2300680
33138,1998,2300690
30192,1998,2300700
25676,1998,2300710
6586,1998,2300720
10349,1998,2300725
196351,1998,2300730
20278,1998,2300740
31275,1998,2300750
46204,1998,2300760
14663,1998,2300763
161409,1998,2300765
86466,1998,2300770
18069,1998,2300780
7761,1998,2300790
26240,1998,2300800
38795,1998,2300810
10889,1998,2300820
24115,1998,2300830
12186,1998,2300835
10856,1998,2300837
29861,1998,2300840
38867,1998,2300850
15223,1998,2300860
61084,1998,2300870
6864,1998,2300880
16152,1998,2300890
12822,1998,2300900
8412,1998,2300910
11280,1998,2300920
29656,1998,2300930
25557,1998,2300940
20494,1998,2300945
20877,1998,2300950
39065,1998,2300960
45933,1998,2300970
11645,1998,2300980
5493,1998,2300990
7535,1998,2301000
9627,1998,2301010
24500,1998,2301020
21360,1998,2301025
31285,1998,2301030
11561,1998,2301040
37309,1998,2301050
6082,1998,2301060
28058,1998,2301070
13663,1998,2301080
14273,1998,2301085
12577,1998,2301090
11098,1998,2301095
11455,1998,2301100
15253,1998,2301110
8406,1998,2301120
5881,1998,2301123
17203,1998,2301126
66037,1998,2301130
14845,1998,2301135
55926,1998,2301140
16057,1998,2301150
21499,1998,2301160
21409,1998,2301170
54695,1998,2301180
16771,1998,2301190
12258,1998,2301195
38948,1998,2301220
27155,1998,2301200
16726,1998,2301210
38228,1998,2301230
34441,1998,2301240
8582,1998,2301250
11122,1998,2301260
24623,1998,2301270
5656,1998,2301280
143672,1998,2301290
16165,1998,2301300
27407,1998,2301310
27996,1998,2301320
7683,1998,2301325
49575,1998,2301330
11119,1998,2301335
51885,1998,2301340
40373,1998,2301350
10932,1998,2301355
27848,1998,2301360
7401,1998,2301370
15225,1998,2301375
16131,1998,2301380
9863,1998,2301390
14634,1998,2301395
33712,1998,2301400
44206,1998,2301410
10898,1998,2400010
45937,1998,2400020
9623,1998,2400030
2636,1998,2400040
13271,1998,2400050
5010,1998,2400060
9585,1998,2400070
10964,1998,2400080
6643,1998,2400090
29711,1998,2400100
20196,1998,2400110
11613,1998,2400120
9555,1998,2400130
7372,1998,2400140
18568,1998,2400145
3947,1998,2400150
4722,1998,2400160
2463,1998,2400165
8931,1998,2400170
10150,1998,2400180
6721,1998,2400185
2628,1998,2400190
53038,1998,2400200
9206,1998,2400210
24601,1998,2400220
20432,1998,2400230
6469,1998,2400240
8036,1998,2400250
62613,1998,2400260
10041,1998,2400270
5031,1998,2400280
4374,1998,2400290
8009,1998,2400300
40716,1998,2400310
5918,1998,2400320
4641,1998,2400330
5750,1998,2400340
8945,1998,2400350
19237,1998,2400360
5372,1998,2400370
2620,1998,2400375
8861,1998,2400380
2928,1998,2400390
4428,1998,2400400
1507,1998,2400410
16352,1998,2400420
11453,1998,2400430
7479,1998,2400440
9092,1998,2400450
9340,1998,2400460
11793,1998,2400470
1816,1998,2400480
4985,1998,2400485
5699,1998,2400490
7036,1998,2400500
6175,1998,2400510
6034,1998,2400520
7253,1998,2400530
6450,1998,2400540
2557,1998,2400550
10730,1998,2400560
11924,1998,2400570
36839,1998,2400580
2317,1998,2400590
5423,1998,2400600
18405,1998,2400610
5116,1998,2400620
6534,1998,2400630
2274,1998,2400640
10967,1998,2400650
6661,1998,2400660
8919,1998,2400670
4209,1998,2400680
3114,1998,2400690
9057,1998,2400700
47569,1998,2400710
23815,1998,2400720
2899,1998,2400725
7855,1998,2400730
7357,1998,2400740
7119,1998,2400750
3589,1998,2400760
10346,1998,2400770
16622,1998,2400780
2737,1998,2400790
212049,1998,2400800
678623,1998,2400810
17080,1998,2400820
32619,1998,2400830
4901,1998,2400840
4602,1998,2400850
3270,1998,2400860
4159,1998,2400870
4153,1998,2400880
18543,1998,2400890
93059,1998,2400325
7197,1998,2400910
2342,1998,2400920
10766,1998,2400930
22504,1998,2400940
3553,1998,2400950
2669,1998,2400960
6681,1998,2400970
13688,1998,2400980
10847,1998,2400990
2682,1998,2401000
12025,1998,2401010
6443,1998,2401020
3113,1998,2401025
6584,1998,2401030
5799,1998,2401040
4009,1998,2401050
2928,1998,2401060
2705,1998,2401070
4040,1998,2401080
4996,1998,2401090
9016,1998,2400895
6302,1998,2401100
3808,1998,2401110
29857,1998,2401120
3306,1998,2400933
12792,1998,2401140
2265,1998,2401142
20631,1998,2401150
3703,1998,2401160
3206,1998,2401170
3487,1998,2401180
3396,1998,2401190
61363,1998,2401200
5427,1998,2401210
34466,1998,2401220
10981,1998,2401230
3637,1998,2401240
18649,1998,2401250
5862,1998,2401255
13712,1998,2401260
6080,1998,2401270
8392,1998,2401280
10762,1998,2401290
4949,1998,2401300
4915,1998,2401310
3116,1998,2401320
4986,1998,2401330
7320,1998,2401335
7394,1998,2401340
5924,1998,2401350
4009,1998,2401355
10300,1998,2401360
4499,1998,2401370
2174,1998,2401380
10255,1998,2401390
11031,1998,2401400
8498,1998,2401410
3313,1998,2401415
2073,1998,2401105
5922,1998,2401420
2270,1998,2401430
21358,1998,2401440
3781,1998,2401445
10535,1998,2401450
10883,1998,2401460
8149,1998,2401470
2938,1998,2401475
9930,1998,2401480
1674,1998,2401490
2644,1998,2401500
8866,1998,2500010
5969,1998,2500020
29780,1998,2500030
18049,1998,2500040
12236,1998,2500050
4341,1998,2500053
1869,1998,2500057
15166,1998,2500060
1586,1998,2500073
4981,1998,2500077
20172,1998,2500080
10607,1998,2500090
15595,1998,2500100
25185,1998,2500110
1973,1998,2500115
6179,1998,2500120
19554,1998,2500130
2387,1998,2500135
6271,1998,2500140
21256,1998,2500150
2437,1998,2500153
12908,1998,2500160
8263,1998,2500157
5485,1998,2500170
87177,1998,2500180
16869,1998,2500190
7384,1998,2500200
2446,1998,2500205
5796,1998,2500210
4522,1998,2500215
1789,1998,2500220
5577,1998,2500230
7873,1998,2500240
16173,1998,2500250
4131,1998,2500270
11819,1998,2500280
5352,1998,2500290
17124,1998,2500300
4253,1998,2500310
35930,1998,2500320
8514,1998,2500330
2976,1998,2500340
17120,1998,2500350
6717,1998,2500355
7086,1998,2500360
51726,1998,2500370
3050,1998,2500375
4945,1998,2500380
5742,1998,2500390
348671,1998,2500400
9656,1998,2501640
4153,1998,2500403
3324,1998,2500407
2069,1998,2500410
6243,1998,2500415
4436,1998,2500420
26188,1998,2500430
3864,1998,2500435
17474,1998,2500440
7208,1998,2500450
12702,1998,2500460
4789,1998,2500470
14183,1998,2500480
1239,1998,2500485
13057,1998,2500490
6550,1998,2500500
20105,1998,2500510
5969,1998,2500523
7167,1998,2500520
5036,1998,2500527
2491,1998,2500530
3256,1998,2500535
7374,1998,2500540
6854,1998,2500560
9829,1998,2500570
4670,1998,2500580
2694,1998,2500590
27781,1998,2500600
12377,1998,2500610
2888,1998,2500620
8513,1998,2500625
53561,1998,2500630
14303,1998,2500640
2749,1998,2500650
6502,1998,2500660
5964,1998,2500260
10048,1998,2500670
17407,1998,2500680
26052,1998,2500690
21751,1998,2500700
14653,1998,2500710
9497,1998,2500720
12847,1998,2500730
7223,1998,2500740
573144,1998,2500750
7341,1998,2500760
13493,1998,2500770
5711,1998,2500780
10326,1998,2500790
10394,1998,2500800
5301,1998,2500810
7402,1998,2500820
23803,1998,2500830
3231,1998,2500840
7174,1998,2500850
3095,1998,2500855
8712,1998,2500860
3805,1998,2500870
5508,1998,2500880
36484,1998,2500890
10751,1998,2500900
5541,1998,2500905
20237,1998,2500910
5758,1998,2500915
11743,1998,2500920
5547,1998,2500930
4597,1998,2500933
2199,1998,2500937
4850,1998,2500939
13426,1998,2500940
3911,1998,2500950
4035,1998,2500960
26273,1998,2500970
10363,1998,2500980
10623,1998,2500990
7281,1998,2501000
9410,1998,2501010
7544,1998,2501020
3567,1998,2501030
7748,1998,2501040
3361,1998,2501050
2936,1998,2501060
1184,1998,2501065
1834,1998,2501070
89111,1998,2501080
11460,1998,2501090
3656,1998,2501100
6063,1998,2501110
24779,1998,2501120
4556,1998,2501272
15530,1998,2501130
16169,1998,2501140
9638,1998,2501150
6949,1998,2501160
5432,1998,2501170
10638,1998,2501180
12643,1998,2501190
14135,1998,2501200
3307,1998,2501203
3895,1998,2501207
29883,1998,2501210
3547,1998,2501220
17105,1998,2501230
11261,1998,2501240
33676,1998,2501250
1445,1998,2501260
14408,1998,2501270
2465,1998,2501274
3669,1998,2501275
2573,1998,2501276
1261,1998,2501278
8336,1998,2501280
22307,1998,2501290
2935,1998,2501300
12764,1998,2501310
6643,1998,2501315
6736,1998,2501320
6014,1998,2501330
3691,1998,2501335
13367,1998,2501340
110776,1998,2501370
4863,1998,2501380
5677,1998,2501350
7225,1998,2501360
2463,1998,2501365
2655,1998,2501385
3147,1998,2501392
25473,1998,2501390
2948,1998,2501396
1803,1998,2501394
3196,1998,2501398
4825,1998,2501400
16436,1998,2500070
4197,1998,2501410
7940,1998,2501420
5516,1998,2501430
4949,1998,2501440
16476,1998,2501450
5280,1998,2501455
2784,1998,2501460
1439,1998,2501465
3886,1998,2501470
4050,1998,2501480
4829,1998,2501445
8296,1998,2501490
5210,1998,2501500
9969,1998,2501510
2395,1998,2501520
46007,1998,2501530
8694,1998,2501540
12627,1998,2501550
3605,1998,2501560
2882,1998,2501570
8044,1998,2501580
8383,1998,2501590
2363,1998,2501593
7373,1998,2501597
30598,1998,2501600
11027,1998,2501610
2316,1998,2501615
58881,1998,2501620
15217,1998,2501630
13042,1998,2501650
13529,1998,2501660
12996,1998,2501670
2298,1998,2501675
9307,1998,2501680
13930,1998,2501690
9626,1998,2501700
2033,1998,2501710
4513,1998,2501720
3269,1998,2500550
2098,1998,2501740
82215,1998,2600005
33224,1998,2600010
14064,1998,2600020
18498,1998,2600030
25524,1998,2600040
35161,1998,2600050
11647,1998,2600060
36701,1998,2600070
21051,1998,2600080
20636,1998,2600090
8222,1998,2600100
12599,1998,2600105
64936,1998,2600110
59729,1998,2600120
11091,1998,2600130
37657,1998,2600140
14859,1998,2600150
20952,1998,2600160
70494,1998,2600170
10510,1998,2600180
52518,1998,2600190
25079,1998,2600200
40800,1998,2600210
38010,1998,2600220
33991,1998,2600230
7965,1998,2600240
6963,1998,2600250
36412,1998,2600260
12847,1998,2600270
38543,1998,2600280
147075,1998,2600290
26533,1998,2600300
15419,1998,2600310
19470,1998,2600320
10992,1998,2600330
7101,1998,2600340
116503,1998,2600345
14564,1998,2600350
7844,1998,2600360
22799,1998,2600370
19200,1998,2600380
17955,1998,2600390
11027,1998,2600392
55150,1998,2600400
240398,1998,2600410
12588,1998,2600415
31035,1998,2600420
8186,1998,2600430
10800,1998,2600440
15995,1998,2600450
20917,1998,2600460
18338,1998,2600470
13826,1998,2600480
22916,1998,2600490
23136,1998,2600500
27141,1998,2600510
13422,1998,2600515
58358,1998,2600520
30865,1998,2600530
18080,1998,2600540
1960,1998,2600545
9879,1998,2600550
20567,1998,2600560
23534,1998,2600570
12385,1998,2600580
22255,1998,2600590
113184,1998,2600600
27624,1998,2600610
68396,1998,2600620
5894,1998,2600630
61732,1998,2600640
15718,1998,2600650
25035,1998,2600660
7401,1998,2600670
76181,1998,2600680
11429,1998,2600690
14456,1998,2600760
10711,1998,2600700
4726,1998,2600710
50640,1998,2600720
21573,1998,2600730
3877,1998,2600740
24124,1998,2600750
33373,1998,2600765
15140,1998,2600770
20022,1998,2600775
14233,1998,2600780
549664,1998,2600790
10773,1998,2600795
17492,1998,2600800
11644,1998,2600805
25261,1998,2600810
13874,1998,2600820
9116,1998,2600825
11597,1998,2600830
12468,1998,2600840
11771,1998,2600845
18442,1998,2600850
10758,1998,2600860
14865,1998,2600870
18017,1998,2600875
31322,1998,2600880
56875,1998,2600890
23474,1998,2600900
10107,1998,2600910
11810,1998,2600915
11651,1998,2600920
12529,1998,2600930
13245,1998,2601430
40648,1998,2600940
28353,1998,2600950
353051,1998,2600960
22315,1998,2600970
10672,1998,2600980
47823,1998,2600990
56025,1998,2601000
9431,1998,2601010
25061,1998,2601020
12775,1998,2601030
18563,1998,2601040
27308,1998,2601050
41469,1998,2601060
243814,1998,2601070
19172,1998,2601080
54703,1998,2601090
22692,1998,2601100
204479,1998,2601110
10861,1998,2601120
21986,1998,2601130
10758,1998,2601140
18974,1998,2601150
6962,1998,2601153
1368029,1998,2601160
16571,1998,2601170
39631,1998,2601180
20216,1998,2601190
14005,1998,2601200
5889,1998,2601210
50123,1998,2601220
15417,1998,2601230
16605,1998,2601240
11080,1998,2601245
10864,1998,2601247
49354,1998,2601250
9162,1998,2601255
33291,1998,2601260
11571,1998,2601270
9474,1998,2601280
11586,1998,2601290
46998,1998,2601300
31071,1998,2601310
18331,1998,2601320
19550,1998,2601330
13740,1998,2601340
31228,1998,2601350
28878,1998,2601360
91294,1998,2601370
15991,1998,2601380
68734,1998,2601390
16199,1998,2601400
28914,1998,2601410
31383,1998,2601420
5299,1998,2601440
46530,1998,2601450
23467,1998,2601460
10961,1998,2601470
15989,1998,2601480
15732,1998,2601485
19556,1998,2601500
6190,1998,2601510
7157,1998,2601520
56139,1998,2601530
19333,1998,2601540
12740,1998,2601550
19803,1998,2601560
14434,1998,2601570
19254,1998,2601580
8200,1998,2601590
13632,1998,2601600
8518,1998,2601610
8836,1998,2601618
12835,1998,2601620
26330,1998,2601630
112745,1998,2601640
13666,1998,2601650
17635,1998,2700010
16571,1998,2700020
177215,1998,2700030
35337,1998,2700040
9802,1998,2700050
6403,1998,2700060
13689,1998,2700070
4959,1998,2700080
6023,1998,2700090
22014,1998,2700100
10390,1998,2700110
8033,1998,2700120
17037,1998,2700130
6385,1998,2700135
38956,1998,2700140
10475,1998,2700150
16266,1998,2700160
20518,1998,2700170
6047,1998,2700180
7134,1998,2700190
10372,1998,2700200
18272,1998,2700210
5178,1998,2700220
45495,1998,2700230
18960,1998,2700235
40264,1998,2700240
12166,1998,2700250
15158,1998,2700255
18832,1998,2700260
3892,1998,2700270
12847,1998,2700280
27310,1998,2700290
13887,1998,2700300
23386,1998,2700310
19224,1998,2700320
15488,1998,2700330
5557,1998,2700340
7582,1998,2700350
6152,1998,2700360
5342,1998,2700370
18381,1998,2700380
4306,1998,2700390
23137,1998,2700400
18821,1998,2700410
19010,1998,2700420
766476,1998,2700430
17343,1998,2700440
4629,1998,2700490
17241,1998,2700450
14704,1998,2700460
29436,1998,2700470
13168,1998,2700480
23519,1998,2700500
24415,1998,2700510
10682,1998,2700520
5021,1998,2700530
6572,1998,2700540
22218,1998,2700550
10429,1998,2700560
18104,1998,2700570
5605,1998,2700580
4586,1998,2700590
10241,1998,2700600
8981,1998,2700610
4325,1998,2700620
68946,1998,2700630
24398,1998,2700640
8120,1998,2700642
7252,1998,2700644
13696,1998,2700650
9604,1998,2700660
55400,1998,2700670
15130,1998,2700680
30738,1998,2700690
3028,1998,2700700
20855,1998,2700710
10171,1998,2700720
24598,1998,2700730
11049,1998,2700740
17202,1998,2700750
12352,1998,2700760
60764,1998,2700770
7256,1998,2700780
6699,1998,2700790
38941,1998,2700800
12114,1998,2700810
6205,1998,2700820
22196,1998,2700830
28330,1998,2700840
31024,1998,2700850
49171,1998,2700860
5859,1998,2700870
28326,1998,2700880
11716,1998,2700890
7712,1998,2700895
6611,1998,2700900
17107,1998,2700910
35089,1998,2700915
24518,1998,2700920
52848,1998,2700930
25489,1998,2700940
2056,1998,2800010
17837,1998,2800020
440113,1998,2800030
10676,1998,2800040
15045,1998,2800050
17311,1998,2800060
24247,1998,2800067
6857,1998,2800070
15980,1998,2800100
3901,1998,2800110
15552,1998,2800120
26239,1998,2800130
17183,1998,2800140
8335,1998,2800150
5179,1998,2800160
13688,1998,2800170
3581,1998,2800190
2921,1998,2800200
57841,1998,2800210
4831,1998,2800220
11704,1998,2800230
10036,1998,2800240
2425,1998,2800250
5238,1998,2800260
7839,1998,2800270
12120,1998,2800280
76361,1998,2800290
33163,1998,2800300
4853,1998,2800310
19955,1998,2800320
13911,1998,2800330
10285,1998,2800340
76765,1998,2800350
22585,1998,2800360
5527,1998,2800370
3007,1998,2800380
11117,1998,2800390
14361,1998,2800400
10368,1998,2800410
10251,1998,2800420
6938,1998,2800430
17282,1998,2800440
7809,1998,2800445
24882,1998,2800450
20751,1998,2800460
5590,1998,2800470
123315,1998,2800480
11048,1998,2800490
2394,1998,2800500
8190,1998,2800510
4875,1998,2800520
6358,1998,2800530
18545,1998,2800540
17421,1998,2800550
22954,1998,2800560
26486,1998,2800570
18163,1998,2800580
7897,1998,2800590
14718,1998,2800600
7025,1998,2800610
17928,1998,2800620
11693,1998,2800630
3318,1998,2800650
5691,1998,2800640
9983,1998,2800660
60995,1998,2800670
8615,1998,2800680
2609,1998,2800690
3057,1998,2800700
34356,1998,2800710
7031,1998,2800720
2569,1998,2800730
42198,1998,2800740
13356,1998,2800750
17669,1998,2800760
13808,1998,2900010
12782,1998,2900020
13285,1998,2900030
11072,1998,2900035
14237,1998,2900040
6763,1998,2900060
125570,1998,2900070
16560,1998,2900080
7552,1998,2900090
31360,1998,2900100
23984,1998,2900110
13916,1998,2900115
44688,1998,2900120
17416,1998,2900130
17592,1998,2900135
13460,1998,2900140
8628,1998,2900150
10511,1998,2900160
11022,1998,2900170
13840,1998,2900180
13941,1998,2900190
10917,1998,2900195
12272,1998,2900205
18629,1998,2900200
55657,1998,2900210
9532,1998,2900220
11252,1998,2900225
8482,1998,2900230
16737,1998,2900240
11724,1998,2900250
21040,1998,2900260
10081,1998,2900265
40342,1998,2900270
22422,1998,2900280
42576,1998,2900290
11997,1998,2900300
8248,1998,2900310
123371,1998,2900320
10671,1998,2900323
18896,1998,2900340
15463,1998,2900350
12949,1998,2900360
18838,1998,2900370
18458,1998,2900380
53931,1998,2900390
12910,1998,2900395
13806,1998,2900400
15695,1998,2900405
21325,1998,2900410
13330,1998,2900420
16688,1998,2900430
8813,1998,2900440
13910,1998,2900450
63951,1998,2900460
17943,1998,2900470
16667,1998,2900475
15758,1998,2900480
14877,1998,2900485
31074,1998,2900490
22323,1998,2900500
17202,1998,2900510
12471,1998,2900515
44692,1998,2900520
14490,1998,2900530
7817,1998,2900540
16310,1998,2900550
31490,1998,2900560
144672,1998,2900570
29270,1998,2900580
25194,1998,2900590
56969,1998,2900600
10145,1998,2900610
21295,1998,2900620
34985,1998,2900630
9333,1998,2900640
69949,1998,2900650
12479,1998,2900660
26169,1998,2900670
31181,1998,2900680
18774,1998,2900682
11079,1998,2900685
29295,1998,2900687
13594,1998,2900689
16975,1998,2900690
7785,1998,2900700
26334,1998,2900710
50202,1998,2900720
27002,1998,2900730
2865,1998,2900740
48525,1998,2900750
11379,1998,2900755
13281,1998,2900760
9305,1998,2900770
29104,1998,2900780
13229,1998,2900790
24929,1998,2900800
17533,1998,2900810
17621,1998,2900820
20170,1998,2900830
51579,1998,2900840
24844,1998,2900850
20339,1998,2900860
18005,1998,2900870
5156,1998,2900880
22629,1998,2900890
10754,1998,2900900
16966,1998,2900910
20710,1998,2900920
30504,1998,2900930
12287,1998,2900940
4876,1998,2900950
16874,1998,2900960
12963,1998,2900970
50968,1998,2900980
25381,1998,2900990
16450,1998,2901000
41131,1998,2901005
10002,1998,2901010
3436,1998,2901020
7960,1998,2901030
33593,1998,2901040
35125,1998,2901050
9238,1998,2900050
27572,1998,2901060
48214,1998,2901070
93272,1998,2901072
17902,1998,2901075
6490,1998,2901077
470726,1998,2901080
18549,1998,2901085
5981,1998,2901090
12261,1998,2901100
16458,1998,2901110
31819,1998,2901120
4668,1998,2901125
8775,1998,2901130
13514,1998,2901140
11879,1998,2901150
6492,1998,2900330
15470,1998,2901160
13385,1998,2901165
70454,1998,2901170
22349,1998,2901180
12483,1998,2901185
28506,1998,2901190
10307,1998,2901200
29984,1998,2901210
9376,1998,2901220
15332,1998,2901230
13480,1998,2901240
13570,1998,2901250
4280,1998,2901260
23578,1998,2901270
6907,1998,2901280
27700,1998,2901290
14696,1998,2901300
16926,1998,2901310
24503,1998,2901320
10596,1998,2901330
15139,1998,2901340
13556,1998,2901345
21018,1998,2901350
251036,1998,2901360
26115,1998,2901370
17782,1998,2901380
40719,1998,2901390
63115,1998,2901400
8596,1998,2901410
6810,1998,2901420
18268,1998,2901430
18577,1998,2901440
25228,1998,2901450
52602,1998,2901460
29185,1998,2901465
57902,1998,2901470
182542,1998,2901480
15566,1998,2901490
14516,1998,2901500
15540,1998,2901510
14782,1998,2901520
6422,1998,2901530
12346,1998,2901535
8286,1998,2901540
26847,1998,2901550
61948,1998,2901560
7386,1998,2901570
31966,1998,2901580
4235,1998,2901590
22895,1998,2901600
19556,1998,2901610
13456,1998,2901620
11330,1998,2901630
54627,1998,2901640
24256,1998,2901650
10252,1998,2901660
7414,1998,2901670
14921,1998,2901680
12433,1998,2901685
14115,1998,2901690
35027,1998,2901700
17721,1998,2901710
20214,1998,2901720
20770,1998,2901730
11511,1998,2901733
9369,1998,2901735
13486,1998,2901740
92810,1998,2901750
42744,1998,2901760
40533,1998,2901770
13437,1998,2901780
9061,1998,2901790
174799,1998,2901800
32029,1998,2901810
14773,1998,2901820
16220,1998,2901830
16832,1998,2901835
191963,1998,2901840
11269,1998,2901845
12263,1998,2901850
8610,1998,2901855
12023,1998,2901860
4508,1998,2901870
12194,1998,2901875
20094,1998,2901880
3732,1998,2901890
4089,1998,2901900
9670,1998,2901905
10148,1998,2901910
22049,1998,2901915
105462,1998,2901920
10352,1998,2901930
12351,1998,2901940
35234,1998,2901950
10788,1998,2901960
18643,1998,2901970
41696,1998,2901980
7200,1998,2901990
10210,1998,2901992
12293,1998,2901995
6770,1998,2902000
17863,1998,2902010
14850,1998,2902020
7739,1998,2902030
14506,1998,2902040
11112,1998,2902045
32689,1998,2902050
34505,1998,2902060
17965,1998,2902070
13319,1998,2902080
15621,1998,2902090
33327,1998,2902100
10395,1998,2902105
24616,1998,2902110
34874,1998,2902120
13095,1998,2902130
18529,1998,2902140
11438,1998,2902145
52888,1998,2902150
9077,1998,2902160
32184,1998,2902170
12451,1998,2902180
14142,1998,2902190
25243,1998,2902200
14918,1998,2902205
20398,1998,2902210
6926,1998,2902220
10315,1998,2902225
29391,1998,2902230
18703,1998,2902240
24106,1998,2902250
18192,1998,2902260
11084,1998,2902265
13913,1998,2902270
6541,1998,2902273
13553,1998,2902275
6432,1998,2902280
13679,1998,2902285
22186,1998,2902290
28060,1998,2902300
11958,1998,2902303
14371,1998,2902305
23177,1998,2902310
21388,1998,2902320
7626,1998,2902330
15334,1998,2902335
20750,1998,2902340
10777,1998,2902350
26448,1998,2902360
23977,1998,2902370
26721,1998,2902380
12971,1998,2902390
96134,1998,2902400
11943,1998,2902405
7231,1998,2902410
15263,1998,2902420
17812,1998,2902430
31203,1998,2902440
13913,1998,2902450
24709,1998,2902460
10313,1998,2902465
19463,1998,2902467
15886,1998,2902470
18436,1998,2902480
7143,1998,2902490
23790,1998,2902500
40442,1998,2902510
24106,1998,2902520
18453,1998,2902525
70464,1998,2902530
15903,1998,2902540
24805,1998,2902550
12026,1998,2902560
18676,1998,2902570
16965,1998,2902575
24388,1998,2902580
23811,1998,2902590
15183,1998,2902593
20506,1998,2902595
33828,1998,2902600
11669,1998,2902610
21759,1998,2902620
29243,1998,2902630
29494,1998,2902640
12288,1998,2902650
41967,1998,2902660
14955,1998,2902665
12412,1998,2902670
14159,1998,2902680
10001,1998,2902690
31091,1998,2902700
5764,1998,2902710
27657,1998,2902720
10489,1998,2902730
2274167,1998,2902740
17701,1998,2902750
18592,1998,2902760
18859,1998,2902770
7248,1998,2902780
11082,1998,2902790
16170,1998,2902805
42365,1998,2902810
22718,1998,2902840
9004,1998,2902850
31093,1998,2902800
22578,1998,2902820
7977,1998,2902830
57859,1998,2902860
78031,1998,2902870
40372,1998,2902880
18589,1998,2902890
7704,1998,2902895
20245,1998,2902910
13507,1998,2902900
12594,1998,2902905
26343,1998,2902920
18298,1998,2902925
26858,1998,2902930
6254,1998,2902935
16790,1998,2902937
10306,1998,2902940
39459,1998,2902950
15388,1998,2902960
16684,1998,2902970
9905,1998,2902975
18909,1998,2902980
41895,1998,2902990
7579,1998,2903000
85296,1998,2903010
31308,1998,2903020
28590,1998,2903015
19277,1998,2903030
15851,1998,2903040
80936,1998,2903050
12843,1998,2903060
80339,1998,2903070
9679,1998,2903075
14953,1998,2903076
20788,1998,2903077
18775,1998,2903080
12035,1998,2903090
22053,1998,2903100
15410,1998,2903105
7123,1998,2903110
20270,1998,2903120
13866,1998,2903130
104695,1998,2903135
8421,1998,2903140
19327,1998,2903150
11054,1998,2903160
13331,1998,2903170
25960,1998,2903180
42568,1998,2903190
23902,1998,2903200
28821,1998,2903210
23556,1998,2903220
24004,1998,2903230
13240,1998,2903240
16964,1998,2903245
33752,1998,2903250
17866,1998,2903260
22578,1998,2903270
18404,1998,2903280
80991,1998,2903290
17616,1998,2903300
14234,1998,2903305
11522,1998,2903310
11585,1998,2903315
8810,1998,2903317
29970,1998,2903320
6710,1998,2903325
249997,1998,2903330
9376,1998,2903340
13183,1998,2903345
24110,1998,2903350
41048,1998,2903360
6388,1998,3100010
22558,1998,3100020
12579,1998,3100030
3874,1998,3100040
11190,1998,3100050
16711,1998,3100060
2226,1998,3100070
3278,1998,3100080
17424,1998,3100090
11129,1998,3100100
24189,1998,3100110
6424,1998,3100120
2802,1998,3100130
2831,1998,3100140
32750,1998,3100150
61943,1998,3100160
5020,1998,3100163
31847,1998,3100170
6878,1998,3100180
16111,1998,3100190
12491,1998,3100200
3956,1998,3100205
7575,1998,3105350
12701,1998,3100210
5165,1998,3100220
14945,1998,3100230
3501,1998,3100240
5219,1998,3100250
30121,1998,3100260
12617,1998,3100280
5568,1998,3100285
10545,1998,3100290
9535,1998,3100300
1757,1998,3100310
2231,1998,3100320
2456,1998,3100330
35398,1998,3100340
97459,1998,3100350
2850,1998,3100360
7331,1998,3100370
5153,1998,3100375
2703,1998,3100380
6257,1998,3100390
75805,1998,3100400
7880,1998,3100410
31135,1998,3100420
11576,1998,3100430
3119,1998,3100440
3839,1998,3100445
17242,1998,3100450
11271,1998,3100460
15090,1998,3100470
4599,1998,3100480
16877,1998,3100490
7607,1998,3100500
21644,1998,3100510
4942,1998,3100520
4937,1998,3100530
23737,1998,3100540
6356,1998,3100550
111425,1998,3100560
7853,1998,3100570
19587,1998,3100590
10340,1998,3100600
3344,1998,3100610
2124146,1998,3100620
18973,1998,3100630
6912,1998,3100640
13010,1998,3100650
3204,1998,3100665
4021,1998,3100660
285581,1998,3100670
4472,1998,3100680
12064,1998,3100690
2720,1998,3100700
34928,1998,3100710
5201,1998,3100720
41183,1998,3100730
38511,1998,3100740
7038,1998,3100750
3443,1998,3100760
4868,1998,3100770
15514,1998,3100780
11086,1998,3100790
17324,1998,3100800
7237,1998,3100810
6310,1998,3100820
7302,1998,3100825
12642,1998,3100830
15029,1998,3100840
6513,1998,3100850
5151,1998,3100870
10373,1998,3100855
27998,1998,3100860
14900,1998,3100890
5463,1998,3100880
25566,1998,3100900
10512,1998,3100910
9808,1998,3100920
3973,1998,3100925
20796,1998,3100930
23080,1998,3100940
5523,1998,3100945
12501,1998,3100950
3733,1998,3100960
10075,1998,3100970
9376,1998,3100270
2265,1998,3100980
7731,1998,3100990
35620,1998,3101000
4065,1998,3101010
3744,1998,3101020
13314,1998,3101030
3315,1998,3101040
17322,1998,3101050
21556,1998,3101060
12286,1998,3101070
3573,1998,3101080
14293,1998,3101090
18587,1998,3101100
18367,1998,3101110
3130,1998,3101115
48390,1998,3101120
10965,1998,3101130
4742,1998,3101140
11981,1998,3101150
24489,1998,3101160
5629,1998,3101190
4703,1998,3101170
10037,1998,3101180
14256,1998,3101200
3611,1998,3101205
4626,1998,3101210
5072,1998,3101220
29792,1998,3101230
7365,1998,3101240
7403,1998,3101250
14919,1998,3101260
4428,1998,3101265
13762,1998,3101270
7670,1998,3101280
8321,1998,3101290
19120,1998,3101300
3659,1998,3101310
21333,1998,3101320
31557,1998,3101330
72781,1998,3101340
9590,1998,3101350
5616,1998,3101360
23517,1998,3101370
2175,1998,3101380
11024,1998,3101390
10490,1998,3101400
12020,1998,3101410
16851,1998,3101420
29096,1998,3101430
18880,1998,3101440
14555,1998,3101450
8834,1998,3101455
3880,1998,3101460
2931,1998,3101470
4741,1998,3101480
2220,1998,3101490
2163,1998,3101500
17875,1998,3101510
63320,1998,3101530
4069,1998,3101535
3397,1998,3101540
5972,1998,3101545
5025,1998,3101547
22104,1998,3101550
1240,1998,3101560
5947,1998,3101570
9841,1998,3101580
4643,1998,3101590
4935,1998,3101600
13822,1998,3101610
5043,1998,3101615
3063,1998,3101620
6557,1998,3101630
3997,1998,3101640
7082,1998,3101650
21567,1998,3101660
6390,1998,3101670
8241,1998,3101680
2734,1998,3101690
10152,1998,3101700
9283,1998,3101710
4111,1998,3101520
15993,1998,3101730
2697,1998,3101720
4303,1998,3101740
19165,1998,3101750
5000,1998,3101760
11348,1998,3101770
8217,1998,3101780
6458,1998,3101783
4483,1998,3101787
8088,1998,3101790
40726,1998,3101800
4914,1998,3101810
6428,1998,3101820
96575,1998,3101830
21629,1998,3101840
1814,1998,3101850
511829,1998,3101860
8375,1998,3101870
26633,1998,3101880
9046,1998,3101890
3291,1998,3101900
24529,1998,3101910
9880,1998,3101920
26690,1998,3101930
95016,1998,3101940
9897,1998,3101950
2946,1998,3101960
3219,1998,3101970
3541,1998,3101980
3950,1998,3101990
4927,1998,3101995
3513,1998,3102000
4317,1998,3102010
5222,1998,3102015
9262,1998,3102020
5040,1998,3102030
4847,1998,3102040
12184,1998,3102050
4106,1998,3102060
3310,1998,3102070
13809,1998,3102080
4096,1998,3102083
5271,1998,3102087
66674,1998,3102090
5301,1998,3102100
7948,1998,3102110
6219,1998,3102120
5269,1998,3102125
4631,1998,3102130
6739,1998,3102140
3191,1998,3102150
43143,1998,3102160
3796,1998,3102170
8844,1998,3102180
3212,1998,3102190
17632,1998,3102200
4891,1998,3102210
6760,1998,3102220
180816,1998,3102230
4400,1998,3102235
5347,1998,3102240
5902,1998,3102245
3893,1998,3102247
5585,1998,3102250
5058,1998,3102260
5151,1998,3102270
3258,1998,3102280
5392,1998,3102290
8154,1998,3102300
5368,1998,3102310
15024,1998,3102320
4582,1998,3102330
1432,1998,3102340
1711,1998,3102350
6783,1998,3102352
20624,1998,3102360
8587,1998,3102370
6532,1998,3102380
4898,1998,3102385
13100,1998,3102390
15789,1998,3102400
35649,1998,3102410
18339,1998,3102420
32230,1998,3102430
4117,1998,3102440
10182,1998,3102450
2934,1998,3102460
3669,1998,3102470
7004,1998,3102480
9612,1998,3102490
3515,1998,3102500
19860,1998,3102510
2286,1998,3102520
3688,1998,3102530
5335,1998,3102540
7702,1998,3102560
12075,1998,3102570
2789,1998,3102580
11854,1998,3102590
9220,1998,3102595
5465,1998,3102600
60914,1998,3102610
6004,1998,3102620
3677,1998,3102630
2270,1998,3102640
10406,1998,3102650
4267,1998,3102660
23070,1998,3102670
6450,1998,3102675
6495,1998,3102680
8530,1998,3102690
2976,1998,3102695
8545,1998,3102700
5126,1998,3102705
7132,1998,3102707
47987,1998,3102710
2974,1998,3102720
7123,1998,3102730
4800,1998,3102733
2544,1998,3102735
2512,1998,3102737
3318,1998,3102738
3423,1998,3102740
5491,1998,3102750
11352,1998,3102760
231572,1998,3102770
13946,1998,3102780
1536,1998,3102790
27089,1998,3102800
13892,1998,3102810
10306,1998,3102820
4141,1998,3102825
18424,1998,3102830
8169,1998,3102840
4282,1998,3102850
6713,1998,3102860
45521,1998,3102870
7232,1998,3102880
5766,1998,3102890
9122,1998,3102900
6850,1998,3102910
5583,1998,3102920
9234,1998,3102930
4933,1998,3102940
20760,1998,3102950
7002,1998,3102960
5764,1998,3102965
8266,1998,3102970
119955,1998,3102980
2933,1998,3102990
2760,1998,3103000
8024,1998,3103005
18808,1998,3103010
7203,1998,3103020
8953,1998,3103030
5137,1998,3103040
10281,1998,3103050
4710,1998,3103055
6360,1998,3103060
6831,1998,3103065
5786,1998,3103070
2432,1998,3103080
24985,1998,3103090
4661,1998,3103100
5411,1998,3103110
14018,1998,3103115
16164,1998,3103120
203029,1998,3103130
3809,1998,3103140
8778,1998,3103150
5027,1998,3103160
100016,1998,3103170
9274,1998,3103180
37012,1998,3103190
4617,1998,3103200
15978,1998,3103210
11455,1998,3103220
9819,1998,3103230
81777,1998,3103240
28273,1998,3103250
3514,1998,3103260
22978,1998,3103270
2497,1998,3103280
10053,1998,3103290
11786,1998,3103300
12876,1998,3103310
11425,1998,3103320
22192,1998,3103330
11358,1998,3103340
21888,1998,3103350
6814,1998,3103360
8702,1998,3103370
13024,1998,3103375
72447,1998,3103380
6704,1998,3103390
14875,1998,3103400
5703,1998,3103410
89642,1998,3103420
6500,1998,3103430
26588,1998,3103440
4182,1998,3103450
12331,1998,3103460
11776,1998,3103470
7554,1998,3103480
15390,1998,3103490
2481,1998,3103500
24447,1998,3103505
4988,1998,3103507
60346,1998,3103510
63509,1998,3103520
3545,1998,3103530
6373,1998,3103535
5803,1998,3103540
7063,1998,3103545
13148,1998,3103550
7862,1998,3103560
5283,1998,3103570
23962,1998,3103580
4699,1998,3103590
15213,1998,3103600
6410,1998,3103610
63030,1998,3103620
38796,1998,3103630
3885,1998,3103640
10319,1998,3103650
4433,1998,3103652
3810,1998,3103655
4067,1998,3103657
12992,1998,3103665
442187,1998,3103670
3761,1998,3103680
7091,1998,3103690
7043,1998,3103695
14850,1998,3103700
7917,1998,3103710
36171,1998,3103720
4727,1998,3103730
11467,1998,3103740
15801,1998,3103750
7267,1998,3103753
32313,1998,3103760
15679,1998,3103770
18127,1998,3103780
3459,1998,3103790
5836,1998,3103800
6040,1998,3103810
76633,1998,3103820
3131,1998,3103830
4485,1998,3103835
47223,1998,3103840
5954,1998,3103850
15006,1998,3103860
6245,1998,3103862
7342,1998,3103865
5296,1998,3103867
4940,1998,3103868
5551,1998,3103870
17320,1998,3103880
6696,1998,3103890
32815,1998,3103900
4516,1998,3103910
17669,1998,3103920
6236,1998,3103925
21732,1998,3103930
59548,1998,3103940
17410,1998,3103950
27014,1998,3103960
10429,1998,3103980
6351,1998,3103970
14737,1998,3103990
41084,1998,3104000
4354,1998,3104010
8166,1998,3104015
2636,1998,3104020
3976,1998,3104030
3362,1998,3104040
10864,1998,3104050
4173,1998,3104053
6704,1998,3104055
4915,1998,3104060
21767,1998,3104070
3743,1998,3107150
12916,1998,3104080
9228,1998,3104085
14509,1998,3104090
12352,1998,3104100
28072,1998,3104110
3950,1998,3104120
2928,1998,3104130
20257,1998,3104140
6318,1998,3104150
10001,1998,3104160
6308,1998,3104170
28759,1998,3104180
4041,1998,3104190
10303,1998,3104200
8991,1998,3104210
14430,1998,3104220
3779,1998,3104225
4396,1998,3104230
6189,1998,3104240
2569,1998,3104250
6431,1998,3104260
16195,1998,3104270
18777,1998,3104280
23291,1998,3104290
12391,1998,3104300
41971,1998,3104310
4155,1998,3104315
20221,1998,3104320
19467,1998,3104340
281523,1998,3104330
6782,1998,3104345
6794,1998,3104350
2822,1998,3104360
3944,1998,3104370
6498,1998,3104380
86735,1998,3104390
25109,1998,3104400
19428,1998,3104410
3459,1998,3104420
40160,1998,3104430
5196,1998,3104435
2850,1998,3104437
4446,1998,3104440
7330,1998,3104450
25305,1998,3104460
8211,1998,3104465
4432,1998,3104467
17321,1998,3104470
59838,1998,3104480
4078,1998,3104490
7878,1998,3104500
6600,1998,3104505
13292,1998,3104510
28875,1998,3104520
5245,1998,3103660
25849,1998,3104530
8407,1998,3104535
3991,1998,3104537
2116,1998,3104540
3894,1998,3104545
2154,1998,3104550
36827,1998,3104560
2299,1998,3104570
2627,1998,3104580
4369,1998,3104585
5777,1998,3104587
31288,1998,3104590
27557,1998,3104600
61260,1998,3104610
9137,1998,3104620
4929,1998,3104625
17117,1998,3104630
5170,1998,3104655
4878,1998,3104640
9351,1998,3104650
1626,1998,3104660
6996,1998,3104670
7489,1998,3104675
13531,1998,3104690
72051,1998,3104710
71486,1998,3104700
18717,1998,3104720
17100,1998,3104730
19564,1998,3104740
14517,1998,3104760
8009,1998,3104770
2188,1998,3104780
2003,1998,3104750
96448,1998,3104790
4155,1998,3104795
117206,1998,3104800
71939,1998,3104810
4723,1998,3104820
9413,1998,3104830
4948,1998,3104840
13410,1998,3104850
17581,1998,3104860
23675,1998,3104870
5226,1998,3104875
3804,1998,3104880
3660,1998,3104890
1707,1998,3104900
11795,1998,3104910
7366,1998,3104915
5451,1998,3104920
49734,1998,3104930
1671,1998,3104940
2951,1998,3104950
3647,1998,3104960
5094,1998,3104970
10454,1998,3104980
18676,1998,3104990
7091,1998,3104995
4436,1998,3105000
3092,1998,3105010
4897,1998,3105015
3877,1998,3105020
4920,1998,3105030
3860,1998,3105040
7817,1998,3105050
3571,1998,3105053
5723,1998,3105057
6425,1998,3105060
2798,1998,3105070
17336,1998,3105080
4772,1998,3105090
6682,1998,3105100
11191,1998,3105110
49733,1998,3105120
10838,1998,3105130
23286,1998,3105140
28147,1998,3105150
8477,1998,3105160
14176,1998,3105170
127219,1998,3105180
9861,1998,3105190
24425,1998,3105200
55496,1998,3105210
2995,1998,3105213
9710,1998,3105217
34520,1998,3105220
9539,1998,3105230
14842,1998,3105240
97874,1998,3105250
6760,1998,3105260
7553,1998,3105270
20241,1998,3105280
9332,1998,3105290
2841,1998,3105300
5273,1998,3105310
4532,1998,3105320
2442,1998,3105330
17217,1998,3105340
8461,1998,3105360
3153,1998,3105370
1981,1998,3105380
14929,1998,3105390
24677,1998,3105400
10662,1998,3105410
4775,1998,3105415
9836,1998,3105420
17353,1998,3105430
4502,1998,3105440
8316,1998,3105445
10799,1998,3105450
221493,1998,3105460
3561,1998,3105470
7912,1998,3105480
14846,1998,3105490
5531,1998,3105510
2277,1998,3105500
6822,1998,3105520
4088,1998,3105530
8652,1998,3105540
11363,1998,3105550
26037,1998,3105560
14434,1998,3105570
15881,1998,3105580
4737,1998,3105590
14644,1998,3105600
5590,1998,3105610
2022,1998,3105620
4509,1998,3105630
3459,1998,3105640
3473,1998,3105645
8521,1998,3105650
9506,1998,3105660
105508,1998,3105670
16481,1998,3105680
20893,1998,3105690
34352,1998,3105700
7087,1998,3105710
23582,1998,3105720
6668,1998,3105725
2608,1998,3105727
4469,1998,3105730
6822,1998,3105733
4361,1998,3105737
5332,1998,3105740
4646,1998,3105750
3841,1998,3105760
4811,1998,3105765
10873,1998,3105770
161318,1998,3105780
13747,1998,3105790
10255,1998,3105800
4816,1998,3105810
14743,1998,3105820
9660,1998,3105920
3605,1998,3105940
5243,1998,3105930
4312,1998,3105935
5965,1998,3105950
30724,1998,3105960
2910,1998,3105970
17012,1998,3105980
7235,1998,3105830
3103,1998,3105840
8212,1998,3105850
3082,1998,3105860
1904,1998,3105870
4510,1998,3105880
7632,1998,3105890
16519,1998,3105895
3614,1998,3105900
4019,1998,3105910
16354,1998,3105990
3455,1998,3106000
4521,1998,3106010
4813,1998,3106020
10711,1998,3106030
21455,1998,3106040
5995,1998,3106045
1681,1998,3106050
3675,1998,3106060
46138,1998,3106070
3160,1998,3106080
3246,1998,3106090
4287,1998,3106095
17565,1998,3106100
3252,1998,3106105
52980,1998,3106110
6260,1998,3106120
5267,1998,3106130
5316,1998,3106140
7096,1998,3106150
4973,1998,3106160
2556,1998,3106165
4989,1998,3106170
8023,1998,3106180
8698,1998,3106190
3161,1998,3102550
21104,1998,3106200
23581,1998,3106210
5304,1998,3106220
4277,1998,3106225
2682,1998,3106230
23441,1998,3106240
6986,1998,3106245
76801,1998,3106250
8088,1998,3106255
4387,1998,3106257
8377,1998,3106260
3761,1998,3106265
18839,1998,3106270
15129,1998,3106280
24560,1998,3106290
13825,1998,3106292
5592,1998,3106294
12881,1998,3106295
3660,1998,3106300
3097,1998,3106310
3386,1998,3106320
3807,1998,3106330
6042,1998,3106340
6357,1998,3106350
2262,1998,3106360
35441,1998,3106370
6656,1998,3106380
5109,1998,3106390
7395,1998,3106410
9133,1998,3106400
7395,1998,3106420
6149,1998,3106430
4412,1998,3106440
2458,1998,3106443
3815,1998,3106447
11502,1998,3106450
4539,1998,3106460
56351,1998,3106470
1532,1998,3106480
2016,1998,3106490
5758,1998,3106520
9830,1998,3106500
6302,1998,3106510
5879,1998,3106530
5179,1998,3106540
4330,1998,3106550
14129,1998,3106553
3346,1998,3106556
5075,1998,3106557
1963,1998,3106560
6512,1998,3106570
1968,1998,3106580
5376,1998,3106590
4928,1998,3106600
3793,1998,3106610
9838,1998,3106620
6492,1998,3106630
1748,1998,3106640
4097,1998,3106650
829,1998,3106660
10643,1998,3106680
8416,1998,3106670
7466,1998,3106690
4029,1998,3106695
2158,1998,3106700
20813,1998,3106710
178074,1998,3106720
8219,1998,3106555
2003,1998,3106730
5409,1998,3106740
2163,1998,3106750
16987,1998,3106760
6163,1998,3106770
5289,1998,3106780
4474,1998,3106790
21890,1998,3106800
2993,1998,3106805
3336,1998,3106810
1849,1998,3106820
3349,1998,3106830
15598,1998,3106840
10900,1998,3106850
125433,1998,3106860
68811,1998,3106870
5525,1998,3106880
10907,1998,3106890
14891,1998,3106900
3741,1998,3106905
5313,1998,3106910
10601,1998,3106920
62243,1998,3106930
25331,1998,3106935
48302,1998,3106940
5326,1998,3106950
20827,1998,3106960
16737,1998,3106970
3737,1998,3106980
81058,1998,3106990
10549,1998,3107000
11551,1998,3107005
243948,1998,3107010
472083,1998,3107020
2976,1998,3107030
66621,1998,3107040
4415,1998,3107043
3107,1998,3107047
9198,1998,3107050
7261,1998,3107052
5576,1998,3107057
2072,1998,3107060
3812,1998,3107065
105757,1998,3107070
3351,1998,3107075
32231,1998,3107080
17420,1998,3107090
19041,1998,3107100
6941,1998,3107103
5504,1998,3107107
3243,1998,3107110
4183,1998,3107115
64032,1998,3107120
60353,1998,3107130
4051,1998,3107140
13702,1998,3107160
8449,1998,3107170
10873,1998,3107180
6195,1998,3107190
31980,1998,3107200
4748,1998,3107210
2257,1998,3107220
30646,1998,3200010
12918,1998,3200016
9665,1998,3200013
32206,1998,3200020
13263,1998,3200030
7071,1998,3200035
18240,1998,3200040
6780,1998,3200050
62833,1998,3200060
7236,1998,3200070
26458,1998,3200080
37066,1998,3200090
13997,1998,3200100
8857,1998,3200110
10060,1998,3200115
153559,1998,3200120
313427,1998,3200130
29387,1998,3200140
106472,1998,3200150
26907,1998,3200160
10013,1998,3200170
4512,1998,3200180
26155,1998,3200190
5813,1998,3200200
21534,1998,3200210
12019,1998,3200220
25075,1998,3200230
77776,1998,3200240
16991,1998,3200245
9812,1998,3200250
8115,1998,3200255
11780,1998,3200260
10341,1998,3200265
14524,1998,3200270
26560,1998,3200280
11015,1998,3200290
25201,1998,3200300
17897,1998,3200305
9837,1998,3200310
14632,1998,3200313
10351,1998,3200316
105308,1998,3200320
11917,1998,3200330
27499,1998,3200332
11558,1998,3200334
9574,1998,3200335
25254,1998,3200340
17706,1998,3200350
6413,1998,3200360
19368,1998,3200370
12906,1998,3200380
42478,1998,3200390
19707,1998,3200400
23043,1998,3200405
20766,1998,3200410
12960,1998,3200420
7025,1998,3200425
9699,1998,3200430
16223,1998,3200435
10973,1998,3200440
12082,1998,3200450
26979,1998,3200455
19627,1998,3200460
7332,1998,3200465
25015,1998,3200470
10570,1998,3200480
86631,1998,3200490
9407,1998,3200495
292523,1998,3200500
15155,1998,3200501
13826,1998,3200503
14873,1998,3200506
50100,1998,3200510
8903,1998,3200515
13952,1998,3200517
312059,1998,3200520
269135,1998,3200530
95503,1998,3300010
7659,1998,3300015
70979,1998,3300020
9315,1998,3300022
16116,1998,3300023
22231,1998,3300025
88133,1998,3300030
168259,1998,3300040
417068,1998,3300045
22496,1998,3300050
33253,1998,3300060
113818,1998,3300070
44878,1998,3300080
14820,1998,3300090
395632,1998,3300100
19056,1998,3300110
8747,1998,3300093
11801,1998,3300115
15434,1998,3300120
21732,1998,3300130
7539,1998,3300095
18768,1998,3300140
17763,1998,3300150
9978,1998,3300160
736812,1998,3300170
12754,1998,3300180
35742,1998,3300185
10425,1998,3300187
169967,1998,3300190
73220,1998,3300200
13421,1998,3300205
23466,1998,3300210
85304,1998,3300220
23251,1998,3300225
78471,1998,3300227
7615,1998,3300230
121631,1998,3300240
5837,1998,3300245
192054,1998,3300250
21392,1998,3300260
64689,1998,3300270
17478,1998,3300280
20436,1998,3300290
24290,1998,3300300
15383,1998,3300310
153976,1998,3300320
456894,1998,3300330
170241,1998,3300340
850908,1998,3300350
40708,1998,3300360
33517,1998,3300370
29729,1998,3300380
22786,1998,3300385
276195,1998,3300390
18785,1998,3300395
24381,1998,3300400
15883,1998,3300410
9086,1998,3300411
10494,1998,3300412
112979,1998,3300414
13384,1998,3300415
98534,1998,3300420
47108,1998,3300430
14895,1998,3300440
6291,1998,3300450
30802,1998,3300452
5584067,1998,3300455
10714,1998,3300460
34407,1998,3300470
37354,1998,3300480
36960,1998,3300475
857988,1998,3300490
29032,1998,3300500
438253,1998,3300510
5887,1998,3300513
16390,1998,3300515
59480,1998,3300520
8248,1998,3300530
17443,1998,3300540
47232,1998,3300550
57361,1998,3300555
19352,1998,3300560
13601,1998,3300570
24620,1998,3300575
127150,1998,3300580
10471,1998,3300590
66477,1998,3300600
61848,1998,3300610
7811,1998,3300615
29278,1998,3300620
237794,1998,3300630
33280,1998,3500010
3415,1998,3500020
28320,1998,3500030
7418,1998,3500040
14594,1998,3500050
4475,1998,3500055
1744,1998,3500060
31802,1998,3500070
3492,1998,3500075
3681,1998,3500080
3636,1998,3500090
14101,1998,3500100
4246,1998,3500110
12967,1998,3500115
4447,1998,3500120
23097,1998,3500130
3007,1998,3500140
2698,1998,3500150
174439,1998,3500160
25777,1998,3500170
5461,1998,3500180
57459,1998,3500190
3692,1998,3500200
54440,1998,3500210
18189,1998,3500220
4475,1998,3500230
3039,1998,3500240
34856,1998,3500250
4750,1998,3500260
23654,1998,3500270
10255,1998,3500275
167192,1998,3500280
18456,1998,3500290
4282,1998,3500300
5298,1998,3500310
2371,1998,3500315
172470,1998,3500320
99462,1998,3500330
2058,1998,3500335
6523,1998,3500340
3515,1998,3500350
10307,1998,3500360
7311,1998,3500370
27954,1998,3500380
54512,1998,3500390
1970,1998,3500395
86133,1998,3500400
98783,1998,3500410
13618,1998,3500420
4515,1998,3500430
8518,1998,3500440
74754,1998,3500450
8800,1998,3500460
1487,1998,3500470
7229,1998,3500480
8805,1998,3500490
2599,1998,3500500
6027,1998,3500510
26201,1998,3500520
34030,1998,3500530
5082,1998,3500535
7324,1998,3500540
103055,1998,3500550
23607,1998,3500560
198646,1998,3500570
20238,1998,3500580
49728,1998,3500590
307048,1998,3500600
75254,1998,3500610
2248,1998,3500620
10543,1998,3500630
18323,1998,3500635
5810,1998,3500640
91780,1998,3500650
21644,1998,3500660
11903,1998,3500670
9230,1998,3500680
7242,1998,3500690
30684,1998,3500700
11283,1998,3500710
2922,1998,3500715
779,1998,3500720
3598,1998,3500730
12661,1998,3500740
1894,1998,3500745
105533,1998,3500750
114781,1998,3500760
4428,1998,3500770
2174,1998,3500775
16736,1998,3500780
18385,1998,3500790
17550,1998,3500800
13986,1998,3500810
3086,1998,3500820
4853,1998,3500830
25325,1998,3500840
69185,1998,3500850
26392,1998,3500860
17754,1998,3500870
15353,1998,3500880
3594,1998,3500890
61789,1998,3500900
3168,1998,3500910
45622,1998,3500920
28732,1998,3500925
10720,1998,3500930
19345,1998,3500940
4902,1998,3500945
937135,1998,3500950
56183,1998,3500960
35538,1998,3500970
4235,1998,3500980
9383,1998,3500990
3096,1998,3500995
29241,1998,3501000
2559,1998,3501010
3069,1998,3501015
45798,1998,3501020
13582,1998,3501030
39639,1998,3501040
72410,1998,3501050
348242,1998,3501060
11204,1998,3501070
24466,1998,3501080
2792,1998,3501090
15500,1998,3501100
105621,1998,3501110
6960,1998,3501120
6060,1998,3501130
14466,1998,3501140
26834,1998,3501150
13746,1998,3501160
13549,1998,3501170
12880,1998,3505720
5090,1998,3501190
16642,1998,3501200
6510,1998,3501210
24363,1998,3501220
13606,1998,3501230
16536,1998,3501240
4432,1998,3501250
5533,1998,3501260
3782,1998,3501270
41319,1998,3501280
7157,1998,3501290
135936,1998,3501300
24850,1998,3501310
6526,1998,3501320
2725,1998,3501330
73286,1998,3501340
100767,1998,3501350
21162,1998,3501360
27444,1998,3501370
331325,1998,3501380
1615,1998,3501385
11249,1998,3501390
7254,1998,3501400
23320,1998,3501410
2167,1998,3501420
8582,1998,3501430
40671,1998,3501440
11527,1998,3501450
5684,1998,3501460
6504,1998,3501470
14373,1998,3501480
12935,1998,3501490
2605,1998,3501492
2502,1998,3501495
213878,1998,3501500
45404,1998,3501510
2691,1998,3501512
9419,1998,3501515
38688,1998,3501518
3152,1998,3501519
8705,1998,3505730
7835,1998,3501520
2790,1998,3501530
10606,1998,3501535
14833,1998,3501540
5344,1998,3501560
59951,1998,3501550
1410,1998,3501565
133851,1998,3501570
2189,1998,3501580
3271,1998,3501590
11381,1998,3501600
3325,1998,3501610
282953,1998,3501620
116496,1998,3501630
105621,1998,3501640
2339,1998,3501650
7340,1998,3501660
39944,1998,3501670
3623,1998,3501680
4564,1998,3501685
10713,1998,3501690
9023,1998,3501700
4045,1998,3501710
9085,1998,3501720
4796,1998,3501730
34309,1998,3501740
13543,1998,3501750
19536,1998,3501760
18872,1998,3501770
9193,1998,3501780
8991,1998,3501790
2092,1998,3501800
5581,1998,3501810
28041,1998,3501820
18021,1998,3501830
101811,1998,3501840
9024,1998,3501850
30919,1998,3501860
233805,1998,3501870
1057068,1998,3501880
6188,1998,3501885
4487,1998,3501890
7711,1998,3501900
7173,1998,3501905
129469,1998,3501907
8389,1998,3501910
6542,1998,3501920
2803,1998,3501925
25245,1998,3501930
9634,1998,3501940
5792,1998,3501950
43888,1998,3501960
60078,1998,3501970
6866,1998,3501980
6998,1998,3501990
23910,1998,3502000
27678,1998,3502010
5935,1998,3502020
26460,1998,3502030
3680,1998,3502042
22485,1998,3502044
12810,1998,3502040
131556,1998,3502050
4802,1998,3502060
4335,1998,3502070
3079,1998,3502080
13790,1998,3502090
15393,1998,3502100
3580,1998,3502110
2849,1998,3502115
4805,1998,3502120
11391,1998,3502130
15114,1998,3502140
6486,1998,3502150
7766,1998,3502160
18945,1998,3502170
17080,1998,3502180
13983,1998,3502190
2198,1998,3502200
62331,1998,3502210
3297,1998,3502215
121502,1998,3502220
117179,1998,3502230
80574,1998,3502240
145285,1998,3502250
62985,1998,3502260
3046,1998,3502265
37561,1998,3502270
14468,1998,3502280
10238,1998,3502290
3845,1998,3502300
257529,1998,3502310
46659,1998,3502320
11696,1998,3502330
76914,1998,3502340
14131,1998,3502350
11422,1998,3502360
5562,1998,3502370
6812,1998,3502380
129533,1998,3502390
22206,1998,3502400
34651,1998,3502410
6501,1998,3502420
65040,1998,3502430
169538,1998,3502440
3318,1998,3502450
16217,1998,3502460
27288,1998,3502470
45364,1998,3502480
3506,1998,3502490
80956,1998,3502500
25001,1998,3502510
13344,1998,3502520
107968,1998,3502530
3144,1998,3502540
9927,1998,3502550
3878,1998,3502560
26681,1998,3502570
4001,1998,3502580
1937,1998,3502585
295263,1998,3502590
15609,1998,3502600
19359,1998,3502610
22638,1998,3502620
5277,1998,3502630
21466,1998,3502640
5078,1998,3502650
5901,1998,3502660
83612,1998,3502670
54648,1998,3502680
240743,1998,3502690
5300,1998,3502700
61741,1998,3502710
74445,1998,3502720
2129,1998,3502725
18721,1998,3502730
16888,1998,3502740
2218,1998,3502750
7423,1998,3502760
3931,1998,3502770
3847,1998,3502780
2721,1998,3502790
17269,1998,3502800
7084,1998,3502810
3499,1998,3502820
3495,1998,3502830
33512,1998,3502840
53603,1998,3502850
7024,1998,3502860
3739,1998,3502870
12750,1998,3502880
2024,1998,3502885
3776,1998,3502890
185221,1998,3502900
2293,1998,3502910
22132,1998,3502920
70978,1998,3502930
364968,1998,3502940
3242,1998,3502950
3447,1998,3502960
2015,1998,3502965
19338,1998,3502970
11876,1998,3502980
2554,1998,3503000
21776,1998,3502990
25414,1998,3503010
16252,1998,3503020
45434,1998,3503030
3659,1998,3503040
66114,1998,3503050
120884,1998,3503070
330876,1998,3503060
80939,1998,3503080
2932,1998,3503090
1956,1998,3503100
29078,1998,3503110
6213,1998,3503120
44262,1998,3503130
18377,1998,3503140
19796,1998,3503150
4089,1998,3503160
33143,1998,3503180
3228,1998,3503170
24116,1998,3503190
10412,1998,3503200
3777,1998,3503205
3529,1998,3503210
2180,1998,3503215
4055,1998,3503220
6863,1998,3503230
12099,1998,3503240
8545,1998,3503250
9742,1998,3503260
3434,1998,3503270
4295,1998,3503280
5866,1998,3503282
2381,1998,3503284
966,1998,3503286
7311,1998,3503290
17082,1998,3503300
2137,1998,3503310
2214,1998,3503320
2769,1998,3503330
38775,1998,3503340
3285,1998,3503325
31727,1998,3503350
6330,1998,3503360
4502,1998,3503370
2864,1998,3503380
45582,1998,3503390
2960,1998,3503400
5644,1998,3503410
3800,1998,3503420
35395,1998,3503430
648091,1998,3503440
2423,1998,3503450
30246,1998,3503460
93337,1998,3503470
6824,1998,3503480
5630,1998,3503475
11138,1998,3503490
8673,1998,3503500
10092,1998,3503510
10231,1998,3503520
20040,1998,3503530
12911,1998,3503540
38917,1998,3503550
13865,1998,3503560
5851,1998,3503570
12185,1998,3503580
3850,1998,3503590
10485,1998,3503600
4359,1998,3503610
17039,1998,3503620
1684,1998,3503625
10864,1998,3503630
4342,1998,3503640
47735,1998,3503650
1606,1998,3503657
8635,1998,3503660
35145,1998,3503670
5150,1998,3503680
2780,1998,3503690
15328,1998,3503700
34261,1998,3503710
2595,1998,3503715
7526,1998,3503720
53284,1998,3503730
25022,1998,3503740
5672,1998,3503750
44477,1998,3503760
4705,1998,3503770
40685,1998,3503780
24965,1998,3503790
119404,1998,3503800
13587,1998,3503810
10871,1998,3503820
3398,1998,3503830
15331,1998,3503850
20976,1998,3503860
314015,1998,3503870
26820,1998,3503880
17688,1998,3503890
10180,1998,3503900
11315,1998,3503910
22301,1998,3503920
64981,1998,3503930
10157,1998,3503940
30603,1998,3503950
3126,1998,3503960
3012,1998,3503970
87837,1998,3503980
4807,1998,3503990
16846,1998,3504000
3434,1998,3504010
28918,1998,3504020
3327,1998,3504025
2466,1998,3504030
4344,1998,3504040
5851,1998,3504050
45904,1998,3504060
47157,1998,3504070
13432,1998,3504075
11916,1998,3504080
1388,1998,3504085
12775,1998,3504090
162772,1998,3504100
3712,1998,3504105
3953,1998,3504110
11940,1998,3504120
37274,1998,3504130
182838,1998,3504140
35546,1998,3504150
30881,1998,3504160
2311,1998,3504165
12653,1998,3504170
2166,1998,3504180
8638,1998,3504190
4997,1998,3504200
8921,1998,3504210
28725,1998,3504220
3624,1998,3504230
16863,1998,3504240
4995,1998,3504250
49294,1998,3504260
5078,1998,3504270
3761,1998,3504280
10968,1998,3504290
18733,1998,3504300
3649,1998,3504310
4418,1998,3504320
2201,1998,3504323
7577,1998,3504325
104804,1998,3504330
467934,1998,3504340
3482,1998,3504360
10655,1998,3504370
9939,1998,3504380
160363,1998,3504390
23995,1998,3504400
37319,1998,3504410
7478,1998,3504420
8153,1998,3504350
22134,1998,3504425
7959,1998,3504430
2410,1998,3504440
2576,1998,3504450
4814,1998,3504460
2368,1998,3504470
3889,1998,3504480
8494,1998,3504490
14308,1998,3504500
4489,1998,3504510
5338,1998,3504515
93392,1998,3504520
32747,1998,3504530
7032,1998,3504540
2777,1998,3504550
12646,1998,3504560
5451,1998,3504570
168332,1998,3504580
21605,1998,3504600
2281,1998,3504610
3274,1998,3504620
1762,1998,3504625
24810,1998,3504630
38647,1998,3504640
5467,1998,3504650
26546,1998,3504660
14662,1998,3504670
42860,1998,3504680
7881,1998,3504690
4557,1998,3504700
2565,1998,3504710
2820,1998,3504740
25264,1998,3504750
20518,1998,3504760
1333,1998,3504765
1933,1998,3504720
61560,1998,3504730
21227,1998,3504770
628425,1998,3504780
5640,1998,3504790
15126,1998,3504800
6586,1998,3504805
6267,1998,3504810
6004,1998,3504820
2345,1998,3504830
3697,1998,3504840
409845,1998,3504850
9510,1998,3504860
703447,1998,3504870
135362,1998,3504880
183481,1998,3504890
2722,1998,3504900
76396,1998,3504910
2568,1998,3504920
1440,1998,3504925
2243,1998,3504930
41537,1998,3504940
8030,1998,3504950
4159,1998,3504960
49380,1998,3504970
343059,1998,3504980
506332,1998,3504990
10927,1998,3504995
10388,1998,3505000
35940,1998,3505010
28501,1998,3505020
9927868,1998,3505030
25089,1998,3505040
6565,1998,3505050
63668,1998,3505060
47106,1998,3505070
11223,1998,3505080
12863,1998,3505090
284551,1998,3505100
7246,1998,3505110
3323,1998,3505120
2530,1998,3505130
7473,1998,3505140
22638,1998,3505160
28558,1998,3505150
95130,1998,3505170
13396,1998,3505180
13761,1998,3505190
5420,1998,3505200
30906,1998,3505210
455759,1998,3505220
8086,1998,3505230
180511,1998,3505240
2824,1998,3505255
190824,1998,3505250
10310,1998,3505260
13219,1998,3505270
192830,1998,3505280
5225,1998,3505290
7322,1998,3505300
5569,1998,3505310
5433,1998,3505320
21980,1998,3505330
24288,1998,3505340
7763,1998,3505350
13163,1998,3505360
2759,1998,3505365
52146,1998,3505370
20718,1998,3505380
3762,1998,3505385
6075,1998,3505390
10698,1998,3505395
91016,1998,3505400
226338,1998,3505410
5269,1998,3505420
19803,1998,3505430
8425,1998,3505440
29945,1998,3505450
2630,1998,3505460
1690,1998,3505465
8465,1998,3505470
1405,1998,3505475
34482,1998,3505480
4806,1998,3505490
4978,1998,3505495
61834,1998,3505500
13146,1998,3505510
1885,1998,3505520
2450,1998,3505530
4152,1998,3505535
59126,1998,3505540
3601,1998,3505550
9257,1998,3505560
1389,1998,3505570
8427,1998,3505580
1562,1998,3505590
11383,1998,3505600
7348,1998,3505610
77301,1998,3505620
18371,1998,3505630
6589,1998,3505635
35355,1998,3505640
28674,1998,3505645
83968,1998,3505650
11454,1998,3505660
41497,1998,3505670
14939,1998,3505680
4485,1998,3505690
1584,1998,3505695
90338,1998,3505700
72384,1998,3505710
1726,1998,3505715
10459,1998,4100010
6634,1998,4100020
6720,1998,4100030
77987,1998,4100040
6841,1998,4100045
12475,1998,4100060
11302,1998,4100070
18969,1998,4100050
8866,1998,4100080
4597,1998,4100090
15319,1998,4100100
2824,1998,4100105
22203,1998,4100110
2739,1998,4100115
19654,1998,4100120
7378,1998,4100130
103848,1998,4100140
80144,1998,4100150
23880,1998,4100160
4249,1998,4100165
12999,1998,4100170
81902,1998,4100180
2824,1998,4100185
19244,1998,4100190
33511,1998,4100200
23509,1998,4100210
3785,1998,4100220
9122,1998,4100230
31676,1998,4100240
13446,1998,4100250
2887,1998,4100270
8645,1998,4100260
4564,1998,4100275
14307,1998,4100280
14784,1998,4100290
7083,1998,4100300
3120,1998,4100302
6462,1998,4100304
10156,1998,4100305
8953,1998,4100310
4119,1998,4100315
5623,1998,4100320
3443,1998,4100322
9575,1998,4100330
5994,1998,4100335
3632,1998,4100337
2366,1998,4100340
10982,1998,4100345
4466,1998,4100347
7675,1998,4100350
23914,1998,4100360
86370,1998,4100370
6248,1998,4100380
17184,1998,4100390
5204,1998,4100395
33584,1998,4100400
4809,1998,4100405
5968,1998,4100410
88618,1998,4100420
17507,1998,4100425
80411,1998,4100430
19350,1998,4100440
12923,1998,4100442
12631,1998,4100445
18054,1998,4100450
16741,1998,4100460
12695,1998,4100465
12925,1998,4100470
231901,1998,4100480
62636,1998,4100490
10301,1998,4100500
12945,1998,4100510
18180,1998,4100520
10382,1998,4100530
20549,1998,4100540
56005,1998,4100550
9566,1998,4100560
17899,1998,4100570
170205,1998,4100580
21504,1998,4100590
7597,1998,4100600
3805,1998,4100610
13106,1998,4100620
15565,1998,4100630
46334,1998,4100640
6358,1998,4100645
23512,1998,4100650
4613,1998,4100655
17105,1998,4100680
4677,1998,4100657
19898,1998,4100660
4579,1998,4100670
3256,1998,4100685
1550317,1998,4100690
12336,1998,4100700
4374,1998,4100715
5858,1998,4100710
3224,1998,4100712
32448,1998,4100720
5131,1998,4100725
5872,1998,4100730
5906,1998,4102863
5993,1998,4100740
14468,1998,4100750
3189,1998,4100753
2107,1998,4100752
5704,1998,4100754
3971,1998,4100755
16953,1998,4100760
48381,1998,4100765
4717,1998,4100770
5731,1998,4100773
9086,1998,4100775
5194,1998,4100785
5604,1998,4100780
5040,1998,4100790
12343,1998,4100800
2370,1998,4100810
8805,1998,4100820
250694,1998,4100830
6169,1998,4100845
6893,1998,4100832
70203,1998,4100840
13632,1998,4100850
3690,1998,4100855
29729,1998,4100860
7551,1998,4100865
7019,1998,4100870
28641,1998,4100880
5694,1998,4100890
7247,1998,4100895
4137,1998,4100900
2105,1998,4100910
4521,1998,4100920
18428,1998,4100930
157476,1998,4100940
8119,1998,4100950
33788,1998,4100960
7074,1998,4100965
24386,1998,4100970
7047,1998,4100975
41438,1998,4100980
9594,1998,4100990
3431,1998,4101000
2183,1998,4101005
8664,1998,4101007
21781,1998,4101010
9565,1998,4101020
2747,1998,4101030
4326,1998,4101040
13012,1998,4101050
16292,1998,4101060
2684,1998,4101065
51582,1998,4101070
10564,1998,4101080
4079,1998,4101090
4857,1998,4101095
6357,1998,4101100
5907,1998,4101110
8867,1998,4101120
18801,1998,4101125
4162,1998,4101130
11711,1998,4101140
31223,1998,4101150
6663,1998,4101155
2731,1998,4101160
4429,1998,4101170
37673,1998,4101180
11018,1998,4101190
28197,1998,4101200
19397,1998,4101210
8230,1998,4101220
3956,1998,4101230
7532,1998,4101240
10566,1998,4101250
1308,1998,4101260
12855,1998,4101270
9532,1998,4101275
9693,1998,4101280
3340,1998,4101290
8263,1998,4101295
5956,1998,4101300
4912,1998,4101310
42687,1998,4101320
7775,1998,4101325
41992,1998,4101330
4431,1998,4101340
4439,1998,4101342
7069,1998,4101345
18438,1998,4101350
3853,1998,4101360
426607,1998,4101370
7156,1998,4101373
5282,1998,4101375
4413,1998,4101380
13126,1998,4101390
14901,1998,4101400
17237,1998,4101410
28861,1998,4101420
16173,1998,4101430
3863,1998,4101435
16652,1998,4101440
13628,1998,4101450
40167,1998,4101460
6404,1998,4101470
26972,1998,4101480
8690,1998,4101490
6133,1998,4101500
9942,1998,4101510
280644,1998,4101520
6181,1998,4101530
6054,1998,4101535
13748,1998,4101540
5831,1998,4101545
4468,1998,4101550
13964,1998,4101560
19995,1998,4101570
4589,1998,4101573
5352,1998,4101575
36014,1998,4101580
4654,1998,4101585
2219,1998,4101590
1675,1998,4101600
9782,1998,4101605
13453,1998,4101610
15962,1998,4101620
3354,1998,4101630
3520,1998,4101640
1265,1998,4101650
3298,1998,4101660
14056,1998,4101670
8703,1998,4101680
27638,1998,4101690
5075,1998,4101695
8054,1998,4101700
18348,1998,4101705
13393,1998,4101710
5154,1998,4101720
10352,1998,4101725
3776,1998,4101721
7143,1998,4101722
13075,1998,4101727
2711,1998,4101729
30686,1998,4101730
3553,1998,4101740
5821,1998,4101745
28964,1998,4101750
27281,1998,4101760
30361,1998,4101770
17264,1998,4101780
25064,1998,4101790
9687,1998,4101800
9815,1998,4101810
122725,1998,4101820
2498,1998,4101830
73800,1998,4101840
3640,1998,4101845
61680,1998,4101850
4759,1998,4101860
6898,1998,4101870
13169,1998,4101880
5641,1998,4101885
9481,1998,4101890
7775,1998,4101900
9149,1998,4101910
95414,1998,4101915
2580,1998,4101925
5987,1998,4101920
26281,1998,4101930
20291,1998,4101940
56057,1998,4101950
36177,1998,4101960
2190,1998,4101965
3577,1998,4101970
14078,1998,4101980
263374,1998,4101990
10117,1998,4101995
17477,1998,4102000
3708,1998,4102010
3942,1998,4102015
2452,1998,4102020
3757,1998,4102030
2547,1998,4102033
6472,1998,4102035
4274,1998,4102040
10644,1998,4102050
46228,1998,4102060
5432,1998,4102065
6387,1998,4102070
14773,1998,4102080
3586,1998,4102085
24293,1998,4102090
10551,1998,4102100
5175,1998,4102110
13703,1998,4102120
2740,1998,4102125
4137,1998,4102130
3120,1998,4102135
15694,1998,4102140
14452,1998,4102150
7029,1998,4102160
22002,1998,4102170
5409,1998,4102175
10330,1998,4102180
14242,1998,4102190
12711,1998,4102200
3457,1998,4102210
11497,1998,4102215
3386,1998,4102217
21814,1998,4102220
29717,1998,4102230
47399,1998,4102240
12128,1998,4102250
8026,1998,4102260
6463,1998,4102265
5258,1998,4102270
4971,1998,4102280
4839,1998,4102290
12725,1998,4102300
4427,1998,4102310
3737,1998,4102320
7573,1998,4102330
8346,1998,4102340
19707,1998,4102350
1940,1998,4102360
9230,1998,4102370
11666,1998,4102380
4006,1998,4102382
14238,1998,4102385
11995,1998,4102390
2584,1998,4102395
11059,1998,4102402
17737,1998,4102405
5453,1998,4102400
39639,1998,4102410
2799,1998,4102420
2586,1998,4102430
18011,1998,4102440
4938,1998,4102450
5555,1998,4102460
10102,1998,4102470
11178,1998,4102480
6176,1998,4102490
12631,1998,4102500
11768,1998,4102510
9460,1998,4102520
5819,1998,4102530
6123,1998,4102535
6426,1998,4102540
4023,1998,4102545
188137,1998,4102550
1935,1998,4102555
37386,1998,4102560
24746,1998,4102570
6619,1998,4102575
10719,1998,4102580
2538,1998,4102590
8259,1998,4102600
4890,1998,4102610
7374,1998,4102620
64309,1998,4102625
3542,1998,4102627
17792,1998,4102630
4589,1998,4102635
6552,1998,4102640
14447,1998,4102650
14520,1998,4102660
3977,1998,4102665
9089,1998,4102667
4277,1998,4102670
13879,1998,4102680
5965,1998,4102690
7671,1998,4102700
56734,1998,4102710
14658,1998,4102720
12706,1998,4102730
15438,1998,4102740
18491,1998,4102750
12284,1998,4102760
96569,1998,4102770
9484,1998,4102780
11938,1998,4102785
3561,1998,4102788
8297,1998,4102790
8182,1998,4102795
13484,1998,4102796
22341,1998,4102800
86269,1998,4102810
46467,1998,4102820
2512,1998,4102830
11093,1998,4102840
7823,1998,4102853
9429,1998,4102855
8118,1998,4102860
3320,1998,4102862
4040,1998,4102865
6372,1998,4102870
18532,1998,4102850
6356,1998,4102880
2970,1998,4200005
13864,1998,4200010
7806,1998,4200020
3994,1998,4200030
6238,1998,4200040
6338,1998,4200050
2810,1998,4200055
4966,1998,4200060
8779,1998,4200070
2354,1998,4200075
7418,1998,4200080
5983,1998,4200090
9550,1998,4200100
3199,1998,4200110
6163,1998,4200120
8998,1998,4200125
4217,1998,4200127
18804,1998,4200130
54216,1998,4200140
6629,1998,4200150
3592,1998,4200160
2344,1998,4200165
7368,1998,4200170
3619,1998,4200180
5889,1998,4200190
5116,1998,4200195
4186,1998,4200205
62263,1998,4200200
4663,1998,4200207
3710,1998,4200208
2203,1998,4200209
14101,1998,4200210
5632,1998,4200213
2726,1998,4200215
8850,1998,4200220
42852,1998,4200230
240302,1998,4200240
2896,1998,4200243
4235,1998,4200250
2238,1998,4200253
2153,1998,4200257
8324,1998,4200260
6335,1998,4200245
3647,1998,4200270
21681,1998,4200280
3228,1998,4200285
3494,1998,4200287
71428,1998,4200290
62725,1998,4200300
6781,1998,4200310
2220,1998,4200315
36439,1998,4200320
10759,1998,4200330
8357,1998,4200340
10472,1998,4200350
28492,1998,4200360
8252,1998,4200370
48851,1998,4200380
2784,1998,4200325
16659,1998,4200390
18472,1998,4200395
7041,1998,4200400
5706,1998,4200410
2879,1998,4200415
4207,1998,4200417
2565,1998,4200419
140029,1998,4200420
12735,1998,4200425
55346,1998,4200430
2842,1998,4200435
10247,1998,4200440
2666,1998,4200445
12940,1998,4200455
11294,1998,4200450
164973,1998,4200460
10504,1998,4200470
1923,1998,4200475
35153,1998,4200480
9666,1998,4200490
13905,1998,4200500
3304,1998,4200510
2949,1998,4200515
2644,1998,4200517
2147,1998,4200519
4150,1998,4200520
10889,1998,4200530
1702,1998,4200535
278576,1998,4200540
2632,1998,4200543
17234,1998,4200545
32385,1998,4200550
2718,1998,4200555
4165,1998,4200560
12514,1998,4200570
10984,1998,4200580
43426,1998,4200590
11602,1998,4200600
5981,1998,4200610
9027,1998,4200620
12323,1998,4200630
10991,1998,4200640
22289,1998,4200650
5079,1998,4200660
4269,1998,4200665
19446,1998,4200670
1830,1998,4200675
3742,1998,4200680
13283,1998,4200690
45044,1998,4200700
10223,1998,4200710
13010,1998,4200720
33574,1998,4200730
5423,1998,4200740
37815,1998,4200750
2747,1998,4200757
4394,1998,4200760
8608,1998,4200765
5623,1998,4200768
6612,1998,4200770
4975,1998,4200775
8101,1998,4200780
2550,1998,4200785
9614,1998,4200790
6768,1998,4200800
18962,1998,4200810
141976,1998,4200820
19498,1998,4200830
14865,1998,4200840
6284,1998,4200845
18345,1998,4200850
4188,1998,4200860
10549,1998,4200870
13683,1998,4200880
99594,1998,4200890
1977,1998,4200895
23069,1998,4200900
418569,1998,4200910
4326,1998,4200915
2120,1998,4200917
2180,1998,4200920
140004,1998,4200930
43486,1998,4200940
1575,1998,4200945
4650,1998,4200950
12762,1998,4200960
11595,1998,4200970
4076,1998,4200980
4745,1998,4200985
8094,1998,4200990
7764,1998,4201000
5384,1998,4201003
2038,1998,4201005
50530,1998,4201010
3380,1998,4201020
6759,1998,4201030
5769,1998,4201040
19021,1998,4201050
2717,1998,4201055
12023,1998,4201060
3222,1998,4201070
6747,1998,4201080
2845,1998,4201085
4057,1998,4201090
9712,1998,4201100
8084,1998,4201105
7774,1998,4201110
13656,1998,4201120
2608,1998,4201125
34630,1998,4201130
3668,1998,4201140
4914,1998,4201145
9556,1998,4201150
10020,1998,4201160
3286,1998,4201165
21748,1998,4201170
13480,1998,4201175
6265,1998,4201180
2674,1998,4201185
2216,1998,4201187
2180,1998,4201189
86861,1998,4201190
8464,1998,4201200
2000,1998,4201205
17123,1998,4201210
16042,1998,4201220
4971,1998,4201223
3944,1998,4201225
4520,1998,4201227
5615,1998,4201230
5002,1998,4201240
16557,1998,4201250
3144,1998,4201260
6371,1998,4201270
10129,1998,4201280
11395,1998,4201290
2882,1998,4201300
4152,1998,4201310
2584,1998,4201315
22673,1998,4201320
5102,1998,4201330
2799,1998,4201335
11115,1998,4201340
8198,1998,4201350
31328,1998,4201360
11961,1998,4201370
7407,1998,4201380
1894,1998,4201390
11583,1998,4201400
2348,1998,4201410
2528,1998,4201415
10238,1998,4201420
2493,1998,4201430
5841,1998,4201440
6332,1998,4201450
6658,1998,4201460
48838,1998,4201480
8988,1998,4201470
4240,1998,4201490
33825,1998,4201500
2496,1998,4201505
5411,1998,4201507
9815,1998,4201510
7090,1998,4201520
6889,1998,4201530
4531,1998,4201535
3868,1998,4201540
7318,1998,4201545
13073,1998,4201550
2651,1998,4201555
1853,1998,4201560
7896,1998,4201565
8369,1998,4201567
3270,1998,4201568
1679,1998,4201569
15589,1998,4201570
61097,1998,4201580
3390,1998,4201575
2973,1998,4201590
10001,1998,4201600
3897,1998,4201605
9342,1998,4201610
29733,1998,4201620
13909,1998,4201630
3325,1998,4201635
6487,1998,4201625
6966,1998,4201640
21817,1998,4201650
152734,1998,4201660
12922,1998,4201670
9820,1998,4201680
19513,1998,4201690
8085,1998,4201700
3296,1998,4201710
2080,1998,4201715
31345,1998,4201720
3587,1998,4201725
8070,1998,4201730
9926,1998,4201740
16225,1998,4201750
3287,1998,4201755
10949,1998,4201760
22657,1998,4201770
3397,1998,4201775
15857,1998,4201780
8652,1998,4201790
1920,1998,4201795
20588,1998,4201800
5392,1998,4201810
28353,1998,4201820
7700,1998,4201825
17130,1998,4201830
2712,1998,4201835
6310,1998,4201840
4883,1998,4201850
5922,1998,4201860
85506,1998,4201870
5039,1998,4201875
10886,1998,4201880
3786,1998,4201885
10463,1998,4201890
2372,1998,4201895
18172,1998,4201900
3365,1998,4201910
3553,1998,4201915
5330,1998,4201917
6176,1998,4201920
39347,1998,4201930
5615,1998,4201935
3407,1998,4201940
38289,1998,4201950
4716,1998,4201960
24265,1998,4201970
2344,1998,4201985
4392,1998,4300005
16127,1998,4300010
7819,1998,4300020
9018,1998,4300030
83896,1998,4300040
5550,1998,4300045
10700,1998,4300050
2055,1998,4300055
2446,1998,4300057
171350,1998,4300060
5037,1998,4300063
7302,1998,4300064
1124,1998,4300066
6352,1998,4300070
12493,1998,4300080
3536,1998,4300085
3536,1998,4300087
7234,1998,4300090
16481,1998,4300100
4392,1998,4300105
11910,1998,4300120
13349,1998,4300110
18845,1998,4300130
10336,1998,4300140
8468,1998,4300150
4027,1998,4300155
119194,1998,4300160
5275,1998,4300163
5455,1998,4300165
6872,1998,4300170
6276,1998,4300175
3241,1998,4300185
3580,1998,4300187
11041,1998,4300190
2420,1998,4300192
2205,1998,4300195
5359,1998,4300180
11124,1998,4300200
2850,1998,4300205
87370,1998,4300210
2071,1998,4300215
6475,1998,4300220
3057,1998,4300225
11871,1998,4300230
9219,1998,4300235
2574,1998,4300237
10697,1998,4300240
7772,1998,4300245
7831,1998,4300250
4294,1998,4300260
4306,1998,4300265
19877,1998,4300270
33686,1998,4300280
15478,1998,4300290
87697,1998,4300300
101060,1998,4300310
5151,1998,4300320
7112,1998,4300330
5433,1998,4300340
58466,1998,4300350
2343,1998,4300355
6881,1998,4300360
3028,1998,4300367
7104,1998,4300370
8412,1998,4300380
51687,1998,4300390
6706,1998,4300400
3881,1998,4300410
28923,1998,4300420
7535,1998,4300430
7599,1998,4300435
32320,1998,4300440
49656,1998,4300450
290991,1998,4300460
26913,1998,4300463
22029,1998,4300466
9104,1998,4300468
2458,1998,4300469
2998,1998,4300467
5928,1998,4300471
57904,1998,4300470
19905,1998,4300480
2066,1998,4300485
8484,1998,4300490
3023,1998,4300495
10552,1998,4300500
342145,1998,4300510
3386,1998,4300511
6772,1998,4300512
4293,1998,4300513
2869,1998,4300515
7765,1998,4300517
12856,1998,4300520
9987,1998,4300530
28595,1998,4300535
3836,1998,4300537
4218,1998,4300540
3159,1998,4300543
4619,1998,4300544
6748,1998,4300545
5089,1998,4300550
2375,1998,4300558
4025,1998,4300560
6366,1998,4300570
11377,1998,4300580
2975,1998,4300585
2399,1998,4300587
8449,1998,4300590
4113,1998,4300595
3007,1998,4300597
15487,1998,4300600
6842,1998,4300605
2704,1998,4300607
72315,1998,4300610
12175,1998,4300620
4620,1998,4300630
3851,1998,4300632
3400,1998,4300635
3376,1998,4300637
18899,1998,4300640
2787,1998,4300642
3383,1998,4300645
14007,1998,4300650
39626,1998,4300660
2325,1998,4300655
3823,1998,4300670
6451,1998,4300673
2235,1998,4300675
23997,1998,4300676
18428,1998,4300680
23196,1998,4300690
2186,1998,4300692
3624,1998,4300695
10533,1998,4300693
3104,1998,4300697
86037,1998,4300700
3787,1998,4300705
5660,1998,4300720
9386,1998,4300730
5267,1998,4300740
4271,1998,4300745
15976,1998,4300750
6225,1998,4300755
32946,1998,4300760
79003,1998,4300770
27749,1998,4300780
3744,1998,4300781
3468,1998,4300783
2446,1998,4300786
55468,1998,4300790
6867,1998,4300800
3091,1998,4300805
2708,1998,4300807
10805,1998,4300810
21589,1998,4300820
2490,1998,4300825
11850,1998,4300830
7594,1998,4300840
4883,1998,4300845
28668,1998,4300850
27415,1998,4300860
3548,1998,4300865
6322,1998,4300870
8529,1998,4300880
1765,1998,4300885
16391,1998,4300890
18702,1998,4300900
4797,1998,4300905
26377,1998,4300910
2460,1998,4300912
3804,1998,4300915
217723,1998,4300920
2005,1998,4300925
90277,1998,4300930
19671,1998,4300940
8930,1998,4300950
3490,1998,4300955
7653,1998,4300710
2584,1998,4300957
16861,1998,4300960
4787,1998,4300965
5353,1998,4300970
4652,1998,4300975
5232,1998,4300980
7226,1998,4300990
5077,1998,4300995
18785,1998,4301000
25731,1998,4301010
76829,1998,4301020
4160,1998,4301030
10097,1998,4301033
3890,1998,4301036
7701,1998,4301040
2327,1998,4301041
5508,1998,4301043
2281,1998,4301046
9031,1998,4301050
4188,1998,4301053
3635,1998,4301055
2550,1998,4301057
40167,1998,4301060
5741,1998,4301070
2637,1998,4301075
14013,1998,4301080
4528,1998,4301085
4440,1998,4301090
31313,1998,4301100
12635,1998,4301110
4522,1998,4301112
3821,1998,4301113
7980,1998,4301115
23073,1998,4301120
1527,1998,4301127
29521,1998,4301130
5461,1998,4301125
61444,1998,4301140
2267,1998,4301142
7383,1998,4301150
7095,1998,4301160
3991,1998,4301162
1532,1998,4301164
5011,1998,4301171
6048,1998,4301170
3106,1998,4301173
6160,1998,4301175
7223,1998,4301177
2390,1998,4301179
26618,1998,4301180
6564,1998,4301190
3515,1998,4301198
2536,1998,4301200
4523,1998,4301205
5796,1998,4301210
2301,1998,4301213
3124,1998,4301215
5964,1998,4301220
7286,1998,4301225
5267,1998,4301230
1828,1998,4301235
2882,1998,4301237
2716,1998,4301238
51787,1998,4301240
2352,1998,4301242
3636,1998,4301244
5920,1998,4301245
4958,1998,4301247
9433,1998,4301250
4991,1998,4301260
2727,1998,4301261
1719,1998,4301262
14099,1998,4301265
1754,1998,4301267
12675,1998,4301270
2727,1998,4301275
3281,1998,4301280
7735,1998,4301290
2295,1998,4301295
4669,1998,4301300
3070,1998,4301301
3841,1998,4301303
13426,1998,4301306
2409,1998,4301308
6052,1998,4301310
16242,1998,4301320
17264,1998,4301330
2855,1998,4301333
3146,1998,4301335
13236,1998,4301337
3671,1998,4301349
3395,1998,4301339
235622,1998,4301340
4828,1998,4301342
2810,1998,4301344
35475,1998,4301350
4665,1998,4301360
10505,1998,4301365
39014,1998,4301370
7304,1998,4301380
33233,1998,4301390
10546,1998,4301395
5799,1998,4301400
6825,1998,4301402
2993,1998,4301403
42508,1998,4301405
4788,1998,4301406
5381,1998,4301407
163227,1998,4301410
7686,1998,4301415
7774,1998,4301420
4283,1998,4301430
311948,1998,4301440
4226,1998,4301442
2517,1998,4301445
4456,1998,4301447
4312,1998,4301449
13312,1998,4301450
3438,1998,4301455
17212,1998,4301460
11169,1998,4301470
1882,1998,4301475
3623,1998,4301477
2367,1998,4301478
23585,1998,4301480
1306195,1998,4301490
7331,1998,4301500
2967,1998,4301505
2734,1998,4301507
11404,1998,4301510
2188,1998,4301513
2078,1998,4301514
6379,1998,4301515
2166,1998,4301517
4770,1998,4301520
23630,1998,4301530
2543,1998,4301532
3586,1998,4301535
8201,1998,4301540
2297,1998,4301545
15811,1998,4301550
5206,1998,4301555
180988,1998,4301560
37865,1998,4301570
3856,1998,4301575
8907,1998,4301580
5407,1998,4301590
17525,1998,4301600
9784,1998,4301610
6387,1998,4301620
7856,1998,4301630
41576,1998,4301640
2782,1998,4301642
3229,1998,4301643
13005,1998,4301645
2863,1998,4301647
6629,1998,4301650
14983,1998,4301660
10167,1998,4301670
4718,1998,4301675
104772,1998,4301680
234610,1998,4301690
5738,1998,4301695
65687,1998,4301720
1894,1998,4301725
30631,1998,4301730
8649,1998,4301700
89841,1998,4301710
51917,1998,4301740
76764,1998,4301750
34298,1998,4301760
13385,1998,4301770
2220,1998,4301755
2078,1998,4301775
15018,1998,4301780
15258,1998,4301790
2662,1998,4301795
64257,1998,4301800
2863,1998,4301805
20519,1998,4301810
18486,1998,4301820
61611,1998,4301830
19249,1998,4301840
4764,1998,4301842
2622,1998,4301843
2901,1998,4301844
3134,1998,4301845
2539,1998,4301846
3217,1998,4301848
2446,1998,4301849
23145,1998,4301850
6988,1998,4301860
3127,1998,4301862
186568,1998,4301870
43073,1998,4301880
39289,1998,4301890
18229,1998,4301900
6450,1998,4301910
3195,1998,4301912
7429,1998,4301915
6260,1998,4301920
7393,1998,4301930
2585,1998,4301935
2986,1998,4301937
16633,1998,4301940
20123,1998,4301950
24675,1998,4301960
4262,1998,4301970
2302,1998,4301971
2464,1998,4301973
1694,1998,4301975
8008,1998,4301980
65963,1998,4301990
118285,1998,4302000
18749,1998,4302010
11452,1998,4302020
3396,1998,4302023
6761,1998,4302026
4614,1998,4302030
2896,1998,4302032
4051,1998,4302035
10356,1998,4302040
3045,1998,4302045
7405,1998,4302050
5229,1998,4302055
2456,1998,4302057
4290,1998,4302060
2564,1998,4302065
9914,1998,4302067
15455,1998,4302070
28362,1998,4302080
3050,1998,4302085
13942,1998,4302090
11307,1998,4302100
14680,1998,4302110
49958,1998,4302120
23709,1998,4302130
3078,1998,4302132
5036,1998,4302135
14165,1998,4302140
10882,1998,4302143
20970,1998,4302145
8238,1998,4302147
3142,1998,4302149
26209,1998,4302150
29271,1998,4302160
2286,1998,4302162
3225,1998,4302163
9844,1998,4302166
18142,1998,4302170
25196,1998,4302180
3184,1998,4302183
4632,1998,4302185
25580,1998,4302190
5981,1998,4302195
20515,1998,4302200
6615,1998,4302210
4424,1998,4302215
1735,1998,4302218
19041,1998,4302220
2781,1998,4302225
9560,1998,4302230
3636,1998,4302232
2712,1998,4302234
2128,1998,4302235
2677,1998,4302237
124777,1998,4302240
54288,1998,4302250
10280,1998,4302253
3839,1998,4302254
2637,1998,4302252
1938,1998,4302255
59931,1998,4302260
20537,1998,4302270
19030,1998,4302280
2327,1998,4302285
6453,1998,4302290
204172,1998,4302300
6033,1998,4302310
3898,1998,4302320
3022,1998,4302330
2401,1998,4302335
4175,1998,4302340
4313,1998,4302345
3035,1998,4302350
1716,1998,4302360
2773,1998,4302370
3959,1998,4302375
7359,1998,4302380
9144,1998,5000020
3447,1998,5000025
28855,1998,5000060
22082,1998,5000070
7009,1998,5000080
7876,1998,5000085
6294,1998,5000090
17480,1998,5000100
40714,1998,5000110
7076,1998,5000124
6243,1998,5000150
14620,1998,5000190
10974,1998,5000200
21110,1998,5000210
7416,1998,5000215
15119,1998,5000220
10682,1998,5000230
20693,1998,5000240
16992,1998,5000260
634031,1998,5000270
4499,1998,5000280
20215,1998,5000290
9444,1998,5000295
3235,1998,5000310
15338,1998,5000315
89788,1998,5000320
14998,1998,5000325
29840,1998,5000330
11134,1998,5000345
9010,1998,5000348
4662,1998,5000350
161096,1998,5000370
10023,1998,5000375
19809,1998,5000380
10168,1998,5000400
10630,1998,5000410
12538,1998,5000430
8684,1998,5000440
15306,1998,5000450
12933,1998,5000460
21046,1998,5000470
4583,1998,5000480
4678,1998,5000490
21248,1998,5000500
4189,1998,5000510
5350,1998,5000515
12495,1998,5000520
5874,1998,5000525
25432,1998,5000540
21043,1998,5000560
15539,1998,5000568
36667,1998,5000570
15209,1998,5000580
6367,1998,5000600
36187,1998,5000620
6037,1998,5000625
37892,1998,5000630
10574,1998,5000635
8172,1998,5000640
61875,1998,5000660
10874,1998,5000690
14397,1998,5000710
20004,1998,5000720
4796,1998,5000730
18297,1998,5000740
3861,1998,5000750
6723,1998,5000755
15635,1998,5000769
6791,1998,5000780
18493,1998,5000770
19457,1998,5000790
9791,1998,5000793
7338,1998,5000795
3752,1998,5000797
10722,1998,5000800
77261,1998,5000830
5722,1998,5000840
6412,1998,5100010
14180,1998,5100020
39995,1998,5100025
11184,1998,5100030
5752,1998,5100035
7124,1998,5100040
10548,1998,5100050
3357,1998,5100060
6094,1998,5100080
3570,1998,5100100
1381,1998,5100120
13732,1998,5100125
12849,1998,5100130
17900,1998,5100140
7190,1998,5100160
21965,1998,5100170
47513,1998,5100180
10923,1998,5100190
74189,1998,5100250
12251,1998,5100260
16375,1998,5100263
12382,1998,5100267
1696,1998,5100268
7096,1998,5100269
15838,1998,5100270
14312,1998,5100279
7594,1998,5100285
15271,1998,5100300
11735,1998,5100305
5511,1998,5100310
27987,1998,5100320
14572,1998,5100330
20748,1998,5100335
5577,1998,5100337
447390,1998,5100340
9523,1998,5100345
15155,1998,5100350
8144,1998,5100360
3926,1998,5100370
4437,1998,5100380
3303,1998,5100385
4674,1998,5100390
3569,1998,5100395
25850,1998,5100410
12692,1998,5100420
1720,1998,5100450
8641,1998,5100455
7773,1998,5100460
22373,1998,5100480
7094,1998,5100490
11147,1998,5100500
27452,1998,5100510
30073,1998,5100515
5237,1998,5100517
11539,1998,5100520
5296,1998,5100523
14573,1998,5100525
2532,1998,5100530
13298,1998,5100558
11883,1998,5100560
23908,1998,5100562
15969,1998,5100590
9892,1998,5100600
11052,1998,5100610
6126,1998,5100615
5437,1998,5100620
10057,1998,5100621
6031,1998,5100880
3339,1998,5100618
2943,1998,5100885
2909,1998,5100890
6616,1998,5100895
8975,1998,5100622
13827,1998,5100623
4251,1998,5100624
19152,1998,5100625
3503,1998,5100627
3698,1998,5100626
8789,1998,5100628
7491,1998,5100629
15002,1998,5100630
13372,1998,5100637
27288,1998,5100642
2595,1998,5100645
30841,1998,5100650
3413,1998,5100665
2512,1998,5100670
43530,1998,5100675
11835,1998,5100677
7043,1998,5100680
7358,1998,5100682
4373,1998,5100685
20389,1998,5100700
25317,1998,5100704
4948,1998,5100706
2567,1998,5100715
8663,1998,5100718
1670,1998,5100719
5659,1998,5100720
151160,1998,5100760
14951,1998,5100770
5191,1998,5100775
3983,1998,5100724
6685,1998,5100777
2762,1998,5100726
15083,1998,5100780
10746,1998,5100785
3258,1998,5100729
12090,1998,5100730
5132,1998,5100735
21499,1998,5100710
3715,1998,5100740
4075,1998,5100787
65523,1998,5100790
30614,1998,5100792
5650,1998,5100794
54375,1998,5100795
9433,1998,5100800
15513,1998,5100805
3424,1998,5100810
5537,1998,5100820
3278,1998,5100830
207846,1998,5100840
7531,1998,5100850
10911,1998,5100550
15261,1998,5100860
3553,1998,5200005
10431,1998,5200010
15752,1998,5200013
2882,1998,5200015
3601,1998,5200017
2125,1998,5200020
80516,1998,5200025
20426,1998,5200030
2042,1998,5200050
2725,1998,5200055
5795,1998,5200060
7679,1998,5200080
2684,1998,5200082
5305,1998,5200085
4107,1998,5200090
276802,1998,5200110
855,1998,5200120
17859,1998,5200130
306244,1998,5200140
2420,1998,5200145
3428,1998,5200150
3663,1998,5200160
17500,1998,5200170
6105,1998,5200180
8029,1998,5200215
3801,1998,5200235
5499,1998,5200250
4749,1998,5200260
2602,1998,5200280
4041,1998,5200310
7849,1998,5200320
19508,1998,5200330
8132,1998,5200340
15020,1998,5200350
4606,1998,5200355
2662,1998,5200357
2840,1998,5200360
5722,1998,5200380
9151,1998,5200390
2651,1998,5200393
3683,1998,5200396
5702,1998,5200400
7897,1998,5200410
1294,1998,5200420
7852,1998,5200425
9939,1998,5200430
14332,1998,5200440
43472,1998,5200450
2872,1998,5200455
2500,1998,5200460
3675,1998,5200465
8914,1998,5200470
4664,1998,5200480
15816,1998,5200490
12463,1998,5200495
7438,1998,5200500
3910,1998,5200505
60118,1998,5200510
4088,1998,5200520
10163,1998,5200530
20812,1998,5200540
6412,1998,5200545
2866,1998,5200547
36355,1998,5200549
13657,1998,5200551
3501,1998,5200552
3022,1998,5200570
8251,1998,5200580
6139,1998,5200590
30998,1998,5200620
2905,1998,5200630
15180,1998,5200640
3816,1998,5200650
3182,1998,5200660
3379,1998,5200670
2653,1998,5200680
2066,1998,5200690
2767,1998,5200710
4994,1998,5200830
7133,1998,5200725
3613,1998,5200735
11068,1998,5200740
3546,1998,5200750
7394,1998,5200753
7735,1998,5200760
9624,1998,5200780
5513,1998,5200790
75354,1998,5200800
5665,1998,5200810
10890,1998,5200840
4925,1998,5200850
47583,1998,5200860
1039230,1998,5200870
16665,1998,5200880
28072,1998,5200890
30305,1998,5200910
3866,1998,5200915
12764,1998,5200920
2999,1998,5200929
4515,1998,5200940
3008,1998,5200945
2945,1998,5200960
11516,1998,5200970
4181,1998,5200980
10116,1998,5200990
5044,1998,5200993
12356,1998,5200995
41223,1998,5201000
22580,1998,5201010
32144,1998,5201020
3443,1998,5201030
27134,1998,5201040
4459,1998,5201056
5155,1998,5201060
5539,1998,5201080
13772,1998,5201090
9221,1998,5201100
27742,1998,5201120
6022,1998,5201130
8100,1998,5201140
80835,1998,5201150
3170,1998,5201160
6815,1998,5201170
30281,1998,5201180
75890,1998,5201190
2717,1998,5201200
2075,1998,5201205
6701,1998,5201210
19192,1998,5201220
7982,1998,5201230
119676,1998,5201250
2611,1998,5201260
4838,1998,5201270
11410,1998,5201280
2021,1998,5201290
4661,1998,5201295
9429,1998,5201300
2437,1998,5201305
36597,1998,5201308
34672,1998,5201310
1952,1998,5201340
6576,1998,5201350
7824,1998,5201370
6732,1998,5201375
2683,1998,5201377
33805,1998,5201380
2227,1998,5201385
6157,1998,5201390
10288,1998,5201400
5586,1998,5201405
4477,1998,5201410
6949,1998,5201440
16716,1998,5201450
34197,1998,5201460
2244,1998,5201470
1916,1998,5201480
9855,1998,5201483
9369,1998,5201486
2674,1998,5201487
3815,1998,5201490
6218,1998,5201500
4356,1998,5201520
67801,1998,5201523
3571,1998,5201525
13428,1998,5201530
4651,1998,5201540
4135,1998,5201550
17009,1998,5201560
3452,1998,5201565
18155,1998,5201570
2197,1998,5201580
3356,1998,5201590
2680,1998,5201600
8888,1998,5201630
11959,1998,5201640
1971,1998,5201645
9811,1998,5201680
3642,1998,5201690
22871,1998,5201710
11673,1998,5201720
20857,1998,5201730
27523,1998,5201740
64246,1998,5201760
16619,1998,5201770
38877,1998,5201800
2644,1998,5201805
3177,1998,5201810
25453,1998,5201830
3588,1998,5201839
35733,1998,5201850
10568,1998,5201860
4498,1998,5201870
1992,1998,5201878
105510,1998,5201880
17387,1998,5201890
7894,1998,5201900
4833,1998,5201910
2937,1998,5201920
3483,1998,5201925
32817,1998,5201930
3474,1998,5201935
5503,1998,5201940
3061,1998,5201945
3545,1998,5201950
5243,1998,5201960
12520,1998,5201970
4216,1998,5201971
2656,1998,5201973
60499,1998,5201975
9054,1998,5201980
5889,1998,5201990
6371,1998,5202000
2121,1998,5202005
25595,1998,5202010
3644,1998,5202015
21715,1998,5202020
3064,1998,5202026
1597,1998,5202028
13098,1998,5202040
48551,1998,5202045
6403,1998,5202050
19278,1998,5202060
6224,1998,5202068
2974,1998,5202070
3609,1998,5202100
2241,1998,5202108
4733,1998,5202119
2899,1998,5202130
75194,1998,5202140
3439,1998,5202145
5551,1998,5202150
3287,1998,5202155
3014,1998,5202157
33593,1998,5202160
15234,1998,5202170
2897,1998,5202180
84551,1998,5202185
3487,1998,5202190
9788,1998,5202200
6284,1998,5202205
2565,1998,5202220
3734,1998,5202230
1923406,1998,5300010
25025,1999,1100001
9682,1999,1100037
11966,1999,1100040
18906,1999,1100034
73228,1999,1100002
12013,1999,1100045
7809,1999,1100003
5011,1999,1100060
75171,1999,1100004
8244,1999,1100070
13268,1999,1100080
4154,1999,1100090
18839,1999,1100005
4255,1999,1100092
24040,1999,1100006
9860,1999,1100007
11039,1999,1100008
4308,1999,1100094
24676,1999,1100009
12042,1999,1100100
39853,1999,1100010
5694,1999,1100110
47126,1999,1100011
93346,1999,1100012
30302,1999,1100013
10035,1999,1100120
14100,1999,1100130
12213,1999,1100140
15178,1999,1100014
17020,1999,1100033
6381,1999,1100143
10390,1999,1100050
40443,1999,1100015
4122,1999,1100145
31710,1999,1100018
2326,1999,1100146
309750,1999,1100020
29127,1999,1100025
4135,1999,1100147
3077,1999,1100026
43699,1999,1100028
10563,1999,1100029
6668,1999,1100148
6799,1999,1100149
24756,1999,1100032
10350,1999,1100150
5162,1999,1100155
9677,1999,1100160
15825,1999,1100170
7681,1999,1100175
9330,1999,1100180
46482,1999,1100030
6922,1999,1200001
2919,1999,1200005
13930,1999,1200010
4888,1999,1200013
3460,1999,1200017
62691,1999,1200020
10357,1999,1200025
25086,1999,1200030
3569,1999,1200032
9276,1999,1200033
6058,1999,1200034
8586,1999,1200035
11911,1999,1200038
7770,1999,1200080
4729,1999,1200039
259537,1999,1200040
9752,1999,1200042
1946,1999,1200043
22595,1999,1200050
13830,1999,1200045
23894,1999,1200060
14231,1999,1200070
16657,1999,1300002
7169,1999,1300006
7567,1999,1300008
11106,1999,1300010
13820,1999,1300014
8185,1999,1300020
30828,1999,1300030
20128,1999,1300040
22128,1999,1300050
27211,1999,1300060
10236,1999,1300063
9509,1999,1300068
21682,1999,1300070
28716,1999,1300080
5161,1999,1300083
6507,1999,1300090
22058,1999,1300100
14146,1999,1300110
13122,1999,1300115
63815,1999,1300120
16016,1999,1300130
28910,1999,1300140
19193,1999,1300150
25627,1999,1300160
9186,1999,1300165
22601,1999,1300170
11770,1999,1300180
31846,1999,1300185
70314,1999,1300190
6254,1999,1300195
7242,1999,1300200
4982,1999,1300210
3839,1999,1300220
22251,1999,1300230
24392,1999,1300240
71007,1999,1300250
20999,1999,1300255
1255049,1999,1300260
33422,1999,1300270
15622,1999,1300280
41082,1999,1300290
15225,1999,1300300
21775,1999,1300310
15429,1999,1300320
15905,1999,1300330
80277,1999,1300340
19299,1999,1300350
12416,1999,1300353
12281,1999,1300356
10174,1999,1300360
26525,1999,1300370
29227,1999,1300380
25010,1999,1300390
6443,1999,1300395
7657,1999,1300400
34659,1999,1300406
13998,1999,1300410
67800,1999,1300420
17608,1999,1300423
13175,1999,1300426
20607,1999,1300430
14015,1999,1300440
15486,1999,1400005
5021,1999,1400002
167185,1999,1400010
6733,1999,1400015
9112,1999,1400017
10267,1999,1400020
4440,1999,1400023
2869,1999,1400028
11089,1999,1400030
6378,1999,1400040
6274,1999,1400045
8668,1999,1400047
3732,1999,1400050
5144,1999,1400060
4524,1999,1400070
111258,1999,1500010
5652,1999,1500013
61100,1999,1500020
26981,1999,1500030
26765,1999,1500034
40926,1999,1500040
37660,1999,1500050
85901,1999,1500060
16383,1999,1500070
400940,1999,1500080
9434,1999,1500085
27548,1999,1500090
17007,1999,1500095
16266,1999,1500100
9225,1999,1500110
20520,1999,1500120
3288,1999,1500125
59162,1999,1500130
1186926,1999,1500140
10342,1999,1500145
33834,1999,1500150
9745,1999,1500157
11193,1999,1500160
87866,1999,1500170
15468,1999,1500172
6639,1999,1500175
25213,1999,1500178
78007,1999,1500180
22466,1999,1500190
21436,1999,1500200
8494,1999,1500195
92779,1999,1500210
13398,1999,1500215
55690,1999,1500220
38795,1999,1500230
127634,1999,1500240
13180,1999,1500250
9373,1999,1500260
46709,1999,1500270
20326,1999,1500275
3049,1999,1500276
21744,1999,1500277
19399,1999,1500280
7569,1999,1500285
25163,1999,1500290
45873,1999,1500293
22932,1999,1500295
7539,1999,1500300
14277,1999,1500304
25211,1999,1500307
26035,1999,1500309
21856,1999,1500310
33517,1999,1500320
51184,1999,1500330
7665,1999,1500340
16611,1999,1500345
26749,1999,1500350
101320,1999,1500360
29539,1999,1500370
22776,1999,1500375
47414,1999,1500380
28346,1999,1500390
18897,1999,1500400
17088,1999,1500405
8347,1999,1500410
167795,1999,1500420
23068,1999,1500430
24386,1999,1500440
59224,1999,1500442
39446,1999,1500445
16019,1999,1500450
18933,1999,1500460
49417,1999,1500470
51477,1999,1500480
24569,1999,1500490
19734,1999,1500495
8835,1999,1500497
16345,1999,1500500
19410,1999,1500503
31478,1999,1500506
46001,1999,1500510
23597,1999,1500520
43586,1999,1500530
14557,1999,1500540
14061,1999,1500543
20067,1999,1500548
6379,1999,1500549
68423,1999,1500550
76452,1999,1500553
6222,1999,1500555
7788,1999,1500560
9133,1999,1500563
10287,1999,1500565
18266,1999,1500570
37291,1999,1500580
30753,1999,1500590
19566,1999,1500600
9213,1999,1500610
10606,1999,1500611
63273,1999,1500613
16985,1999,1500616
38514,1999,1500618
26377,1999,1500619
31051,1999,1500620
15053,1999,1500630
13772,1999,1500635
4957,1999,1500640
42887,1999,1500650
15551,1999,1500655
12359,1999,1500658
21944,1999,1500660
25988,1999,1500670
241771,1999,1500680
3898,1999,1500690
23475,1999,1500700
13116,1999,1500710
22433,1999,1500715
26152,1999,1500720
49294,1999,1500730
8903,1999,1500740
24887,1999,1500745
3251,1999,1500746
17654,1999,1500747
9678,1999,1500750
37581,1999,1500760
16586,1999,1500770
4016,1999,1500775
15196,1999,1500780
20144,1999,1500790
37856,1999,1500795
8131,1999,1500796
14421,1999,1500797
46769,1999,1500800
18453,1999,1500803
6336,1999,1500805
36191,1999,1500808
60897,1999,1500810
11566,1999,1500812
44978,1999,1500815
34908,1999,1500820
49169,1999,1500830
13009,1999,1500835
33011,1999,1500840
6298,1999,1600010
6014,1999,1600020
2213,1999,1600021
2774,1999,1600023
2617,1999,1600025
27671,1999,1600027
256033,1999,1600030
12989,1999,1600040
11449,1999,1600050
3864,1999,1600015
8384,1999,1600053
1872,1999,1600055
81949,1999,1600060
3522,1999,1600005
4543,1999,1600070
7589,1999,1600080
2005,1999,1700025
2947,1999,1700030
6124,1999,1700035
7883,1999,1700040
9308,1999,1700070
10547,1999,1700100
2331,1999,1700105
3946,1999,1700110
4009,1999,1700130
4828,1999,1700190
9642,1999,1700200
114948,1999,1700210
3530,1999,1700215
24544,1999,1700220
5933,1999,1700230
11774,1999,1700240
19712,1999,1700255
3076,1999,1700270
9541,1999,1700290
8633,1999,1700300
2015,1999,1700305
3150,1999,1700307
4474,1999,1700310
4425,1999,1700320
1928,1999,1700330
1804,1999,1700360
4681,1999,1700370
7564,1999,1700380
2154,1999,1700382
6254,1999,1700384
2092,1999,1700386
1362,1999,1700388
3250,1999,1700389
4169,1999,1700390
2361,1999,1700410
3276,1999,1700510
956,1999,1700460
26628,1999,1700550
9318,1999,1701670
5001,1999,1700555
4754,1999,1700560
4108,1999,1700600
7804,1999,1700610
1204,1999,1700625
4226,1999,1700650
16192,1999,1700700
5449,1999,1700710
6859,1999,1700720
3950,1999,1700730
6528,1999,1700740
3266,1999,1700755
6056,1999,1700765
7373,1999,1700770
20003,1999,1700820
2634,1999,1700825
5110,1999,1700830
10827,1999,1700900
19795,1999,1700930
70423,1999,1700950
1168,1999,1700980
5946,1999,1701050
7107,1999,1701070
3671,1999,1701090
3030,1999,1701110
3719,1999,1701150
2832,1999,1701180
6075,1999,1701190
3120,1999,1701195
1665,1999,1701200
1055,1999,1701215
4037,1999,1701240
1712,1999,1701245
2809,1999,1701250
1776,1999,1701270
3243,1999,1701280
15985,1999,1701320
10600,1999,1701330
5429,1999,1701360
1640,1999,1701370
3289,1999,1701395
9370,1999,1701420
5353,1999,1701430
9492,1999,1701488
3886,1999,1701500
3408,1999,1701510
2029,1999,1701515
2396,1999,1701525
711,1999,1701550
121919,1999,1702100
3862,1999,1701570
4063,1999,1701380
6714,1999,1701575
35884,1999,1701610
8476,1999,1701620
5976,1999,1701630
7852,1999,1701650
7505,1999,1701660
3868,1999,1701665
4446,1999,1701700
2127,1999,1701720
5157,1999,1701750
4445,1999,1701780
6695,1999,1701790
2656,1999,1701800
43035,1999,1701820
5637,1999,1701830
4487,1999,1701840
1382,1999,1701845
3509,1999,1701850
3461,1999,1701855
1234,1999,1701865
2434,1999,1701870
5930,1999,1701875
2394,1999,1701880
4020,1999,1701884
4987,1999,1701886
2359,1999,1701888
1531,1999,1701889
3720,1999,1701890
2568,1999,1701900
2481,1999,1702000
2398,1999,1702010
1377,1999,1702015
9091,1999,1702020
1886,1999,1702025
4044,1999,1702030
5893,1999,1702049
4516,1999,1702065
14318,1999,1702080
1102,1999,1702085
14918,1999,1702090
1457,1999,1702093
1595,1999,1702097
4693,1999,1702110
20435,1999,1702120
1128,1999,1702125
1416,1999,1702130
11178,1999,1702208
11399,1999,1702210
87871,1999,2100005
4555,1999,2100010
9976,1999,2100015
18167,1999,2100020
18342,1999,2100030
5904,1999,2100040
16251,1999,2100043
24438,1999,2100047
10635,1999,2100050
4512,1999,2100055
32362,1999,2100060
20466,1999,2100070
10413,1999,2100080
8680,1999,2100083
10770,1999,2100087
36080,1999,2100090
26099,1999,2100095
25483,1999,2100100
10107,1999,2100110
93121,1999,2100120
9781,1999,2100125
14201,1999,2100130
4488,1999,2100135
52933,1999,2100140
14845,1999,2100150
71478,1999,2100160
38426,1999,2100170
7939,1999,2100177
6321,1999,2100173
6180,1999,2100180
20370,1999,2100190
4217,1999,2100193
3846,1999,2100197
37107,1999,2100200
13387,1999,2100203
9854,1999,2100207
26346,1999,2100210
10341,1999,2100215
27217,1999,2100220
22099,1999,2100230
32714,1999,2100232
10893,1999,2100235
6315,1999,2100237
8700,1999,2100240
15221,1999,2100250
9921,1999,2100255
15774,1999,2100260
14445,1999,2100270
10264,1999,2100275
29218,1999,2100280
17467,1999,2100290
133980,1999,2100300
8535,1999,2100310
5545,1999,2100312
5907,1999,2100315
13125,1999,2100317
61704,1999,2100320
10905,1999,2100325
103153,1999,2100330
43026,1999,2100340
31878,1999,2100350
14953,1999,2100355
54925,1999,2100360
24406,1999,2100370
12836,1999,2100375
20208,1999,2100380
9149,1999,2100390
16975,1999,2100400
21546,1999,2100405
7128,1999,2100407
4347,1999,2100408
8528,1999,2100409
10583,1999,2100410
16081,1999,2100420
8826,1999,2100430
17092,1999,2100440
8997,1999,2100450
7804,1999,2100455
11952,1999,2100460
8277,1999,2100462
11080,1999,2100465
22213,1999,2100467
6089,1999,2100470
40779,1999,2100480
12878,1999,2100490
18220,1999,2100500
19053,1999,2100510
9069,1999,2100515
10849,1999,2100520
224564,1999,2100530
9135,1999,2100535
52086,1999,2100540
20662,1999,2100542
6785,1999,2100545
8900,1999,2100547
22510,1999,2100550
14139,1999,2100560
5536,1999,2100565
39408,1999,2100570
8834,1999,2100580
7972,1999,2100594
13377,1999,2100590
9435,1999,2100592
9519,1999,2100596
4687,1999,2100598
11510,1999,2100600
9678,1999,2100610
7782,1999,2100620
13615,1999,2100630
14389,1999,2100632
7670,1999,2100635
8117,1999,2100637
10757,1999,2100640
17236,1999,2100650
23880,1999,2100660
5463,1999,2100663
6874,1999,2100667
19051,1999,2100670
15916,1999,2100675
13134,1999,2100680
22975,1999,2100690
9783,1999,2100700
13886,1999,2100710
7667,1999,2100720
3355,1999,2100725
4521,1999,2100730
16908,1999,2100735
20248,1999,2100740
11703,1999,2100745
61019,1999,2100750
15954,1999,2100760
20476,1999,2100770
29113,1999,2100780
15744,1999,2100790
14958,1999,2100800
12850,1999,2100805
20210,1999,2100810
41590,1999,2100820
10422,1999,2100825
32685,1999,2100830
17683,1999,2100840
14806,1999,2100845
24748,1999,2100850
66675,1999,2100860
22774,1999,2100870
21664,1999,2100880
21719,1999,2100890
16086,1999,2100900
7285,1999,2100905
37503,1999,2100910
7961,1999,2100920
4828,1999,2100923
13559,1999,2100927
9846,1999,2100930
9180,1999,2100940
16506,1999,2100945
19206,1999,2100950
5770,1999,2100955
33129,1999,2100960
6287,1999,2100970
3524,1999,2100975
27465,1999,2100980
71471,1999,2100990
54844,1999,2101000
20078,1999,2101003
20127,1999,2101010
20271,1999,2101020
5826,1999,2101023
9702,1999,2101027
14308,1999,2101030
13525,1999,2101040
31212,1999,2101050
22812,1999,2101060
5470,1999,2101065
33985,1999,2101070
5244,1999,2101080
7056,1999,2101085
12064,1999,2101090
18862,1999,2101100
14397,1999,2101102
9059,1999,2101105
12280,1999,2101107
23734,1999,2101110
98318,1999,2101120
7443,1999,2101125
837588,1999,2101130
22816,1999,2101140
33130,1999,2101150
10406,1999,2101153
3999,1999,2101157
15579,1999,2101160
5995,1999,2101163
3639,1999,2101167
16946,1999,2101170
7188,1999,2101172
9032,1999,2101174
17672,1999,2101176
15549,1999,2101178
19024,1999,2101180
10635,1999,2101190
3846,1999,2101195
6334,1999,2101200
27334,1999,2101210
125812,1999,2101220
18828,1999,2101223
5296,1999,2101227
34295,1999,2101230
30626,1999,2101240
19281,1999,2101245
39614,1999,2101250
22998,1999,2101260
30994,1999,2101270
50470,1999,2101280
5624,1999,2101285
27951,1999,2101290
29457,1999,2101300
42270,1999,2101400
4568,1999,2200005
5559,1999,2200010
13665,1999,2200020
6834,1999,2200025
4359,1999,2200027
12498,1999,2200030
40118,1999,2200040
3991,1999,2200045
17334,1999,2200050
7443,1999,2200060
6663,1999,2200070
2453,1999,2200080
6182,1999,2200090
4640,1999,2200100
6441,1999,2200105
9402,1999,2200110
8148,1999,2200115
4218,1999,2200117
40699,1999,2200120
3022,1999,2200130
6359,1999,2200140
23892,1999,2200150
3102,1999,2200155
2324,1999,2200157
9717,1999,2200160
5037,1999,2200170
7392,1999,2200173
4264,1999,2200177
4080,1999,2200180
14773,1999,2200190
4407,1999,2200191
4510,1999,2200192
5574,1999,2200194
8146,1999,2200196
2928,1999,2200198
17450,1999,2200200
6057,1999,2200202
8746,1999,2200205
2619,1999,2200207
6205,1999,2200208
5494,1999,2200209
4726,1999,2200210
4241,1999,2200211
4315,1999,2200213
5280,1999,2200217
40635,1999,2200220
3964,1999,2200225
16673,1999,2200230
10205,1999,2200240
4605,1999,2200245
7868,1999,2200250
3530,1999,2200253
3467,1999,2200255
18266,1999,2200260
2638,1999,2200265
24174,1999,2200270
3900,1999,2200271
4498,1999,2200272
3098,1999,2200273
4837,1999,2200275
6997,1999,2200277
4596,1999,2200280
3603,1999,2200285
20515,1999,2200290
6254,1999,2200300
8430,1999,2200310
8360,1999,2200320
4004,1999,2200323
4105,1999,2200327
3214,1999,2200325
12017,1999,2200330
6435,1999,2200335
6303,1999,2200340
7549,1999,2200345
4454,1999,2200342
14653,1999,2200350
4111,1999,2200360
33456,1999,2200370
4023,1999,2200375
4113,1999,2200380
2284,1999,2200385
52546,1999,2200390
4662,1999,2200400
4971,1999,2200410
2099,1999,2200415
6193,1999,2200420
9754,1999,2200430
4450,1999,2200435
10637,1999,2200440
10664,1999,2200450
4677,1999,2200455
3550,1999,2200460
7610,1999,2200465
13960,1999,2200470
8480,1999,2200480
7083,1999,2200490
9840,1999,2200500
9648,1999,2200510
4660,1999,2200515
14858,1999,2200520
4265,1999,2200525
3545,1999,2200527
4678,1999,2200530
2733,1999,2200535
13463,1999,2200540
4105,1999,2200545
29198,1999,2200550
4730,1999,2200551
4371,1999,2200552
4079,1999,2200553
6940,1999,2200555
5451,1999,2200557
5030,1999,2200556
3005,1999,2200558
3576,1999,2200559
2351,1999,2200554
5266,1999,2200560
22781,1999,2200570
25814,1999,2200580
5827,1999,2200585
4513,1999,2200590
6382,1999,2200595
4546,1999,2200600
5676,1999,2200605
9070,1999,2200610
28161,1999,2200620
1646,1999,2200630
5535,1999,2200635
10522,1999,2200640
6706,1999,2200650
9338,1999,2200660
4406,1999,2200665
4833,1999,2200667
5966,1999,2200669
8281,1999,2200670
3292,1999,2200675
8027,1999,2200680
3550,1999,2200795
6127,1999,2200690
3238,1999,2200695
32245,1999,2200700
2871,1999,2200710
6587,1999,2200720
3614,1999,2200730
3087,1999,2200735
5270,1999,2200740
11983,1999,2200750
4522,1999,2200755
9616,1999,2200760
129756,1999,2200770
3959,1999,2200775
5669,1999,2200777
15655,1999,2200780
3839,1999,2200785
35865,1999,2200790
1441,1999,2200793
64369,1999,2200800
8817,1999,2200810
15005,1999,2200820
24689,1999,2200830
60036,1999,2200840
10443,1999,2200850
1902,1999,2200855
3151,1999,2200860
7948,1999,2200865
7954,1999,2200870
16701,1999,2200880
4518,1999,2200885
3541,1999,2200887
6019,1999,2200890
5864,1999,2200900
6240,1999,2200910
3623,1999,2200915
5829,1999,2200920
4375,1999,2200930
5314,1999,2200937
3399,1999,2200935
5015,1999,2200940
1660,1999,2200945
3242,1999,2200950
4263,1999,2200955
3201,1999,2200960
3974,1999,2200965
6037,1999,2200970
2446,1999,2200975
3646,1999,2200980
4478,1999,2200985
5228,1999,2200987
6760,1999,2200990
4275,1999,2200995
4222,1999,2200997
15460,1999,2201000
5243,1999,2201005
3562,1999,2201010
5846,1999,2201020
5551,1999,2201030
4537,1999,2201035
2441,1999,2201037
1450,1999,2201038
2802,1999,2201039
19309,1999,2201040
12239,1999,2201050
25980,1999,2201060
3881,1999,2201062
3414,1999,2201063
7650,1999,2201065
11806,1999,2201070
10382,1999,2201080
4258,1999,2201090
4373,1999,2201093
2465,1999,2201095
1952,1999,2201097
691942,1999,2201100
37654,1999,2201110
15517,1999,2201120
18940,1999,2201130
4696,1999,2201135
4283,1999,2201140
2560,1999,2201150
2806,1999,2201160
3916,1999,2201170
7217,1999,2300010
11380,1999,2300015
45234,1999,2300020
46494,1999,2300030
14287,1999,2300040
9516,1999,2300050
5920,1999,2300060
13143,1999,2300070
30756,1999,2300075
6297,1999,2300080
12067,1999,2300090
56368,1999,2300100
61431,1999,2300110
24750,1999,2300120
11137,1999,2300125
17798,1999,2300130
12384,1999,2300140
6869,1999,2300150
18459,1999,2300160
24813,1999,2300170
6557,1999,2300180
15687,1999,2300185
46680,1999,2300190
18220,1999,2300195
19746,1999,2300200
13131,1999,2300205
30617,1999,2300210
38744,1999,2300220
28903,1999,2300230
47637,1999,2300240
35391,1999,2300250
52351,1999,2300260
24248,1999,2300270
67940,1999,2300280
15458,1999,2300290
14829,1999,2300300
18439,1999,2300310
25598,1999,2300320
16931,1999,2300330
15356,1999,2300340
51825,1999,2300350
12984,1999,2300360
9124,1999,2300365
238738,1999,2300370
23579,1999,2300380
11704,1999,2300390
11881,1999,2300393
16183,1999,2300395
19755,1999,2300400
63937,1999,2300410
98965,1999,2300420
16419,1999,2300423
19376,1999,2300425
7644,1999,2300426
5909,1999,2300427
29757,1999,2300428
21274,1999,2300430
17833,1999,2300435
2097757,1999,2300440
11967,1999,2300445
11852,1999,2300450
4664,1999,2300460
14505,1999,2300465
45673,1999,2300470
4957,1999,2300480
8488,1999,2300490
16525,1999,2300495
33135,1999,2300500
5705,1999,2300510
16544,1999,2300520
27762,1999,2300523
10462,1999,2300526
21721,1999,2300530
9020,1999,2300533
16835,1999,2300535
57161,1999,2300540
79461,1999,2300550
22712,1999,2300560
11184,1999,2300565
10534,1999,2300570
34592,1999,2300580
36271,1999,2300590
13197,1999,2300600
16621,1999,2300610
6840,1999,2300620
28314,1999,2300625
40569,1999,2300630
83142,1999,2300640
15195,1999,2300650
26099,1999,2300655
14979,1999,2300660
16767,1999,2300670
8052,1999,2300680
33301,1999,2300690
31026,1999,2300700
25982,1999,2300710
6509,1999,2300720
10622,1999,2300725
199636,1999,2300730
20074,1999,2300740
31429,1999,2300750
46714,1999,2300760
14989,1999,2300763
162022,1999,2300765
88478,1999,2300770
17887,1999,2300780
7966,1999,2300790
26553,1999,2300800
38986,1999,2300810
10943,1999,2300820
24105,1999,2300830
12222,1999,2300835
10983,1999,2300837
30008,1999,2300840
38623,1999,2300850
15119,1999,2300860
61385,1999,2300870
6944,1999,2300880
16340,1999,2300890
12971,1999,2300900
8510,1999,2300910
11270,1999,2300920
29765,1999,2300930
25310,1999,2300940
20569,1999,2300945
20667,1999,2300950
39974,1999,2300960
47001,1999,2300970
11952,1999,2300980
5557,1999,2300990
7447,1999,2301000
9514,1999,2301010
25177,1999,2301020
21615,1999,2301025
31439,1999,2301030
11696,1999,2301040
37074,1999,2301050
6011,1999,2301060
27776,1999,2301070
13570,1999,2301080
14590,1999,2301085
12491,1999,2301090
11391,1999,2301095
11489,1999,2301100
15298,1999,2301110
8449,1999,2301120
5910,1999,2301123
17266,1999,2301126
66765,1999,2301130
14743,1999,2301135
55574,1999,2301140
16414,1999,2301150
21283,1999,2301160
22000,1999,2301170
55967,1999,2301180
16966,1999,2301190
12175,1999,2301195
38703,1999,2301220
27906,1999,2301200
16921,1999,2301210
38416,1999,2301230
35242,1999,2301240
8682,1999,2301250
11178,1999,2301260
24375,1999,2301270
5722,1999,2301280
146005,1999,2301290
16150,1999,2301300
27734,1999,2301310
28329,1999,2301320
7593,1999,2301325
49263,1999,2301330
11043,1999,2301335
53091,1999,2301340
40818,1999,2301350
11059,1999,2301355
28618,1999,2301360
7314,1999,2301370
15211,1999,2301375
16490,1999,2301380
9747,1999,2301390
14804,1999,2301395
34084,1999,2301400
44693,1999,2301410
10875,1999,2400010
46341,1999,2400020
9504,1999,2400030
2694,1999,2400040
13127,1999,2400050
4855,1999,2400060
9849,1999,2400070
10845,1999,2400080
6438,1999,2400090
29390,1999,2400100
19978,1999,2400110
11722,1999,2400120
9640,1999,2400130
7388,1999,2400140
19197,1999,2400145
3975,1999,2400150
4772,1999,2400160
2436,1999,2400165
9177,1999,2400170
10429,1999,2400180
6905,1999,2400185
2633,1999,2400190
53505,1999,2400200
9186,1999,2400210
24817,1999,2400220
20462,1999,2400230
6612,1999,2400240
8112,1999,2400250
64733,1999,2400260
9917,1999,2400270
4876,1999,2400280
4324,1999,2400290
8035,1999,2400300
40775,1999,2400310
5736,1999,2400320
4632,1999,2400330
5810,1999,2400340
8834,1999,2400350
19888,1999,2400360
5207,1999,2400370
2592,1999,2400375
8835,1999,2400380
2894,1999,2400390
4377,1999,2400400
1541,1999,2400410
16175,1999,2400420
11561,1999,2400430
7502,1999,2400440
9342,1999,2400450
9369,1999,2400460
11897,1999,2400470
1829,1999,2400480
5029,1999,2400485
5825,1999,2400490
7052,1999,2400500
6312,1999,2400510
6048,1999,2400520
7330,1999,2400530
6518,1999,2400540
2575,1999,2400550
10831,1999,2400560
11941,1999,2400570
38087,1999,2400580
2290,1999,2400590
5414,1999,2400600
19028,1999,2400610
5127,1999,2400620
6678,1999,2400630
2324,1999,2400640
11002,1999,2400650
6731,1999,2400660
8947,1999,2400670
4161,1999,2400680
3137,1999,2400690
9142,1999,2400700
47988,1999,2400710
23557,1999,2400720
2927,1999,2400725
7758,1999,2400730
7267,1999,2400740
7361,1999,2400750
3615,1999,2400760
10444,1999,2400770
16769,1999,2400780
2732,1999,2400790
214901,1999,2400800
688955,1999,2400810
17658,1999,2400820
32906,1999,2400830
4953,1999,2400840
4613,1999,2400850
3232,1999,2400860
4189,1999,2400870
4183,1999,2400880
18706,1999,2400890
96210,1999,2400325
7273,1999,2400910
2315,1999,2400920
10633,1999,2400930
22702,1999,2400940
3560,1999,2400950
2663,1999,2400960
6475,1999,2400970
13808,1999,2400980
10824,1999,2400990
2741,1999,2401000
12356,1999,2401010
6458,1999,2401020
3142,1999,2401025
6653,1999,2401030
5621,1999,2401040
4097,1999,2401050
2923,1999,2401060
2725,1999,2401070
4048,1999,2401080
4842,1999,2401090
9321,1999,2400895
6442,1999,2401100
3892,1999,2401110
30119,1999,2401120
3419,1999,2400933
12654,1999,2401140
2239,1999,2401142
20813,1999,2401150
3805,1999,2401160
3200,1999,2401170
3480,1999,2401180
3471,1999,2401190
63441,1999,2401200
5418,1999,2401210
35633,1999,2401220
10845,1999,2401230
3717,1999,2401240
18675,1999,2401250
5870,1999,2401255
14176,1999,2401260
5892,1999,2401270
8471,1999,2401280
10629,1999,2401290
4940,1999,2401300
5024,1999,2401310
3184,1999,2401320
4832,1999,2401330
7229,1999,2401335
7380,1999,2401340
5741,1999,2401350
3959,1999,2401355
10278,1999,2401360
4490,1999,2401370
2190,1999,2401380
10233,1999,2401390
11135,1999,2401400
8393,1999,2401410
3303,1999,2401415
2080,1999,2401105
5912,1999,2401420
2320,1999,2401430
21390,1999,2401440
3814,1999,2401445
10405,1999,2401450
11183,1999,2401460
8048,1999,2401470
2943,1999,2401475
10203,1999,2401480
1711,1999,2401490
2702,1999,2401500
9029,1999,2500010
5859,1999,2500020
29677,1999,2500030
18102,1999,2500040
12441,1999,2500050
4353,1999,2500053
1852,1999,2500057
15419,1999,2500060
1581,1999,2500073
4963,1999,2500077
20491,1999,2500080
10784,1999,2500090
15641,1999,2500100
24881,1999,2500110
1996,1999,2500115
6203,1999,2500120
19486,1999,2500130
2371,1999,2500135
6386,1999,2500140
21000,1999,2500150
2428,1999,2500153
12790,1999,2500160
8287,1999,2500157
5550,1999,2500170
88555,1999,2500180
17151,1999,2500190
7249,1999,2500200
2487,1999,2500205
5778,1999,2500210
4572,1999,2500215
1795,1999,2500220
5475,1999,2500230
7729,1999,2500240
16221,1999,2500250
4121,1999,2500270
11711,1999,2500280
5228,1999,2500290
17410,1999,2500300
4240,1999,2500310
36498,1999,2500320
8670,1999,2500330
2986,1999,2500340
17061,1999,2500350
6829,1999,2500355
7063,1999,2500360
51878,1999,2500370
3040,1999,2500375
4956,1999,2500380
5760,1999,2500390
352497,1999,2500400
9568,1999,2501640
4166,1999,2500403
3386,1999,2500407
2094,1999,2500410
6342,1999,2500415
4333,1999,2500420
26265,1999,2500430
3875,1999,2500435
17263,1999,2500440
7186,1999,2500450
12914,1999,2500460
4847,1999,2500470
14136,1999,2500480
1243,1999,2500485
13099,1999,2500490
6575,1999,2500500
20036,1999,2500510
5987,1999,2500523
7195,1999,2500520
5050,1999,2500527
2485,1999,2500530
3227,1999,2500535
7497,1999,2500540
6729,1999,2500560
9827,1999,2500570
4585,1999,2500580
2632,1999,2500590
27863,1999,2500600
12264,1999,2500610
2922,1999,2500620
8484,1999,2500625
54408,1999,2500630
14543,1999,2500640
2685,1999,2500650
6483,1999,2500660
5987,1999,2500260
10015,1999,2500670
17347,1999,2500680
25962,1999,2500690
22094,1999,2500700
14898,1999,2500710
9534,1999,2500720
12692,1999,2500730
7218,1999,2500740
584029,1999,2500750
7370,1999,2500760
13447,1999,2500770
5694,1999,2500780
10498,1999,2500790
10359,1999,2500800
5179,1999,2500810
7430,1999,2500820
24180,1999,2500830
3224,1999,2500840
7202,1999,2500850
3084,1999,2500855
8872,1999,2500860
3718,1999,2500870
5407,1999,2500880
36590,1999,2500890
10653,1999,2500900
5556,1999,2500905
20167,1999,2500910
5738,1999,2500915
11704,1999,2500920
5614,1999,2500930
4610,1999,2500933
2198,1999,2500937
4864,1999,2500939
13469,1999,2500940
3923,1999,2500950
4033,1999,2500960
26183,1999,2500970
10268,1999,2500980
10526,1999,2500990
7259,1999,2501000
9583,1999,2501010
7682,1999,2501020
3610,1999,2501030
7607,1999,2501040
3353,1999,2501050
2945,1999,2501060
1156,1999,2501065
1856,1999,2501070
90519,1999,2501080
11497,1999,2501090
3667,1999,2501100
5952,1999,2501110
24694,1999,2501120
4501,1999,2501272
15479,1999,2501130
16114,1999,2501140
9669,1999,2501150
6822,1999,2501160
5449,1999,2501170
10672,1999,2501180
12854,1999,2501190
14088,1999,2501200
3296,1999,2501203
3848,1999,2501207
29779,1999,2501210
3589,1999,2501220
17155,1999,2501230
11224,1999,2501240
33775,1999,2501250
1412,1999,2501260
14277,1999,2501270
2472,1999,2501274
3657,1999,2501275
2564,1999,2501276
1265,1999,2501278
8184,1999,2501280
22373,1999,2501290
2970,1999,2501300
12805,1999,2501310
6582,1999,2501315
6613,1999,2501320
5996,1999,2501330
3646,1999,2501335
13409,1999,2501340
113135,1999,2501370
4851,1999,2501380
5573,1999,2501350
7093,1999,2501360
2454,1999,2501365
2594,1999,2501385
3136,1999,2501392
25876,1999,2501390
2939,1999,2501396
1798,1999,2501394
3185,1999,2501398
4913,1999,2501400
16237,1999,2500070
4210,1999,2501410
7971,1999,2501420
5533,1999,2501430
4835,1999,2501440
16277,1999,2501450
5295,1999,2501455
2777,1999,2501460
1426,1999,2501465
3877,1999,2501470
3957,1999,2501480
4847,1999,2501445
8271,1999,2501490
5196,1999,2501500
10135,1999,2501510
2402,1999,2501520
45848,1999,2501530
8854,1999,2501540
12667,1999,2501550
3597,1999,2501560
2917,1999,2501570
8192,1999,2501580
8230,1999,2501590
2326,1999,2501593
7349,1999,2501597
31081,1999,2501600
10991,1999,2501610
2308,1999,2501615
58679,1999,2501620
15164,1999,2501630
12924,1999,2501650
13406,1999,2501660
13034,1999,2501670
2290,1999,2501675
9462,1999,2501680
13882,1999,2501690
9539,1999,2501700
1986,1999,2501710
4498,1999,2501720
3308,1999,2500550
2105,1999,2501740
82849,1999,2600005
33873,1999,2600010
14145,1999,2600020
18605,1999,2600030
25439,1999,2600040
34793,1999,2600050
11731,1999,2600060
36577,1999,2600070
20778,1999,2600080
20770,1999,2600090
8125,1999,2600100
12845,1999,2600105
65438,1999,2600110
60191,1999,2600120
11172,1999,2600130
37263,1999,2600140
15168,1999,2600150
20680,1999,2600160
71871,1999,2600170
10386,1999,2600180
52558,1999,2600190
24753,1999,2600200
40662,1999,2600210
38304,1999,2600220
33876,1999,2600230
7872,1999,2600240
6881,1999,2600250
37123,1999,2600260
12922,1999,2600270
38572,1999,2600280
149964,1999,2600290
27040,1999,2600300
15357,1999,2600310
19217,1999,2600320
11196,1999,2600330
7152,1999,2600340
118968,1999,2600345
14649,1999,2600350
7901,1999,2600360
22503,1999,2600370
19136,1999,2600380
17883,1999,2600390
11006,1999,2600392
55192,1999,2600400
244247,1999,2600410
12597,1999,2600415
30930,1999,2600420
8089,1999,2600430
10779,1999,2600440
16088,1999,2600450
21316,1999,2600460
18719,1999,2600470
14112,1999,2600480
23354,1999,2600490
23287,1999,2600500
26789,1999,2600510
13499,1999,2600515
58809,1999,2600520
30762,1999,2600530
18008,1999,2600540
1997,1999,2600545
9763,1999,2600550
20300,1999,2600560
23984,1999,2600570
12164,1999,2600580
22681,1999,2600590
114603,1999,2600600
27804,1999,2600610
68924,1999,2600620
5883,1999,2600630
61779,1999,2600640
15437,1999,2600650
24710,1999,2600660
7387,1999,2600670
77669,1999,2600680
11454,1999,2600690
14756,1999,2600760
10675,1999,2600700
4760,1999,2600710
51630,1999,2600720
21602,1999,2600730
3949,1999,2600740
23811,1999,2600750
33260,1999,2600765
15079,1999,2600770
20405,1999,2600775
14262,1999,2600780
558680,1999,2600790
10844,1999,2600795
17855,1999,2600800
11734,1999,2600805
24933,1999,2600810
13626,1999,2600820
9285,1999,2600825
11575,1999,2600830
12417,1999,2600840
11856,1999,2600845
18825,1999,2600850
10631,1999,2600860
14600,1999,2600870
18369,1999,2600875
31526,1999,2600880
57314,1999,2600890
23923,1999,2600900
10294,1999,2600910
11771,1999,2600915
11727,1999,2600920
12479,1999,2600930
13520,1999,2601430
40961,1999,2600940
28538,1999,2600950
354732,1999,2600960
22460,1999,2600970
10651,1999,2600980
47323,1999,2600990
55836,1999,2601000
9606,1999,2601010
24736,1999,2601020
13041,1999,2601030
18501,1999,2601040
26953,1999,2601050
41790,1999,2601060
248473,1999,2601070
19107,1999,2601080
54131,1999,2601090
22867,1999,2601100
210540,1999,2601110
11062,1999,2601120
22129,1999,2601130
10738,1999,2601140
18728,1999,2601150
6880,1999,2601153
1378087,1999,2601160
16276,1999,2601170
39497,1999,2601180
20372,1999,2601190
14296,1999,2601200
5878,1999,2601210
50510,1999,2601220
15506,1999,2601230
16951,1999,2601240
11160,1999,2601245
10736,1999,2601247
50319,1999,2601250
9066,1999,2601255
33941,1999,2601260
11596,1999,2601270
9455,1999,2601280
11801,1999,2601290
47916,1999,2601300
31274,1999,2601310
18257,1999,2601320
19956,1999,2601330
14026,1999,2601340
31252,1999,2601350
28917,1999,2601360
91999,1999,2601370
16324,1999,2601380
68014,1999,2601390
15910,1999,2601400
28539,1999,2601410
31055,1999,2601420
5236,1999,2601440
46565,1999,2601450
23620,1999,2601460
10832,1999,2601470
15704,1999,2601480
15854,1999,2601485
19963,1999,2601500
6117,1999,2601510
7209,1999,2601520
55950,1999,2601530
19735,1999,2601540
12814,1999,2601550
19932,1999,2601560
14176,1999,2601570
19279,1999,2601580
8352,1999,2601590
13916,1999,2601600
8580,1999,2601610
8900,1999,2601618
12606,1999,2601620
25989,1999,2601630
113595,1999,2601640
13950,1999,2601650
17581,1999,2700010
16598,1999,2700020
178988,1999,2700030
34741,1999,2700040
10093,1999,2700050
6552,1999,2700060
13800,1999,2700070
4813,1999,2700080
5846,1999,2700090
21946,1999,2700100
10699,1999,2700110
7745,1999,2700120
16613,1999,2700130
6156,1999,2700135
39281,1999,2700140
10560,1999,2700150
15862,1999,2700160
20697,1999,2700170
6097,1999,2700180
6924,1999,2700190
10456,1999,2700200
18432,1999,2700210
5220,1999,2700220
44727,1999,2700230
19126,1999,2700235
40140,1999,2700240
12528,1999,2700250
15111,1999,2700255
18774,1999,2700260
3982,1999,2700270
12951,1999,2700280
27226,1999,2700290
13389,1999,2700300
22992,1999,2700310
19165,1999,2700320
15623,1999,2700330
5686,1999,2700340
7596,1999,2700350
5971,1999,2700360
5466,1999,2700370
17924,1999,2700380
4152,1999,2700390
23339,1999,2700400
19317,1999,2700410
18951,1999,2700420
786288,1999,2700430
17371,1999,2700440
4737,1999,2700490
17391,1999,2700450
15141,1999,2700460
29994,1999,2700470
12696,1999,2700480
23121,1999,2700500
25059,1999,2700510
10697,1999,2700520
4873,1999,2700530
6626,1999,2700540
21842,1999,2700550
10055,1999,2700560
18582,1999,2700570
5440,1999,2700580
4624,1999,2700590
10256,1999,2700600
8938,1999,2700610
4426,1999,2700620
69520,1999,2700630
24860,1999,2700640
8089,1999,2700642
7312,1999,2700644
13630,1999,2700650
9890,1999,2700660
55862,1999,2700670
14754,1999,2700680
30995,1999,2700690
2939,1999,2700700
21405,1999,2700710
9806,1999,2700720
24803,1999,2700730
11378,1999,2700740
17149,1999,2700750
12453,1999,2700760
61916,1999,2700770
7227,1999,2700780
6855,1999,2700790
39265,1999,2700800
12132,1999,2700810
6181,1999,2700820
22232,1999,2700830
28567,1999,2700840
30928,1999,2700850
49019,1999,2700860
5996,1999,2700870
28863,1999,2700880
12065,1999,2700890
7436,1999,2700895
6416,1999,2700900
17135,1999,2700910
35754,1999,2700915
24722,1999,2700920
51955,1999,2700930
25701,1999,2700940
2084,1999,2800010
18097,1999,2800020
445555,1999,2800030
10707,1999,2800040
15504,1999,2800050
17839,1999,2800060
24456,1999,2800067
6877,1999,2800070
16468,1999,2800100
3907,1999,2800110
16026,1999,2800120
26466,1999,2800130
17433,1999,2800140
8582,1999,2800150
5186,1999,2800160
14106,1999,2800170
3618,1999,2800190
2961,1999,2800200
58340,1999,2800210
4898,1999,2800220
11874,1999,2800230
9956,1999,2800240
2458,1999,2800250
5245,1999,2800260
7956,1999,2800270
12219,1999,2800280
78330,1999,2800290
33449,1999,2800300
4860,1999,2800310
19855,1999,2800320
14025,1999,2800330
10203,1999,2800340
77427,1999,2800350
23167,1999,2800360
5603,1999,2800370
3074,1999,2800380
11282,1999,2800390
14298,1999,2800400
10522,1999,2800410
10325,1999,2800420
6989,1999,2800430
17534,1999,2800440
7746,1999,2800445
25096,1999,2800450
20930,1999,2800460
5714,1999,2800470
131351,1999,2800480
10999,1999,2800490
2427,1999,2800500
8311,1999,2800510
4942,1999,2800520
6546,1999,2800530
18452,1999,2800540
17333,1999,2800550
22838,1999,2800560
26714,1999,2800570
18319,1999,2800580
7954,1999,2800590
14837,1999,2800600
7233,1999,2800610
18074,1999,2800620
12050,1999,2800630
3308,1999,2800650
5673,1999,2800640
9903,1999,2800660
62568,1999,2800670
8742,1999,2800680
2668,1999,2800690
3047,1999,2800700
34652,1999,2800710
7135,1999,2800720
2627,1999,2800730
42865,1999,2800740
13763,1999,2800750
18208,1999,2800760
14302,1999,2900010
12922,1999,2900020
13323,1999,2900030
10721,1999,2900035
14278,1999,2900040
6785,1999,2900060
126820,1999,2900070
16587,1999,2900080
7229,1999,2900090
31737,1999,2900100
24239,1999,2900110
13475,1999,2900115
45225,1999,2900120
18039,1999,2900130
17631,1999,2900135
13033,1999,2900140
8725,1999,2900150
10062,1999,2900160
10988,1999,2900170
13792,1999,2900180
13500,1999,2900190
11237,1999,2900195
12632,1999,2900205
19319,1999,2900200
57649,1999,2900210
9812,1999,2900220
10895,1999,2900225
8576,1999,2900230
16915,1999,2900240
11352,1999,2900250
20986,1999,2900260
9650,1999,2900265
40460,1999,2900270
23252,1999,2900280
44099,1999,2900290
11617,1999,2900300
7896,1999,2900310
127801,1999,2900320
10215,1999,2900323
18404,1999,2900340
15632,1999,2900350
12539,1999,2900360
19535,1999,2900370
18655,1999,2900380
54579,1999,2900390
13372,1999,2900395
13845,1999,2900400
16257,1999,2900405
21552,1999,2900410
13806,1999,2900420
17285,1999,2900430
8436,1999,2900440
13861,1999,2900450
64720,1999,2900460
17476,1999,2900470
17264,1999,2900475
16322,1999,2900480
14920,1999,2900485
31448,1999,2900490
23149,1999,2900500
17239,1999,2900510
12836,1999,2900515
45230,1999,2900520
14439,1999,2900530
7483,1999,2900540
16357,1999,2900550
30892,1999,2900560
149146,1999,2900570
28715,1999,2900580
25109,1999,2900590
55887,1999,2900600
10259,1999,2900610
21241,1999,2900620
35406,1999,2900630
8935,1999,2900640
70153,1999,2900650
12435,1999,2900660
26484,1999,2900670
31272,1999,2900680
19469,1999,2900682
10728,1999,2900685
30343,1999,2900687
13164,1999,2900689
16534,1999,2900690
8013,1999,2900700
26411,1999,2900710
50806,1999,2900720
27081,1999,2900730
2742,1999,2900740
49108,1999,2900750
11712,1999,2900755
12860,1999,2900760
9276,1999,2900770
29454,1999,2900780
13373,1999,2900790
24456,1999,2900800
17720,1999,2900810
17809,1999,2900820
20385,1999,2900830
51405,1999,2900840
25109,1999,2900850
21092,1999,2900860
18044,1999,2900870
5213,1999,2900880
22678,1999,2900890
10788,1999,2900900
17573,1999,2900910
21477,1999,2900920
30871,1999,2900930
12244,1999,2900940
4892,1999,2900950
16911,1999,2900960
13001,1999,2900970
51581,1999,2900980
25455,1999,2900990
17039,1999,2901000
42603,1999,2901005
10034,1999,2901010
3290,1999,2901020
7986,1999,2901030
34795,1999,2901040
36382,1999,2901050
8844,1999,2900050
28559,1999,2901060
47298,1999,2901070
96610,1999,2901072
17941,1999,2901075
6511,1999,2901077
479992,1999,2901080
18747,1999,2901085
6048,1999,2901090
11872,1999,2901100
16638,1999,2901110
32958,1999,2901120
4469,1999,2901125
8401,1999,2901130
13661,1999,2901140
12227,1999,2901150
6215,1999,2900330
15068,1999,2901160
13864,1999,2901165
71301,1999,2901170
21769,1999,2901180
12619,1999,2901185
28849,1999,2901190
9867,1999,2901200
29882,1999,2901210
9480,1999,2901220
15279,1999,2901230
13053,1999,2901240
13609,1999,2901250
4097,1999,2901260
23131,1999,2901270
6612,1999,2901280
28691,1999,2901290
14231,1999,2901300
16883,1999,2901310
24764,1999,2901320
10906,1999,2901330
15305,1999,2901340
13704,1999,2901345
20472,1999,2901350
254970,1999,2901360
26191,1999,2901370
17972,1999,2901380
39946,1999,2901390
63299,1999,2901400
8691,1999,2901410
6886,1999,2901420
18462,1999,2901430
18775,1999,2901440
25531,1999,2901450
52756,1999,2901460
30229,1999,2901465
58598,1999,2901470
182148,1999,2901480
15161,1999,2901490
14558,1999,2901500
15710,1999,2901510
14314,1999,2901520
6148,1999,2901530
11955,1999,2901535
7932,1999,2901540
27170,1999,2901550
61739,1999,2901560
7070,1999,2901570
33110,1999,2901580
4054,1999,2901590
22837,1999,2901600
20280,1999,2901610
13030,1999,2901620
11366,1999,2901630
54787,1999,2901640
24194,1999,2901650
10219,1999,2901660
7437,1999,2901670
14448,1999,2901680
12798,1999,2901685
14269,1999,2901690
35130,1999,2901700
17261,1999,2901710
20963,1999,2901720
20815,1999,2901730
11639,1999,2901733
8969,1999,2901735
13439,1999,2901740
96131,1999,2901750
43258,1999,2901760
41984,1999,2901770
13390,1999,2901780
9162,1999,2901790
179128,1999,2901800
31421,1999,2901810
15302,1999,2901820
15799,1999,2901830
16394,1999,2901835
201073,1999,2901840
10912,1999,2901845
11874,1999,2901850
8637,1999,2901855
12375,1999,2901860
4316,1999,2901870
12327,1999,2901875
20308,1999,2901880
3721,1999,2901890
3915,1999,2901900
9954,1999,2901905
10116,1999,2901910
22284,1999,2901915
109236,1999,2901920
10655,1999,2901930
11959,1999,2901940
35337,1999,2901950
10823,1999,2901960
19333,1999,2901970
43188,1999,2901980
7280,1999,2901990
10324,1999,2901992
12654,1999,2901995
6481,1999,2902000
17399,1999,2902010
14798,1999,2902020
7825,1999,2902030
14047,1999,2902040
11236,1999,2902045
33859,1999,2902050
33850,1999,2902060
18004,1999,2902070
13273,1999,2902080
15215,1999,2902090
33728,1999,2902100
10699,1999,2902105
24879,1999,2902110
36122,1999,2902120
13564,1999,2902130
19215,1999,2902140
11774,1999,2902145
53043,1999,2902150
9343,1999,2902160
32278,1999,2902170
12408,1999,2902180
14648,1999,2902190
26177,1999,2902200
15081,1999,2902205
19868,1999,2902210
7003,1999,2902220
10617,1999,2902225
30443,1999,2902230
18217,1999,2902240
23649,1999,2902250
18865,1999,2902260
11409,1999,2902265
13953,1999,2902270
6261,1999,2902273
14038,1999,2902275
6412,1999,2902280
14168,1999,2902285
21609,1999,2902290
28398,1999,2902300
12308,1999,2902303
14885,1999,2902305
23424,1999,2902310
21435,1999,2902320
7711,1999,2902330
15883,1999,2902335
20795,1999,2902340
11093,1999,2902350
27427,1999,2902360
23916,1999,2902370
26799,1999,2902380
12560,1999,2902390
97291,1999,2902400
11564,1999,2902405
7312,1999,2902410
15307,1999,2902420
17766,1999,2902430
31097,1999,2902440
13473,1999,2902450
24781,1999,2902460
10281,1999,2902465
20183,1999,2902467
16455,1999,2902470
17957,1999,2902480
6838,1999,2902490
23841,1999,2902500
40929,1999,2902510
24363,1999,2902520
18650,1999,2902525
72986,1999,2902530
16472,1999,2902540
25069,1999,2902550
11645,1999,2902560
19367,1999,2902570
16524,1999,2902575
24648,1999,2902580
23751,1999,2902590
15349,1999,2902593
19973,1999,2902595
33714,1999,2902600
11707,1999,2902610
21991,1999,2902620
28688,1999,2902630
29848,1999,2902640
11899,1999,2902650
41825,1999,2902660
15490,1999,2902665
12019,1999,2902670
14314,1999,2902680
9574,1999,2902690
31465,1999,2902700
5933,1999,2902710
27132,1999,2902720
10796,1999,2902730
2302832,1999,2902740
17890,1999,2902750
19280,1999,2902760
19557,1999,2902770
7329,1999,2902780
11206,1999,2902790
16129,1999,2902805
42489,1999,2902810
22661,1999,2902840
9032,1999,2902850
31184,1999,2902800
21991,1999,2902820
7636,1999,2902830
58555,1999,2902860
80823,1999,2902870
40857,1999,2902880
18542,1999,2902890
7375,1999,2902895
20289,1999,2902910
13655,1999,2902900
12731,1999,2902905
27318,1999,2902920
18338,1999,2902925
27181,1999,2902930
5986,1999,2902935
17391,1999,2902937
10421,1999,2902940
39933,1999,2902950
15432,1999,2902960
17281,1999,2902970
10196,1999,2902975
19609,1999,2902980
42398,1999,2902990
7255,1999,2903000
85545,1999,2903010
31685,1999,2903020
28048,1999,2903015
19483,1999,2903030
15439,1999,2903040
81910,1999,2903050
12983,1999,2903060
81306,1999,2903070
9787,1999,2903075
15488,1999,2903076
20735,1999,2903077
18816,1999,2903080
12170,1999,2903090
22869,1999,2903100
15962,1999,2903105
6819,1999,2903110
21020,1999,2903120
13906,1999,2903130
108441,1999,2903135
8062,1999,2903140
18825,1999,2903150
10704,1999,2903160
13477,1999,2903170
26921,1999,2903180
41760,1999,2903190
23841,1999,2903200
29852,1999,2903210
23807,1999,2903220
23548,1999,2903230
13194,1999,2903240
17570,1999,2903245
34960,1999,2903250
18057,1999,2903260
21991,1999,2903270
18600,1999,2903280
83889,1999,2903290
17571,1999,2903300
14389,1999,2903305
11860,1999,2903310
11218,1999,2903315
8839,1999,2903317
31043,1999,2903320
6423,1999,2903325
253587,1999,2903330
9651,1999,2903340
13137,1999,2903345
25003,1999,2903350
41168,1999,2903360
6370,1999,3100010
22775,1999,3100020
12420,1999,3100030
3909,1999,3100040
11049,1999,3100050
16864,1999,3100060
2271,1999,3100070
3286,1999,3100080
17467,1999,3100090
11236,1999,3100100
23882,1999,3100110
6406,1999,3100120
2809,1999,3100130
2888,1999,3100140
33066,1999,3100150
63306,1999,3100160
5063,1999,3100163
31444,1999,3100170
6891,1999,3100180
16266,1999,3100190
12606,1999,3100200
3993,1999,3100205
7590,1999,3105350
12424,1999,3100210
5063,1999,3100220
14902,1999,3100230
3428,1999,3100240
5116,1999,3100250
30412,1999,3100260
12648,1999,3100280
5690,1999,3100285
10642,1999,3100290
9507,1999,3100300
1720,1999,3100310
2276,1999,3100320
2462,1999,3100330
35739,1999,3100340
98399,1999,3100350
2876,1999,3100360
7187,1999,3100370
5258,1999,3100375
2646,1999,3100380
6386,1999,3100390
76536,1999,3100400
7947,1999,3100410
31820,1999,3100420
11682,1999,3100430
3126,1999,3100440
3828,1999,3100445
17284,1999,3100450
11239,1999,3100460
14761,1999,3100470
4509,1999,3100480
16919,1999,3100490
7456,1999,3100500
21852,1999,3100510
4844,1999,3100520
5037,1999,3100530
24259,1999,3100540
6369,1999,3100550
113079,1999,3100560
7698,1999,3100570
20018,1999,3100590
10435,1999,3100600
3274,1999,3100610
2139125,1999,3100620
19390,1999,3100630
6893,1999,3100640
12973,1999,3100650
3164,1999,3100665
3933,1999,3100660
302108,1999,3100670
4378,1999,3100680
12174,1999,3100690
2663,1999,3100700
35265,1999,3100710
5245,1999,3100720
41580,1999,3100730
38883,1999,3100740
7183,1999,3100750
3513,1999,3100760
4854,1999,3100770
15176,1999,3100780
11354,1999,3100790
17483,1999,3100800
7252,1999,3100810
6172,1999,3100820
7281,1999,3100825
12758,1999,3100830
15167,1999,3100840
6384,1999,3100850
5049,1999,3100870
10344,1999,3100855
27642,1999,3100860
15036,1999,3100890
5355,1999,3100880
26128,1999,3100900
10481,1999,3100910
9780,1999,3100920
3887,1999,3100925
21254,1999,3100930
22788,1999,3100940
5577,1999,3100945
12532,1999,3100950
3742,1999,3100960
10167,1999,3100970
9462,1999,3100270
2259,1999,3100980
7796,1999,3100990
35964,1999,3101000
3980,1999,3101010
3753,1999,3101020
13436,1999,3101030
3245,1999,3101040
17365,1999,3101050
22030,1999,3101060
12399,1999,3101070
3645,1999,3101080
14638,1999,3101090
18766,1999,3101100
18134,1999,3101110
3091,1999,3101115
48857,1999,3101120
10992,1999,3101130
4785,1999,3101140
12091,1999,3101150
24549,1999,3101160
5640,1999,3101190
4610,1999,3101170
9818,1999,3101180
14386,1999,3101200
3620,1999,3101205
4668,1999,3101210
5057,1999,3101220
30448,1999,3101230
7379,1999,3101240
7555,1999,3101250
14876,1999,3101260
4416,1999,3101265
14094,1999,3101270
7827,1999,3101280
8391,1999,3101290
18878,1999,3101300
3692,1999,3101310
21803,1999,3101320
31635,1999,3101330
72959,1999,3101340
9822,1999,3101350
5627,1999,3101360
23575,1999,3101370
2169,1999,3101380
11125,1999,3101390
10516,1999,3101400
12130,1999,3101410
17258,1999,3101420
29376,1999,3101430
19062,1999,3101440
14688,1999,3101450
8641,1999,3101455
3798,1999,3101460
2991,1999,3101470
4753,1999,3101480
2240,1999,3101490
2117,1999,3101500
18306,1999,3101510
63931,1999,3101530
4108,1999,3101535
3405,1999,3101540
5854,1999,3101545
4961,1999,3101547
22591,1999,3101550
1214,1999,3101560
5830,1999,3101570
9626,1999,3101580
4737,1999,3101590
4837,1999,3101600
13521,1999,3101610
5154,1999,3101615
3091,1999,3101620
6613,1999,3101630
4079,1999,3101640
6942,1999,3101650
22042,1999,3101660
6521,1999,3101670
8061,1999,3101680
2677,1999,3101690
10123,1999,3101700
9306,1999,3101710
4148,1999,3101520
16380,1999,3101730
2721,1999,3101720
4213,1999,3101740
19212,1999,3101750
5102,1999,3101760
11452,1999,3101770
8287,1999,3101780
6440,1999,3101783
4581,1999,3101787
8255,1999,3101790
41622,1999,3101800
4956,1999,3101810
6302,1999,3101820
97507,1999,3101830
21354,1999,3101840
1830,1999,3101850
520801,1999,3101860
8192,1999,3101870
26889,1999,3101880
9129,1999,3101890
3320,1999,3101900
24460,1999,3101910
9665,1999,3101920
26948,1999,3101930
95933,1999,3101940
9988,1999,3101950
2884,1999,3101960
3248,1999,3101970
3467,1999,3101980
3960,1999,3101990
4974,1999,3101995
3444,1999,3102000
4356,1999,3102010
5235,1999,3102015
9346,1999,3102020
5050,1999,3102030
4946,1999,3102040
12479,1999,3102050
4019,1999,3102060
3340,1999,3102070
14143,1999,3102080
4044,1999,3102083
5322,1999,3102087
68141,1999,3102090
5410,1999,3102100
7964,1999,3102110
6097,1999,3102120
5383,1999,3102125
4725,1999,3102130
6720,1999,3102140
3124,1999,3102150
43022,1999,3102160
3716,1999,3102170
8651,1999,3102180
3241,1999,3102190
17802,1999,3102200
4794,1999,3102210
6899,1999,3102220
185047,1999,3102230
4442,1999,3102235
5393,1999,3102240
5914,1999,3102245
3808,1999,3102247
5475,1999,3102250
5068,1999,3102260
5038,1999,3102270
3324,1999,3102280
5503,1999,3102290
8322,1999,3102300
5353,1999,3102310
15162,1999,3102320
4492,1999,3102330
1461,1999,3102340
1726,1999,3102350
6922,1999,3102352
20823,1999,3102360
8562,1999,3102370
6403,1999,3102380
4908,1999,3102385
13221,1999,3102390
15828,1999,3102400
36433,1999,3102410
18107,1999,3102420
32541,1999,3102430
4127,1999,3102440
10275,1999,3102450
2994,1999,3102460
3592,1999,3102470
6984,1999,3102480
9585,1999,3102490
3547,1999,3102500
20297,1999,3102510
2306,1999,3102520
3763,1999,3102530
5229,1999,3102540
7860,1999,3102560
12105,1999,3102570
2730,1999,3102580
11595,1999,3102590
9243,1999,3102595
5511,1999,3102600
61502,1999,3102610
5885,1999,3102620
3668,1999,3102630
2264,1999,3102640
10432,1999,3102650
4354,1999,3102660
22778,1999,3102670
6368,1999,3102675
6366,1999,3102680
8706,1999,3102690
2911,1999,3102695
8624,1999,3102700
5136,1999,3102705
7112,1999,3102707
49043,1999,3102710
3034,1999,3102720
6967,1999,3102730
4739,1999,3102733
2537,1999,3102735
2481,1999,3102737
3348,1999,3102738
3351,1999,3102740
5383,1999,3102750
11320,1999,3102760
231724,1999,3102770
14253,1999,3102780
1567,1999,3102790
27351,1999,3102800
14228,1999,3102810
10276,1999,3102820
4181,1999,3102825
18830,1999,3102830
8185,1999,3102840
4369,1999,3102850
6851,1999,3102860
46522,1999,3102870
7247,1999,3102880
5777,1999,3102890
8923,1999,3102900
6715,1999,3102910
5630,1999,3102920
9032,1999,3102930
4943,1999,3102940
21216,1999,3102950
6982,1999,3102960
5748,1999,3102965
8242,1999,3102970
125982,1999,3102980
2959,1999,3102990
2785,1999,3103000
7849,1999,3103005
19222,1999,3103010
7351,1999,3103020
9035,1999,3103030
5242,1999,3103040
10529,1999,3103050
4722,1999,3103055
6373,1999,3103060
6848,1999,3103065
5905,1999,3103070
2438,1999,3103080
24916,1999,3103090
4648,1999,3103100
5305,1999,3103110
14357,1999,3103115
16320,1999,3103120
206338,1999,3103130
3729,1999,3103140
8990,1999,3103150
5130,1999,3103160
102217,1999,3103170
9072,1999,3103180
37827,1999,3103190
4526,1999,3103200
16132,1999,3103210
11559,1999,3103220
10057,1999,3103230
82566,1999,3103240
28194,1999,3103250
3522,1999,3103260
23199,1999,3103270
2445,1999,3103280
10146,1999,3103290
12071,1999,3103300
13187,1999,3103310
11176,1999,3103320
22406,1999,3103330
11387,1999,3103340
21827,1999,3103350
6954,1999,3103360
8913,1999,3103370
13338,1999,3103375
73146,1999,3103380
6761,1999,3103390
15018,1999,3103400
5590,1999,3103410
90507,1999,3103420
6555,1999,3103430
26844,1999,3103440
4170,1999,3103450
12296,1999,3103460
11742,1999,3103470
7710,1999,3103480
15055,1999,3103490
2429,1999,3103500
24985,1999,3103505
5030,1999,3103507
61674,1999,3103510
63333,1999,3103520
3577,1999,3103530
6292,1999,3103535
5689,1999,3103540
7080,1999,3103545
12861,1999,3103550
7691,1999,3103560
5328,1999,3103570
24194,1999,3103580
4742,1999,3103590
15359,1999,3103600
6284,1999,3103610
63638,1999,3103620
38688,1999,3103630
3803,1999,3103640
10413,1999,3103650
4421,1999,3103652
3819,1999,3103655
4156,1999,3103657
13306,1999,3103665
450288,1999,3103670
3750,1999,3103680
7151,1999,3103690
7198,1999,3103695
14526,1999,3103700
7895,1999,3103710
36967,1999,3103720
4823,1999,3103730
11744,1999,3103740
15756,1999,3103750
7416,1999,3103753
33025,1999,3103760
15337,1999,3103770
18526,1999,3103780
3450,1999,3103790
5820,1999,3103800
5921,1999,3103810
78320,1999,3103820
3159,1999,3103830
4472,1999,3103835
47340,1999,3103840
5937,1999,3103850
15043,1999,3103860
6122,1999,3103862
7493,1999,3103865
5309,1999,3103867
4878,1999,3103868
5598,1999,3103870
17479,1999,3103880
6677,1999,3103890
33132,1999,3103900
4608,1999,3103910
17445,1999,3103920
6113,1999,3103925
22210,1999,3103930
59695,1999,3103940
17452,1999,3103950
26672,1999,3103960
10525,1999,3103980
6482,1999,3103970
14872,1999,3103990
41480,1999,3104000
4342,1999,3104010
8576,1999,3104015
2689,1999,3104020
4057,1999,3104030
3430,1999,3104040
10627,1999,3104050
4184,1999,3104053
6842,1999,3104055
4957,1999,3104060
22246,1999,3104070
3752,1999,3107150
13228,1999,3104080
9027,1999,3104085
14545,1999,3104090
12196,1999,3104100
28690,1999,3104110
3985,1999,3104120
2954,1999,3104130
20001,1999,3104140
6180,1999,3104150
9972,1999,3104160
6183,1999,3104170
28679,1999,3104180
4078,1999,3104190
10078,1999,3104200
8795,1999,3104210
14778,1999,3104220
3862,1999,3104225
4485,1999,3104230
6316,1999,3104240
2515,1999,3104250
6304,1999,3104260
16148,1999,3104270
18958,1999,3104280
22996,1999,3104290
12121,1999,3104300
42895,1999,3104310
4195,1999,3104315
20416,1999,3104320
19896,1999,3104340
286058,1999,3104330
6840,1999,3104345
6808,1999,3104350
2763,1999,3104360
3954,1999,3104370
6632,1999,3104380
87571,1999,3104390
24791,1999,3104400
19615,1999,3104410
3387,1999,3104420
39651,1999,3104430
5130,1999,3104435
2788,1999,3104437
4457,1999,3104440
7393,1999,3104450
25549,1999,3104460
8107,1999,3104465
4376,1999,3104467
17272,1999,3104470
61155,1999,3104480
3992,1999,3104490
7722,1999,3104500
6517,1999,3104505
13613,1999,3104510
29510,1999,3104520
5290,1999,3103660
25521,1999,3104530
8343,1999,3104535
3980,1999,3104537
2071,1999,3104540
3932,1999,3104545
2197,1999,3104550
37637,1999,3104560
2320,1999,3104570
2572,1999,3104580
4411,1999,3104585
5833,1999,3104587
31977,1999,3104590
27209,1999,3104600
61090,1999,3104610
9358,1999,3104620
5037,1999,3104625
17069,1999,3104630
5105,1999,3104655
4782,1999,3104640
9577,1999,3104650
1659,1999,3104660
6976,1999,3104670
7553,1999,3104675
13858,1999,3104690
73636,1999,3104710
73059,1999,3104700
19129,1999,3104720
17513,1999,3104730
19995,1999,3104740
14650,1999,3104760
7986,1999,3104770
2142,1999,3104780
2044,1999,3104750
98570,1999,3104790
4064,1999,3104795
119262,1999,3104800
73522,1999,3104810
4765,1999,3104820
9640,1999,3104830
4851,1999,3104840
13117,1999,3104850
17624,1999,3104860
23904,1999,3104870
5160,1999,3104875
3724,1999,3104880
3583,1999,3104890
1722,1999,3104900
11903,1999,3104910
7221,1999,3104915
5563,1999,3104920
50829,1999,3104930
1686,1999,3104940
2978,1999,3104950
3721,1999,3104960
5199,1999,3104970
10424,1999,3104980
19087,1999,3104990
7001,1999,3104995
4447,1999,3105000
3099,1999,3105010
4909,1999,3105015
3796,1999,3105020
4906,1999,3105030
3779,1999,3105040
7978,1999,3105050
3500,1999,3105053
5737,1999,3105057
6480,1999,3105060
2739,1999,3105070
17495,1999,3105080
4813,1999,3105090
6739,1999,3105100
11461,1999,3105110
50213,1999,3105120
11100,1999,3105130
23799,1999,3105140
28766,1999,3105150
8651,1999,3105160
14211,1999,3105170
129683,1999,3105180
9646,1999,3105190
24962,1999,3105200
56031,1999,3105210
2986,1999,3105213
9804,1999,3105217
34083,1999,3105220
9562,1999,3105230
14879,1999,3105240
100028,1999,3105250
6899,1999,3105260
7568,1999,3105270
19985,1999,3105280
9305,1999,3105290
2899,1999,3105300
5169,1999,3105310
4573,1999,3105320
2391,1999,3105330
17259,1999,3105340
8635,1999,3105360
3181,1999,3105370
2021,1999,3105380
15066,1999,3105390
24608,1999,3105400
10688,1999,3105410
4786,1999,3105415
9861,1999,3105420
17305,1999,3105430
4490,1999,3105440
8487,1999,3105445
10898,1999,3105450
232685,1999,3105460
3552,1999,3105470
8074,1999,3105480
14804,1999,3105490
5422,1999,3105510
2230,1999,3105500
6688,1999,3105520
4002,1999,3105530
8732,1999,3105540
11637,1999,3105550
26101,1999,3105560
14566,1999,3105570
16027,1999,3105580
4746,1999,3105590
14325,1999,3105600
5575,1999,3105610
2063,1999,3105620
4601,1999,3105630
3468,1999,3105640
3507,1999,3105645
8335,1999,3105650
9299,1999,3105660
107781,1999,3105670
16522,1999,3105680
20945,1999,3105690
34256,1999,3105700
6947,1999,3105710
23810,1999,3105720
6725,1999,3105725
2613,1999,3105727
4375,1999,3105730
6987,1999,3105733
4349,1999,3105737
5227,1999,3105740
4555,1999,3105750
3760,1999,3105760
4706,1999,3105765
11136,1999,3105770
164704,1999,3105780
13873,1999,3105790
10226,1999,3105800
4721,1999,3105810
14780,1999,3105820
9748,1999,3105920
3529,1999,3105940
5253,1999,3105930
4221,1999,3105935
5948,1999,3105950
31400,1999,3105960
2917,1999,3105970
17054,1999,3105980
7297,1999,3105830
3037,1999,3105840
8032,1999,3105850
3017,1999,3105860
1922,1999,3105870
4602,1999,3105880
7481,1999,3105890
16918,1999,3105895
3647,1999,3105900
4009,1999,3105910
16749,1999,3105990
3446,1999,3106000
4508,1999,3106010
4856,1999,3106020
10478,1999,3106030
21927,1999,3106040
6010,1999,3106045
1646,1999,3106050
3665,1999,3106060
46252,1999,3106070
3224,1999,3106080
3254,1999,3106090
4275,1999,3106095
17343,1999,3106100
3181,1999,3106105
54146,1999,3106110
6272,1999,3106120
5312,1999,3106130
5211,1999,3106140
6956,1999,3106150
4959,1999,3106160
2501,1999,3106165
4881,1999,3106170
8091,1999,3106180
8778,1999,3106190
3190,1999,3102550
21308,1999,3106200
24100,1999,3106210
5289,1999,3106220
4319,1999,3106225
2706,1999,3106230
23145,1999,3106240
7054,1999,3106245
77542,1999,3106250
8255,1999,3106255
4427,1999,3106257
8398,1999,3106260
3798,1999,3106265
18601,1999,3106270
15085,1999,3106280
25101,1999,3106290
14129,1999,3106292
5646,1999,3106294
13192,1999,3106295
3650,1999,3106300
3160,1999,3106310
3394,1999,3106320
3727,1999,3106330
6025,1999,3106340
6219,1999,3106350
2268,1999,3106360
36221,1999,3106370
6712,1999,3106380
5119,1999,3106390
7249,1999,3106410
8933,1999,3106400
7410,1999,3106420
6132,1999,3106430
4501,1999,3106440
2517,1999,3106443
3804,1999,3106447
11251,1999,3106450
4449,1999,3106460
57591,1999,3106470
1500,1999,3106480
2057,1999,3106490
5769,1999,3106520
9855,1999,3106500
6177,1999,3106510
5929,1999,3106530
5285,1999,3106540
4341,1999,3106550
14839,1999,3106553
3274,1999,3106556
5179,1999,3106557
1980,1999,3106560
6567,1999,3106570
1963,1999,3106580
5387,1999,3106590
4914,1999,3106600
3803,1999,3106610
9863,1999,3106620
6505,1999,3106630
1753,1999,3106640
4133,1999,3106650
827,1999,3106660
10900,1999,3106680
8232,1999,3106670
7529,1999,3106690
3978,1999,3106695
2178,1999,3106700
21014,1999,3106710
182984,1999,3106720
8116,1999,3106555
1998,1999,3106730
5303,1999,3106740
2117,1999,3106750
17143,1999,3106760
6041,1999,3106770
5334,1999,3106780
4485,1999,3106790
21612,1999,3106800
3022,1999,3106805
3404,1999,3106810
1810,1999,3106820
3340,1999,3106830
15258,1999,3106840
11000,1999,3106850
124489,1999,3106860
70325,1999,3106870
5658,1999,3106880
11170,1999,3106890
15251,1999,3106900
3775,1999,3106905
5422,1999,3106910
10699,1999,3106920
62843,1999,3106930
25888,1999,3106935
48768,1999,3106940
5311,1999,3106950
20563,1999,3106960
17105,1999,3106970
3746,1999,3106980
82842,1999,3106990
10519,1999,3107000
11830,1999,3107005
249225,1999,3107010
487222,1999,3107020
2983,1999,3107030
67264,1999,3107040
4458,1999,3107043
3136,1999,3107047
8998,1999,3107050
7279,1999,3107052
5590,1999,3107057
2028,1999,3107060
3821,1999,3107065
108314,1999,3107070
3278,1999,3107075
32542,1999,3107080
17372,1999,3107090
19087,1999,3107100
7007,1999,3107103
5625,1999,3107107
3272,1999,3107110
4172,1999,3107115
65441,1999,3107120
61681,1999,3107130
4087,1999,3107140
13662,1999,3107160
8424,1999,3107170
10636,1999,3107180
6072,1999,3107190
32684,1999,3107200
4791,1999,3107210
2210,1999,3107220
30809,1999,3200010
12995,1999,3200016
9611,1999,3200013
32378,1999,3200020
13342,1999,3200030
7032,1999,3200035
18658,1999,3200040
6742,1999,3200050
64330,1999,3200060
7329,1999,3200070
26402,1999,3200080
37263,1999,3200090
14165,1999,3200100
8972,1999,3200110
10114,1999,3200115
155024,1999,3200120
319033,1999,3200130
29325,1999,3200140
107354,1999,3200150
27547,1999,3200160
9957,1999,3200170
4570,1999,3200180
26167,1999,3200190
5888,1999,3200200
21348,1999,3200210
12330,1999,3200220
25650,1999,3200230
79628,1999,3200240
17190,1999,3200245
9877,1999,3200250
8169,1999,3200255
12085,1999,3200260
10475,1999,3200265
14694,1999,3200270
27192,1999,3200280
11081,1999,3200290
25495,1999,3200300
18021,1999,3200305
9964,1999,3200310
14803,1999,3200313
10223,1999,3200316
106278,1999,3200320
11770,1999,3200330
28155,1999,3200332
11857,1999,3200334
9637,1999,3200335
25429,1999,3200340
17553,1999,3200350
6579,1999,3200360
19200,1999,3200370
12746,1999,3200380
42906,1999,3200390
19537,1999,3200400
23312,1999,3200405
20587,1999,3200410
13296,1999,3200420
7207,1999,3200425
9763,1999,3200430
16335,1999,3200435
11101,1999,3200440
12223,1999,3200450
27622,1999,3200455
19586,1999,3200460
7452,1999,3200465
25148,1999,3200470
10634,1999,3200480
88695,1999,3200490
9387,1999,3200495
302666,1999,3200500
15295,1999,3200501
13909,1999,3200503
15214,1999,3200506
51293,1999,3200510
9018,1999,3200515
14056,1999,3200517
318758,1999,3200520
270626,1999,3200530
96864,1999,3300010
7869,1999,3300015
73191,1999,3300020
9455,1999,3300022
16921,1999,3300023
22544,1999,3300025
89388,1999,3300030
168953,1999,3300040
425194,1999,3300045
22813,1999,3300050
33721,1999,3300060
119503,1999,3300070
45518,1999,3300080
14790,1999,3300090
398418,1999,3300100
19147,1999,3300110
9032,1999,3300093
11738,1999,3300115
15553,1999,3300120
22427,1999,3300130
7596,1999,3300095
19025,1999,3300140
17941,1999,3300150
9999,1999,3300160
746758,1999,3300170
12851,1999,3300180
37175,1999,3300185
10749,1999,3300187
173977,1999,3300190
74636,1999,3300200
13523,1999,3300205
23555,1999,3300210
86519,1999,3300220
24183,1999,3300225
80917,1999,3300227
7630,1999,3300230
125597,1999,3300240
5888,1999,3300245
196147,1999,3300250
22077,1999,3300260
66705,1999,3300270
17613,1999,3300280
20593,1999,3300290
24217,1999,3300300
15501,1999,3300310
153383,1999,3300320
459884,1999,3300330
170697,1999,3300340
862225,1999,3300350
41287,1999,3300360
33416,1999,3300370
30920,1999,3300380
23015,1999,3300385
279183,1999,3300390
19370,1999,3300395
25141,1999,3300400
16100,1999,3300410
9279,1999,3300411
10781,1999,3300412
115020,1999,3300414
13750,1999,3300415
100627,1999,3300420
47389,1999,3300430
15099,1999,3300440
6257,1999,3300450
32036,1999,3300452
5598953,1999,3300455
10656,1999,3300460
34536,1999,3300470
37729,1999,3300480
37486,1999,3300475
869254,1999,3300490
29446,1999,3300500
440052,1999,3300510
5874,1999,3300513
16516,1999,3300515
61335,1999,3300520
8311,1999,3300530
17683,1999,3300540
48704,1999,3300550
58471,1999,3300555
19500,1999,3300560
13706,1999,3300570
25201,1999,3300575
128079,1999,3300580
10414,1999,3300590
66594,1999,3300600
61956,1999,3300610
7928,1999,3300615
29389,1999,3300620
240315,1999,3300630
33514,1999,3500010
3437,1999,3500020
29217,1999,3500030
7531,1999,3500040
15076,1999,3500050
4546,1999,3500055
1755,1999,3500060
32026,1999,3500070
3515,1999,3500075
3704,1999,3500080
3694,1999,3500090
14199,1999,3500100
4184,1999,3500110
12832,1999,3500115
4402,1999,3500120
23858,1999,3500130
2963,1999,3500140
2716,1999,3500150
177409,1999,3500160
26593,1999,3500170
5405,1999,3500180
58374,1999,3500190
3805,1999,3500200
54824,1999,3500210
18315,1999,3500220
4611,1999,3500230
2994,1999,3500240
35102,1999,3500250
4701,1999,3500260
23508,1999,3500270
10595,1999,3500275
169303,1999,3500280
19064,1999,3500290
4310,1999,3500300
5244,1999,3500310
2386,1999,3500315
174381,1999,3500320
101046,1999,3500330
2072,1999,3500335
6457,1999,3500340
3537,1999,3500350
10378,1999,3500360
7553,1999,3500370
28839,1999,3500380
56237,1999,3500390
1971,1999,3500395
87505,1999,3500400
100356,1999,3500410
13712,1999,3500420
4469,1999,3500430
8574,1999,3500440
77120,1999,3500450
9092,1999,3500460
1533,1999,3500470
7276,1999,3500480
8716,1999,3500490
2561,1999,3500500
6118,1999,3500510
26386,1999,3500520
34572,1999,3500530
5115,1999,3500535
7372,1999,3500540
104156,1999,3500550
24386,1999,3500560
208426,1999,3500570
20378,1999,3500580
50520,1999,3500590
313670,1999,3500600
76453,1999,3500610
2215,1999,3500620
10616,1999,3500630
18928,1999,3500635
5848,1999,3500640
94685,1999,3500650
22357,1999,3500660
12093,1999,3500670
9536,1999,3500680
7482,1999,3500690
31655,1999,3500700
11463,1999,3500710
3011,1999,3500715
784,1999,3500720
3621,1999,3500730
12748,1999,3500740
1952,1999,3500745
107663,1999,3500750
116929,1999,3500760
4457,1999,3500770
2207,1999,3500775
17288,1999,3500780
18991,1999,3500790
18128,1999,3500800
14209,1999,3500810
3041,1999,3500820
5014,1999,3500830
26126,1999,3500840
69673,1999,3500850
26813,1999,3500860
17877,1999,3500870
15363,1999,3500880
3541,1999,3500890
63744,1999,3500900
3121,1999,3500910
47066,1999,3500920
29641,1999,3500925
11075,1999,3500930
19480,1999,3500940
5065,1999,3500945
950043,1999,3500950
57961,1999,3500960
35319,1999,3500970
4262,1999,3500980
9287,1999,3500990
3118,1999,3500995
29706,1999,3501000
2600,1999,3501010
3162,1999,3501015
45516,1999,3501020
14030,1999,3501030
40270,1999,3501040
74702,1999,3501050
357552,1999,3501060
11089,1999,3501070
24315,1999,3501080
2809,1999,3501090
15607,1999,3501100
107761,1999,3501110
7065,1999,3501120
6100,1999,3501130
14696,1999,3501140
27684,1999,3501150
14200,1999,3501160
13996,1999,3501170
13085,1999,3505720
5124,1999,3501190
16757,1999,3501200
6726,1999,3501210
25166,1999,3501220
13822,1999,3501230
17082,1999,3501240
4499,1999,3501250
5477,1999,3501260
3898,1999,3501270
41977,1999,3501280
7084,1999,3501290
140042,1999,3501300
25245,1999,3501310
6625,1999,3501320
2742,1999,3501330
73803,1999,3501340
102372,1999,3501350
20943,1999,3501360
27637,1999,3501370
335078,1999,3501380
1592,1999,3501385
11133,1999,3501390
7302,1999,3501400
24089,1999,3501410
2181,1999,3501420
8712,1999,3501430
40958,1999,3501440
11408,1999,3501450
5771,1999,3501460
6546,1999,3501470
14601,1999,3501480
13141,1999,3501490
2622,1999,3501492
2518,1999,3501495
222223,1999,3501500
46841,1999,3501510
2652,1999,3501512
9731,1999,3501515
38961,1999,3501518
3172,1999,3501519
8994,1999,3505730
7755,1999,3501520
2791,1999,3501530
10775,1999,3501535
14935,1999,3501540
5379,1999,3501560
60374,1999,3501550
1395,1999,3501565
139283,1999,3501570
2157,1999,3501580
3223,1999,3501590
11264,1999,3501600
3378,1999,3501610
290139,1999,3501620
121197,1999,3501630
108964,1999,3501640
2305,1999,3501650
7266,1999,3501660
39698,1999,3501670
3570,1999,3501680
4614,1999,3501685
10788,1999,3501690
8931,1999,3501700
3985,1999,3501710
9386,1999,3501720
4748,1999,3501730
34856,1999,3501740
13989,1999,3501750
19671,1999,3501760
19173,1999,3501770
9333,1999,3501780
9128,1999,3501790
2123,1999,3501800
5584,1999,3501810
28239,1999,3501820
18033,1999,3501830
103433,1999,3501840
9083,1999,3501850
31137,1999,3501860
237206,1999,3501870
1095874,1999,3501880
6229,1999,3501885
4442,1999,3501890
7828,1999,3501900
7411,1999,3501905
135755,1999,3501907
8517,1999,3501910
6475,1999,3501920
2889,1999,3501925
26044,1999,3501930
9780,1999,3501940
5830,1999,3501950
44587,1999,3501960
61980,1999,3501970
6971,1999,3501980
6928,1999,3501990
24290,1999,3502000
28554,1999,3502010
5875,1999,3502020
26647,1999,3502030
3792,1999,3502042
22641,1999,3502044
12678,1999,3502040
135968,1999,3502050
4834,1999,3502060
4291,1999,3502070
3034,1999,3502080
14245,1999,3502090
15901,1999,3502100
3689,1999,3502110
2923,1999,3502115
4837,1999,3502120
11572,1999,3502130
15612,1999,3502140
6529,1999,3502150
7687,1999,3502160
19076,1999,3502170
16904,1999,3502180
14079,1999,3502190
2166,1999,3502200
64304,1999,3502210
3249,1999,3502215
126672,1999,3502220
119391,1999,3502230
81857,1999,3502240
150664,1999,3502250
63988,1999,3502260
3001,1999,3502265
38160,1999,3502270
14478,1999,3502280
10393,1999,3502290
3870,1999,3502300
270874,1999,3502310
47402,1999,3502320
11704,1999,3502330
79348,1999,3502340
14229,1999,3502350
11604,1999,3502360
5647,1999,3502370
6817,1999,3502380
132736,1999,3502390
22939,1999,3502400
34895,1999,3502410
6544,1999,3502420
66075,1999,3502430
170356,1999,3502440
3339,1999,3502450
16475,1999,3502460
28151,1999,3502470
46087,1999,3502480
3528,1999,3502490
83518,1999,3502500
25177,1999,3502510
13784,1999,3502520
109965,1999,3502530
3098,1999,3502540
10256,1999,3502550
3996,1999,3502560
27106,1999,3502570
4027,1999,3502580
1998,1999,3502585
296127,1999,3502590
15447,1999,3502600
19667,1999,3502610
22999,1999,3502620
5357,1999,3502630
21807,1999,3502640
5027,1999,3502650
6096,1999,3502660
86259,1999,3502670
56377,1999,3502680
245497,1999,3502690
5476,1999,3502700
62176,1999,3502710
74970,1999,3502720
2194,1999,3502725
19019,1999,3502730
16714,1999,3502740
2186,1999,3502750
7669,1999,3502760
3874,1999,3502770
3791,1999,3502780
2738,1999,3502790
17839,1999,3502800
7012,1999,3502810
3448,1999,3502820
3444,1999,3502830
34046,1999,3502840
55300,1999,3502850
6953,1999,3502860
3763,1999,3502870
12838,1999,3502880
2056,1999,3502885
3721,1999,3502890
188691,1999,3502900
2329,1999,3502910
22484,1999,3502920
72109,1999,3502930
375055,1999,3502940
3195,1999,3502950
3396,1999,3502960
2016,1999,3502965
19646,1999,3502970
12268,1999,3502980
2517,1999,3503000
22123,1999,3502990
25594,1999,3503010
16364,1999,3503020
46157,1999,3503030
3771,1999,3503040
67167,1999,3503050
123782,1999,3503070
339194,1999,3503060
83501,1999,3503080
2979,1999,3503090
1928,1999,3503100
29998,1999,3503110
6307,1999,3503120
44967,1999,3503130
18504,1999,3503140
20112,1999,3503150
4029,1999,3503160
34192,1999,3503180
3180,1999,3503170
24500,1999,3503190
10757,1999,3503200
3837,1999,3503205
3477,1999,3503210
2157,1999,3503215
4178,1999,3503220
6908,1999,3503230
12183,1999,3503240
8601,1999,3503250
9643,1999,3503260
3539,1999,3503270
4322,1999,3503280
5955,1999,3503282
2346,1999,3503284
972,1999,3503286
7553,1999,3503290
17354,1999,3503300
2138,1999,3503310
2249,1999,3503320
2787,1999,3503330
39392,1999,3503340
3305,1999,3503325
31951,1999,3503350
6426,1999,3503360
4531,1999,3503370
2882,1999,3503380
45904,1999,3503390
2979,1999,3503400
5586,1999,3503410
3916,1999,3503420
35959,1999,3503430
659604,1999,3503440
2388,1999,3503450
30459,1999,3503460
96291,1999,3503470
6755,1999,3503480
5716,1999,3503475
11023,1999,3503490
8585,1999,3503500
10426,1999,3503510
10126,1999,3503520
20179,1999,3503530
13001,1999,3503540
39536,1999,3503550
13722,1999,3503560
6045,1999,3503570
12059,1999,3503580
3875,1999,3503590
10376,1999,3503600
4492,1999,3503610
17601,1999,3503620
1710,1999,3503625
11037,1999,3503630
4370,1999,3503640
49246,1999,3503650
1617,1999,3503657
8692,1999,3503660
35705,1999,3503670
5153,1999,3503680
2739,1999,3503690
15572,1999,3503700
35346,1999,3503710
2597,1999,3503715
7449,1999,3503720
54133,1999,3503730
24868,1999,3503740
5860,1999,3503750
45884,1999,3503760
4736,1999,3503770
40434,1999,3503780
25788,1999,3503790
121904,1999,3503800
13803,1999,3503810
11229,1999,3503820
3420,1999,3503830
15437,1999,3503850
21310,1999,3503860
319104,1999,3503870
27009,1999,3503880
17505,1999,3503890
10251,1999,3503900
11688,1999,3503910
22455,1999,3503920
66015,1999,3503930
10227,1999,3503940
31091,1999,3503950
3080,1999,3503960
3031,1999,3503970
89236,1999,3503980
4839,1999,3503990
16671,1999,3504000
3384,1999,3504010
29833,1999,3504020
3348,1999,3504025
2430,1999,3504030
4300,1999,3504040
5890,1999,3504050
47357,1999,3504060
48650,1999,3504070
13874,1999,3504075
11999,1999,3504080
1373,1999,3504085
13196,1999,3504090
168434,1999,3504100
3771,1999,3504105
3895,1999,3504110
11816,1999,3504120
37537,1999,3504130
185340,1999,3504140
35327,1999,3504150
31373,1999,3504160
2384,1999,3504165
12854,1999,3504170
2201,1999,3504180
8770,1999,3504190
4946,1999,3504200
8980,1999,3504210
28928,1999,3504220
3571,1999,3504230
17132,1999,3504240
5028,1999,3504250
49337,1999,3504260
5155,1999,3504270
3706,1999,3504280
11044,1999,3504290
18539,1999,3504300
3707,1999,3504310
4446,1999,3504320
2217,1999,3504323
7828,1999,3504325
108121,1999,3504330
473276,1999,3504340
3589,1999,3504360
10729,1999,3504370
9836,1999,3504380
163551,1999,3504390
24787,1999,3504400
38500,1999,3504410
7402,1999,3504420
8070,1999,3504350
22287,1999,3504425
8223,1999,3504430
2375,1999,3504440
2617,1999,3504450
4846,1999,3504460
2334,1999,3504470
3914,1999,3504480
8623,1999,3504490
14780,1999,3504500
4492,1999,3504510
5373,1999,3504515
96348,1999,3504520
33783,1999,3504530
6960,1999,3504540
2821,1999,3504550
12655,1999,3504560
5396,1999,3504570
171657,1999,3504580
22317,1999,3504600
2248,1999,3504610
3326,1999,3504620
1774,1999,3504625
25205,1999,3504630
38920,1999,3504640
5411,1999,3504650
26968,1999,3504660
15146,1999,3504670
43543,1999,3504680
8143,1999,3504690
4586,1999,3504700
2527,1999,3504710
2779,1999,3504740
25442,1999,3504750
20660,1999,3504760
1320,1999,3504765
1905,1999,3504720
63508,1999,3504730
21373,1999,3504770
630073,1999,3504780
5725,1999,3504790
15231,1999,3504800
6519,1999,3504805
6362,1999,3504810
6095,1999,3504820
2359,1999,3504830
3643,1999,3504840
408748,1999,3504850
9655,1999,3504860
723132,1999,3504870
133321,1999,3504880
187122,1999,3504890
2739,1999,3504900
77613,1999,3504910
2530,1999,3504920
1419,1999,3504925
2210,1999,3504930
42198,1999,3504940
8152,1999,3504950
4185,1999,3504960
50167,1999,3504970
351944,1999,3504980
515553,1999,3504990
11287,1999,3504995
10460,1999,3505000
36513,1999,3505010
28955,1999,3505020
9968485,1999,3505030
25883,1999,3505040
6498,1999,3505050
64682,1999,3505060
48596,1999,3505070
11107,1999,3505080
12952,1999,3505090
286848,1999,3505100
7356,1999,3505110
3376,1999,3505120
2532,1999,3505130
7720,1999,3505140
22794,1999,3505160
29462,1999,3505150
98140,1999,3505170
13488,1999,3505180
14215,1999,3505190
5503,1999,3505200
30933,1999,3505210
466823,1999,3505220
8209,1999,3505230
186205,1999,3505240
2842,1999,3505255
195434,1999,3505250
10381,1999,3505260
13655,1999,3505270
197550,1999,3505280
5304,1999,3505290
7433,1999,3505300
5654,1999,3505310
5469,1999,3505320
22330,1999,3505330
24675,1999,3505340
8020,1999,3505350
13373,1999,3505360
2803,1999,3505365
52977,1999,3505370
21048,1999,3505380
3877,1999,3505385
6277,1999,3505390
10868,1999,3505395
93897,1999,3505400
229130,1999,3505410
5350,1999,3505420
19940,1999,3505430
8704,1999,3505440
30893,1999,3505450
2591,1999,3505460
1741,1999,3505465
8593,1999,3505470
1427,1999,3505475
35573,1999,3505480
4757,1999,3505490
5143,1999,3505495
62271,1999,3505500
13010,1999,3505510
1857,1999,3505520
2414,1999,3505530
4279,1999,3505535
60997,1999,3505540
3548,1999,3505550
9398,1999,3505560
1398,1999,3505570
8341,1999,3505580
1587,1999,3505590
11462,1999,3505600
7591,1999,3505610
78532,1999,3505620
18663,1999,3505630
6807,1999,3505635
35918,1999,3505640
29581,1999,3505645
86626,1999,3505650
11534,1999,3505660
42811,1999,3505670
15177,1999,3505680
4622,1999,3505690
1609,1999,3505695
91777,1999,3505700
73537,1999,3505710
1701,1999,3505715
10505,1999,4100010
6311,1999,4100020
6847,1999,4100030
80262,1999,4100040
6772,1999,4100045
12531,1999,4100060
11168,1999,4100070
18412,1999,4100050
8776,1999,4100080
4677,1999,4100090
15734,1999,4100100
2686,1999,4100105
22850,1999,4100110
2786,1999,4100115
20228,1999,4100120
7303,1999,4100130
105114,1999,4100140
82482,1999,4100150
24577,1999,4100160
4124,1999,4100165
13057,1999,4100170
84292,1999,4100180
2741,1999,4100185
19047,1999,4100190
32528,1999,4100200
23630,1999,4100210
3740,1999,4100220
9294,1999,4100230
31352,1999,4100240
12869,1999,4100250
2853,1999,4100270
8543,1999,4100260
4513,1999,4100275
14138,1999,4100280
15184,1999,4100290
7117,1999,4100300
2968,1999,4100302
6396,1999,4100304
10130,1999,4100305
9122,1999,4100310
4070,1999,4100315
5350,1999,4100320
3402,1999,4100322
9164,1999,4100330
5702,1999,4100335
3454,1999,4100337
2362,1999,4100340
11279,1999,4100345
4248,1999,4100347
7712,1999,4100350
24611,1999,4100360
88890,1999,4100370
6233,1999,4100380
16680,1999,4100390
5304,1999,4100395
34563,1999,4100400
4753,1999,4100405
6081,1999,4100410
91203,1999,4100420
18018,1999,4100425
80824,1999,4100430
19152,1999,4100440
12989,1999,4100442
12696,1999,4100445
17869,1999,4100450
17194,1999,4100460
13029,1999,4100465
12982,1999,4100470
237510,1999,4100480
64463,1999,4100490
10347,1999,4100500
12791,1999,4100510
18672,1999,4100520
10356,1999,4100530
20654,1999,4100540
57639,1999,4100550
9747,1999,4100560
17868,1999,4100570
177764,1999,4100580
22131,1999,4100590
7579,1999,4100600
3871,1999,4100610
13460,1999,4100620
15380,1999,4100630
46253,1999,4100640
6293,1999,4100645
23271,1999,4100650
4388,1999,4100655
17181,1999,4100680
4622,1999,4100657
19314,1999,4100660
4525,1999,4100670
3272,1999,4100685
1584232,1999,4100690
12670,1999,4100700
4160,1999,4100715
5573,1999,4100710
3067,1999,4100712
32615,1999,4100720
4881,1999,4100725
5858,1999,4100730
6017,1999,4102863
5701,1999,4100740
14431,1999,4100750
3244,1999,4100753
2016,1999,4100752
5646,1999,4100754
3924,1999,4100755
17041,1999,4100760
49793,1999,4100765
4487,1999,4100770
5663,1999,4100773
8994,1999,4100775
5181,1999,4100785
5631,1999,4100780
5127,1999,4100790
12398,1999,4100800
2411,1999,4100810
8377,1999,4100820
259425,1999,4100830
6201,1999,4100845
6558,1999,4100832
72251,1999,4100840
14000,1999,4100850
3509,1999,4100855
28857,1999,4100860
7590,1999,4100865
6717,1999,4100870
28348,1999,4100880
5721,1999,4100890
7458,1999,4100895
4208,1999,4100900
2080,1999,4100910
4300,1999,4100920
17888,1999,4100930
160510,1999,4100940
8157,1999,4100950
34773,1999,4100960
7002,1999,4100965
24136,1999,4100970
7180,1999,4100975
42647,1999,4100980
9182,1999,4100990
3443,1999,4101000
2077,1999,4101005
8641,1999,4101007
22417,1999,4101010
9154,1999,4101020
2757,1999,4101030
4319,1999,4101040
13070,1999,4101050
15814,1999,4101060
2553,1999,4101065
51847,1999,4101070
10111,1999,4101080
3880,1999,4101090
4941,1999,4101095
6048,1999,4101100
5848,1999,4101110
8845,1999,4101120
19349,1999,4101125
4113,1999,4101130
11763,1999,4101140
30308,1999,4101150
6595,1999,4101155
2779,1999,4101160
4445,1999,4101170
37287,1999,4101180
11067,1999,4101190
29020,1999,4101200
19496,1999,4101210
7830,1999,4101220
3763,1999,4101230
7455,1999,4101240
10113,1999,4101250
1293,1999,4101260
13203,1999,4101270
9123,1999,4101275
9670,1999,4101280
3177,1999,4101290
8180,1999,4101295
5942,1999,4101300
4673,1999,4101310
43932,1999,4101320
7922,1999,4101325
43218,1999,4101330
4379,1999,4101340
4222,1999,4101342
7103,1999,4101345
18533,1999,4101350
3867,1999,4101360
432257,1999,4101370
6808,1999,4101373
5025,1999,4101375
4406,1999,4101380
13481,1999,4101390
14724,1999,4101400
17703,1999,4101410
29009,1999,4101420
16610,1999,4101430
3675,1999,4101435
16454,1999,4101440
13996,1999,4101450
41339,1999,4101460
6093,1999,4101470
27759,1999,4101480
8602,1999,4101490
6070,1999,4101500
9824,1999,4101510
286461,1999,4101520
6166,1999,4101530
5993,1999,4101535
13585,1999,4101540
5861,1999,4101545
4416,1999,4101550
14026,1999,4101560
20578,1999,4101570
4364,1999,4101573
5444,1999,4101575
36199,1999,4101580
4735,1999,4101585
2193,1999,4101590
1594,1999,4101600
9683,1999,4101605
12875,1999,4101610
16394,1999,4101620
3314,1999,4101630
3532,1999,4101640
1270,1999,4101650
3137,1999,4101660
13889,1999,4101670
8280,1999,4101680
28444,1999,4101690
5015,1999,4101695
7973,1999,4101700
18883,1999,4101705
13453,1999,4101710
5102,1999,4101720
10229,1999,4101725
3789,1999,4101721
7177,1999,4101722
12514,1999,4101727
2578,1999,4101729
31581,1999,4101730
3511,1999,4101740
5762,1999,4101745
29809,1999,4101750
27002,1999,4101760
30517,1999,4101770
17234,1999,4101780
25193,1999,4101790
9870,1999,4101800
10001,1999,4101810
126076,1999,4101820
2507,1999,4101830
74180,1999,4101840
3653,1999,4101845
63479,1999,4101850
4777,1999,4101860
6931,1999,4101870
13013,1999,4101880
5670,1999,4101885
9074,1999,4101890
7682,1999,4101900
9322,1999,4101910
98198,1999,4101915
2549,1999,4101925
6015,1999,4101920
26011,1999,4101930
20395,1999,4101940
57693,1999,4101950
35806,1999,4101960
2164,1999,4101965
3535,1999,4101970
13911,1999,4101980
268013,1999,4101990
10394,1999,4101995
17567,1999,4102000
3722,1999,4102010
4057,1999,4102015
2333,1999,4102020
3751,1999,4102030
2422,1999,4102033
6406,1999,4102035
4348,1999,4102040
10518,1999,4102050
46148,1999,4102060
5273,1999,4102065
6507,1999,4102070
15173,1999,4102080
3581,1999,4102085
24043,1999,4102090
10597,1999,4102100
5122,1999,4102110
13540,1999,4102120
2606,1999,4102125
4088,1999,4102130
2968,1999,4102135
15508,1999,4102140
14843,1999,4102150
6958,1999,4102160
21776,1999,4102170
5354,1999,4102175
10208,1999,4102180
14306,1999,4102190
12768,1999,4102200
3288,1999,4102210
11808,1999,4102215
3238,1999,4102217
21174,1999,4102220
30584,1999,4102230
48782,1999,4102240
11607,1999,4102250
7944,1999,4102260
6148,1999,4102265
5246,1999,4102270
4729,1999,4102280
4603,1999,4102290
12574,1999,4102300
4375,1999,4102310
3555,1999,4102320
7205,1999,4102330
8261,1999,4102340
19808,1999,4102350
1917,1999,4102360
9137,1999,4102370
11527,1999,4102380
3810,1999,4102382
14302,1999,4102385
11480,1999,4102390
2458,1999,4102395
11358,1999,4102402
18217,1999,4102405
5397,1999,4102400
39843,1999,4102410
2766,1999,4102420
2596,1999,4102430
18104,1999,4102440
4880,1999,4102450
5660,1999,4102460
9668,1999,4102470
10698,1999,4102480
6205,1999,4102490
12088,1999,4102500
11628,1999,4102510
9364,1999,4102520
5761,1999,4102530
5825,1999,4102535
6113,1999,4102540
3826,1999,4102545
196884,1999,4102550
1840,1999,4102555
38477,1999,4102560
25468,1999,4102570
6297,1999,4102575
11009,1999,4102580
2414,1999,4102590
8299,1999,4102600
4833,1999,4102610
7409,1999,4102620
66185,1999,4102625
3369,1999,4102627
18274,1999,4102630
4612,1999,4102635
6536,1999,4102640
14512,1999,4102650
14585,1999,4102660
3783,1999,4102665
10012,1999,4102667
4227,1999,4102670
14255,1999,4102680
5675,1999,4102690
7580,1999,4102700
56636,1999,4102710
14724,1999,4102720
12555,1999,4102730
14775,1999,4102740
19031,1999,4102750
12616,1999,4102760
99387,1999,4102770
9077,1999,4102780
11425,1999,4102785
3622,1999,4102788
7893,1999,4102790
8099,1999,4102795
13324,1999,4102796
21685,1999,4102800
86712,1999,4102810
46705,1999,4102820
2483,1999,4102830
10617,1999,4102840
7971,1999,4102853
9024,1999,4102855
7723,1999,4102860
3158,1999,4102862
4110,1999,4102865
6356,1999,4102870
18500,1999,4102850
6047,1999,4102880
2908,1999,4200005
13988,1999,4200010
7896,1999,4200020
4031,1999,4200030
6127,1999,4200040
6304,1999,4200050
2751,1999,4200055
5023,1999,4200060
8592,1999,4200070
2345,1999,4200075
7260,1999,4200080
5951,1999,4200090
9347,1999,4200100
3132,1999,4200110
6235,1999,4200120
9260,1999,4200125
4252,1999,4200127
19367,1999,4200130
55842,1999,4200140
6706,1999,4200150
3625,1999,4200160
2295,1999,4200165
7612,1999,4200170
3601,1999,4200180
5858,1999,4200190
5269,1999,4200195
4320,1999,4200205
64129,1999,4200200
4803,1999,4200207
3714,1999,4200208
2194,1999,4200209
14512,1999,4200210
5609,1999,4200213
2669,1999,4200215
8929,1999,4200220
44136,1999,4200230
244379,1999,4200240
2888,1999,4200243
4244,1999,4200250
2286,1999,4200253
2141,1999,4200257
8567,1999,4200260
6544,1999,4200245
3570,1999,4200270
22331,1999,4200280
3332,1999,4200285
3500,1999,4200287
73559,1999,4200290
64605,1999,4200300
6661,1999,4200310
2174,1999,4200315
37531,1999,4200320
10855,1999,4200330
8432,1999,4200340
10172,1999,4200350
28542,1999,4200360
8271,1999,4200370
48653,1999,4200380
2776,1999,4200325
17159,1999,4200390
19026,1999,4200395
7123,1999,4200400
5676,1999,4200410
2819,1999,4200415
4132,1999,4200417
2559,1999,4200419
144158,1999,4200420
12849,1999,4200425
55121,1999,4200430
2828,1999,4200435
10208,1999,4200440
2610,1999,4200445
12664,1999,4200455
11395,1999,4200450
167661,1999,4200460
10464,1999,4200470
1916,1999,4200475
35488,1999,4200480
9461,1999,4200490
13929,1999,4200500
3235,1999,4200510
2935,1999,4200515
2597,1999,4200517
2166,1999,4200519
4063,1999,4200520
11206,1999,4200530
1719,1999,4200535
281928,1999,4200540
2577,1999,4200543
17751,1999,4200545
33355,1999,4200550
2743,1999,4200555
4091,1999,4200560
12879,1999,4200570
11304,1999,4200580
44728,1999,4200590
11940,1999,4200600
6051,1999,4200610
9108,1999,4200620
12682,1999,4200630
10757,1999,4200640
22957,1999,4200650
5138,1999,4200660
4193,1999,4200665
19632,1999,4200670
1791,1999,4200675
3724,1999,4200680
13232,1999,4200690
46394,1999,4200700
10314,1999,4200710
12637,1999,4200720
33894,1999,4200730
5434,1999,4200740
38948,1999,4200750
2829,1999,4200757
4316,1999,4200760
8685,1999,4200765
5593,1999,4200768
6494,1999,4200770
4886,1999,4200775
8174,1999,4200780
2537,1999,4200785
9577,1999,4200790
6784,1999,4200800
19143,1999,4200810
145197,1999,4200820
20083,1999,4200830
14804,1999,4200840
6492,1999,4200845
18271,1999,4200850
4168,1999,4200860
10324,1999,4200870
13806,1999,4200880
102580,1999,4200890
1935,1999,4200895
23108,1999,4200900
428011,1999,4200910
4303,1999,4200915
2082,1999,4200917
2200,1999,4200920
139570,1999,4200930
43310,1999,4200940
1589,1999,4200945
4704,1999,4200950
12490,1999,4200960
11698,1999,4200970
4056,1999,4200980
4661,1999,4200985
8167,1999,4200990
8021,1999,4201000
5394,1999,4201003
1996,1999,4201005
51011,1999,4201010
3309,1999,4201020
6639,1999,4201030
5959,1999,4201040
19201,1999,4201050
2668,1999,4201055
12130,1999,4201060
3325,1999,4201070
6626,1999,4201080
2831,1999,4201085
4035,1999,4201090
9799,1999,4201100
8351,1999,4201105
7608,1999,4201110
13778,1999,4201120
2555,1999,4201125
35667,1999,4201130
3786,1999,4201140
5076,1999,4201145
9641,1999,4201150
10044,1999,4201160
3217,1999,4201165
21955,1999,4201170
13608,1999,4201175
6154,1999,4201180
2661,1999,4201185
2224,1999,4201187
2174,1999,4201189
89465,1999,4201190
8432,1999,4201200
2019,1999,4201205
17053,1999,4201210
15977,1999,4201220
4882,1999,4201223
4070,1999,4201225
4665,1999,4201227
5627,1999,4201230
4976,1999,4201240
17053,1999,4201250
3129,1999,4201260
6258,1999,4201270
10424,1999,4201280
11497,1999,4201290
2975,1999,4201300
4065,1999,4201310
2590,1999,4201315
23353,1999,4201320
5161,1999,4201330
2825,1999,4201335
11439,1999,4201340
8469,1999,4201350
31626,1999,4201360
12068,1999,4201370
7369,1999,4201380
1911,1999,4201390
11611,1999,4201400
2299,1999,4201410
2455,1999,4201415
10021,1999,4201420
2516,1999,4201430
5853,1999,4201440
6219,1999,4201450
6623,1999,4201460
49303,1999,4201480
9068,1999,4201470
4250,1999,4201490
34839,1999,4201500
2576,1999,4201505
5314,1999,4201507
9903,1999,4201510
6963,1999,4201520
6854,1999,4201530
4401,1999,4201535
3903,1999,4201540
7560,1999,4201545
13190,1999,4201550
2595,1999,4201555
1844,1999,4201560
7967,1999,4201565
8337,1999,4201567
3176,1999,4201568
1643,1999,4201569
16057,1999,4201570
62928,1999,4201580
3324,1999,4201575
2911,1999,4201590
9962,1999,4201600
3933,1999,4201605
9143,1999,4201610
30624,1999,4201620
14033,1999,4201630
3432,1999,4201635
6453,1999,4201625
7047,1999,4201640
21729,1999,4201650
155105,1999,4201660
12552,1999,4201670
9611,1999,4201680
19699,1999,4201690
8352,1999,4201700
3280,1999,4201710
2036,1999,4201715
31398,1999,4201720
3642,1999,4201725
7898,1999,4201730
10215,1999,4201740
16379,1999,4201750
3218,1999,4201755
10975,1999,4201760
23336,1999,4201770
3326,1999,4201775
15793,1999,4201780
8468,1999,4201790
1938,1999,4201795
20784,1999,4201800
5364,1999,4201810
29202,1999,4201820
7955,1999,4201825
17293,1999,4201830
2718,1999,4201835
6323,1999,4201840
5044,1999,4201850
5935,1999,4201860
86321,1999,4201870
4949,1999,4201875
10983,1999,4201880
3821,1999,4201885
10557,1999,4201890
2360,1999,4201895
18204,1999,4201900
3295,1999,4201910
3586,1999,4201915
5235,1999,4201917
6066,1999,4201920
40527,1999,4201930
5586,1999,4201935
3390,1999,4201940
39437,1999,4201950
4691,1999,4201960
24992,1999,4201970
2348,1999,4201985
4480,1999,4300005
16070,1999,4300010
7791,1999,4300020
8860,1999,4300030
84516,1999,4300040
5437,1999,4300045
10512,1999,4300050
2047,1999,4300055
2404,1999,4300057
175574,1999,4300060
4934,1999,4300063
7494,1999,4300064
1131,1999,4300066
6333,1999,4300070
12821,1999,4300080
3605,1999,4300085
3613,1999,4300087
7107,1999,4300090
16837,1999,4300100
4480,1999,4300105
11922,1999,4300120
13699,1999,4300110
18984,1999,4300130
10400,1999,4300140
8521,1999,4300150
4016,1999,4300155
120793,1999,4300160
5414,1999,4300163
5439,1999,4300165
6848,1999,4300170
6322,1999,4300175
3186,1999,4300185
3624,1999,4300187
11110,1999,4300190
2379,1999,4300192
2248,1999,4300195
5249,1999,4300180
10928,1999,4300200
2800,1999,4300205
89254,1999,4300210
2063,1999,4300215
6477,1999,4300220
3104,1999,4300225
11663,1999,4300230
9461,1999,4300235
2530,1999,4300237
10977,1999,4300240
7820,1999,4300245
7803,1999,4300250
4207,1999,4300260
4338,1999,4300265
20024,1999,4300270
33567,1999,4300280
15423,1999,4300290
88344,1999,4300300
103240,1999,4300310
5190,1999,4300320
6987,1999,4300330
5322,1999,4300340
58897,1999,4300350
2303,1999,4300355
6857,1999,4300360
3016,1999,4300367
6979,1999,4300370
8382,1999,4300380
52068,1999,4300390
6588,1999,4300400
3884,1999,4300410
29137,1999,4300420
7508,1999,4300430
7798,1999,4300435
33017,1999,4300440
49481,1999,4300450
294125,1999,4300460
27494,1999,4300463
22504,1999,4300466
9343,1999,4300468
2505,1999,4300469
3076,1999,4300467
5907,1999,4300471
58331,1999,4300470
20334,1999,4300480
2031,1999,4300485
8536,1999,4300490
3043,1999,4300495
10514,1999,4300500
349581,1999,4300510
3409,1999,4300511
6748,1999,4300512
4297,1999,4300513
2858,1999,4300515
7813,1999,4300517
12809,1999,4300520
9951,1999,4300530
29212,1999,4300535
3825,1999,4300537
4206,1999,4300540
3148,1999,4300543
4661,1999,4300544
6925,1999,4300545
4985,1999,4300550
2334,1999,4300558
3943,1999,4300560
6348,1999,4300570
11177,1999,4300580
2995,1999,4300585
2390,1999,4300587
8301,1999,4300590
4101,1999,4300595
2995,1999,4300597
15319,1999,4300600
6980,1999,4300605
2656,1999,4300607
72849,1999,4300610
12495,1999,4300620
4607,1999,4300630
3773,1999,4300632
3331,1999,4300635
3432,1999,4300637
19306,1999,4300640
2776,1999,4300642
3406,1999,4300645
14375,1999,4300650
39918,1999,4300660
2342,1999,4300655
3851,1999,4300670
6320,1999,4300673
2273,1999,4300675
24515,1999,4300676
18826,1999,4300680
23367,1999,4300690
2149,1999,4300692
3550,1999,4300695
10598,1999,4300693
3092,1999,4300697
87893,1999,4300700
3776,1999,4300705
5545,1999,4300720
9221,1999,4300730
5160,1999,4300740
4256,1999,4300745
15802,1999,4300750
6350,1999,4300755
33657,1999,4300760
80707,1999,4300770
28348,1999,4300780
3747,1999,4300781
3455,1999,4300783
2436,1999,4300786
56664,1999,4300790
6917,1999,4300800
3094,1999,4300805
2780,1999,4300807
11089,1999,4300810
22055,1999,4300820
2482,1999,4300825
11807,1999,4300830
7566,1999,4300840
4919,1999,4300845
29286,1999,4300850
28007,1999,4300860
3617,1999,4300865
6303,1999,4300870
8498,1999,4300880
1735,1999,4300885
16332,1999,4300890
18499,1999,4300900
4832,1999,4300905
26945,1999,4300910
2418,1999,4300912
3833,1999,4300915
223011,1999,4300920
2044,1999,4300925
92224,1999,4300930
20095,1999,4300940
8774,1999,4300950
3558,1999,4300955
7701,1999,4300710
2539,1999,4300957
16801,1999,4300960
4690,1999,4300965
5244,1999,4300970
4558,1999,4300975
5126,1999,4300980
7200,1999,4300990
4974,1999,4300995
18923,1999,4301000
26286,1999,4301010
77396,1999,4301020
4191,1999,4301030
10362,1999,4301033
3879,1999,4301036
7749,1999,4301040
2318,1999,4301041
5492,1999,4301043
2272,1999,4301046
8872,1999,4301050
4257,1999,4301053
3662,1999,4301055
2507,1999,4301057
41033,1999,4301060
5624,1999,4301070
2655,1999,4301075
14381,1999,4301080
4436,1999,4301085
4473,1999,4301090
31989,1999,4301100
12590,1999,4301110
4613,1999,4301112
3808,1999,4301113
8029,1999,4301115
23571,1999,4301120
1501,1999,4301127
29738,1999,4301130
5350,1999,4301125
62769,1999,4301140
2228,1999,4301142
7253,1999,4301150
6970,1999,4301160
4071,1999,4301162
1542,1999,4301164
5119,1999,4301171
5925,1999,4301170
3129,1999,4301173
6206,1999,4301175
7268,1999,4301177
2406,1999,4301179
27192,1999,4301180
6448,1999,4301190
3583,1999,4301198
2493,1999,4301200
4620,1999,4301205
5839,1999,4301210
2317,1999,4301213
3185,1999,4301215
5843,1999,4301220
7332,1999,4301225
5159,1999,4301230
1840,1999,4301235
2903,1999,4301237
2670,1999,4301238
52904,1999,4301240
2343,1999,4301242
3663,1999,4301244
5903,1999,4301245
5058,1999,4301247
9491,1999,4301250
5022,1999,4301260
2746,1999,4301261
1690,1999,4301262
14187,1999,4301265
1747,1999,4301267
12679,1999,4301270
2745,1999,4301275
3345,1999,4301280
7939,1999,4301290
2286,1999,4301295
4656,1999,4301300
3066,1999,4301301
3869,1999,4301303
13779,1999,4301306
2425,1999,4301308
6035,1999,4301310
16668,1999,4301320
17636,1999,4301330
2845,1999,4301333
3167,1999,4301335
13584,1999,4301337
3596,1999,4301349
3414,1999,4301339
239940,1999,4301340
4730,1999,4301342
2864,1999,4301344
36240,1999,4301350
4570,1999,4301360
10781,1999,4301365
39050,1999,4301370
7350,1999,4301380
33950,1999,4301390
10612,1999,4301395
5915,1999,4301400
6875,1999,4301402
3013,1999,4301403
43425,1999,4301405
4792,1999,4301406
5385,1999,4301407
166343,1999,4301410
7734,1999,4301415
7746,1999,4301420
4315,1999,4301430
315415,1999,4301440
4312,1999,4301442
2475,1999,4301445
4489,1999,4301447
4224,1999,4301449
13316,1999,4301450
3368,1999,4301455
17151,1999,4301460
10972,1999,4301470
1850,1999,4301475
3549,1999,4301477
2383,1999,4301478
24094,1999,4301480
1314032,1999,4301490
7376,1999,4301500
2969,1999,4301505
2724,1999,4301507
11475,1999,4301510
2180,1999,4301513
2092,1999,4301514
6250,1999,4301515
2129,1999,4301517
4673,1999,4301520
23804,1999,4301530
2500,1999,4301532
3610,1999,4301535
8057,1999,4301540
2258,1999,4301545
15928,1999,4301550
5100,1999,4301555
182222,1999,4301560
37901,1999,4301570
3934,1999,4301575
8875,1999,4301580
5312,1999,4301590
17903,1999,4301600
9612,1999,4301610
6257,1999,4301620
7718,1999,4301630
41882,1999,4301640
2771,1999,4301642
3217,1999,4301643
13346,1999,4301645
2882,1999,4301647
6678,1999,4301650
15076,1999,4301660
10230,1999,4301670
4814,1999,4301675
106734,1999,4301680
238473,1999,4301690
5854,1999,4301695
67104,1999,4301720
1862,1999,4301725
30522,1999,4301730
8703,1999,4301700
91779,1999,4301710
52301,1999,4301740
77330,1999,4301750
34177,1999,4301760
13468,1999,4301770
2211,1999,4301755
2092,1999,4301775
14964,1999,4301780
15353,1999,4301790
2617,1999,4301795
64731,1999,4301800
2919,1999,4301805
20447,1999,4301810
18421,1999,4301820
62065,1999,4301830
19040,1999,4301840
4667,1999,4301842
2640,1999,4301843
2903,1999,4301844
3122,1999,4301845
2556,1999,4301846
3280,1999,4301848
2436,1999,4301849
23316,1999,4301850
6963,1999,4301860
3148,1999,4301862
189258,1999,4301870
43391,1999,4301880
38862,1999,4301890
18622,1999,4301900
6319,1999,4301910
3216,1999,4301912
7432,1999,4301915
6132,1999,4301920
7263,1999,4301930
2635,1999,4301935
3007,1999,4301937
16574,1999,4301940
20557,1999,4301950
24698,1999,4301960
4187,1999,4301970
2293,1999,4301971
2422,1999,4301973
1727,1999,4301975
8058,1999,4301980
67386,1999,4301990
120217,1999,4302000
19153,1999,4302010
11251,1999,4302020
3339,1999,4302023
6741,1999,4302026
4618,1999,4302030
2865,1999,4302032
3969,1999,4302035
10628,1999,4302040
3048,1999,4302045
7275,1999,4302050
5267,1999,4302055
2417,1999,4302057
4277,1999,4302060
2581,1999,4302065
9739,1999,4302067
15470,1999,4302070
28388,1999,4302080
3072,1999,4302085
14044,1999,4302090
11604,1999,4302100
14771,1999,4302110
51035,1999,4302120
23884,1999,4302130
3081,1999,4302132
5021,1999,4302135
13916,1999,4302140
10949,1999,4302143
21422,1999,4302145
8093,1999,4302147
3131,1999,4302149
26403,1999,4302150
29902,1999,4302160
2247,1999,4302162
3213,1999,4302163
10103,1999,4302166
18533,1999,4302170
25382,1999,4302180
3171,1999,4302183
4538,1999,4302185
25490,1999,4302190
5860,1999,4302195
20957,1999,4302200
6596,1999,4302210
4427,1999,4302215
1705,1999,4302218
18973,1999,4302220
2835,1999,4302225
9526,1999,4302230
3676,1999,4302232
2681,1999,4302234
2092,1999,4302235
2696,1999,4302237
126305,1999,4302240
54689,1999,4302250
10243,1999,4302253
3917,1999,4302254
2628,1999,4302252
1951,1999,4302255
61223,1999,4302260
20980,1999,4302270
19440,1999,4302280
2341,1999,4302285
6434,1999,4302290
207557,1999,4302300
5910,1999,4302310
3901,1999,4302320
3081,1999,4302330
2419,1999,4302335
4206,1999,4302340
4400,1999,4302345
3023,1999,4302350
1710,1999,4302360
2775,1999,4302370
3878,1999,4302375
7552,1999,4302380
9567,1999,5000020
3308,1999,5000025
29276,1999,5000060
22405,1999,5000070
6981,1999,5000080
7721,1999,5000085
6259,1999,5000090
17719,1999,5000100
40860,1999,5000110
6937,1999,5000124
6260,1999,5000150
15070,1999,5000190
11482,1999,5000200
21418,1999,5000210
7270,1999,5000215
15058,1999,5000220
10722,1999,5000230
20357,1999,5000240
17223,1999,5000260
649593,1999,5000270
4573,1999,5000280
20510,1999,5000290
9881,1999,5000295
3104,1999,5000310
15810,1999,5000315
90111,1999,5000320
15203,1999,5000325
30275,1999,5000330
10837,1999,5000345
9044,1999,5000348
4636,1999,5000350
164716,1999,5000370
9825,1999,5000375
19487,1999,5000380
9968,1999,5000400
10787,1999,5000410
12709,1999,5000430
9086,1999,5000440
15244,1999,5000450
12881,1999,5000460
20704,1999,5000470
4595,1999,5000480
4691,1999,5000490
21558,1999,5000500
4020,1999,5000510
5365,1999,5000515
12569,1999,5000520
6037,1999,5000525
25803,1999,5000540
21119,1999,5000560
15124,1999,5000568
37581,1999,5000570
15676,1999,5000580
6110,1999,5000600
37089,1999,5000620
5793,1999,5000625
38028,1999,5000630
10730,1999,5000635
8140,1999,5000640
63418,1999,5000660
10660,1999,5000690
14594,1999,5000710
20619,1999,5000720
4603,1999,5000730
18860,1999,5000740
3925,1999,5000750
6910,1999,5000755
16116,1999,5000769
6903,1999,5000780
19062,1999,5000770
20055,1999,5000790
10244,1999,5000793
7365,1999,5000795
3601,1999,5000797
10880,1999,5000800
78389,1999,5000830
5491,1999,5000840
6604,1999,5100010
13762,1999,5100020
38687,1999,5100025
11255,1999,5100030
6139,1999,5100035
6823,1999,5100040
10188,1999,5100050
3414,1999,5100060
5836,1999,5100080
3596,1999,5100100
1371,1999,5100120
14009,1999,5100125
12786,1999,5100130
18420,1999,5100140
6886,1999,5100160
22603,1999,5100170
47686,1999,5100180
11638,1999,5100190
74460,1999,5100250
12329,1999,5100260
17659,1999,5100263
13132,1999,5100267
1799,1999,5100268
7561,1999,5100269
16797,1999,5100270
13844,1999,5100279
7274,1999,5100285
15472,1999,5100300
12445,1999,5100305
5536,1999,5100310
27791,1999,5100320
15453,1999,5100330
22375,1999,5100335
5953,1999,5100337
453813,1999,5100340
10146,1999,5100345
15048,1999,5100350
8097,1999,5100360
4005,1999,5100370
4262,1999,5100380
3315,1999,5100385
4754,1999,5100390
3428,1999,5100395
26602,1999,5100410
12318,1999,5100420
1652,1999,5100450
8900,1999,5100455
7728,1999,5100460
23023,1999,5100480
7306,1999,5100490
10818,1999,5100500
28480,1999,5100510
29089,1999,5100515
5590,1999,5100517
11612,1999,5100520
5073,1999,5100523
15455,1999,5100525
2432,1999,5100530
14104,1999,5100558
12123,1999,5100560
23995,1999,5100562
16292,1999,5100590
9843,1999,5100600
11147,1999,5100610
6538,1999,5100615
5292,1999,5100620
9760,1999,5100621
6058,1999,5100880
3406,1999,5100618
3141,1999,5100885
2794,1999,5100890
6819,1999,5100895
9244,1999,5100622
14664,1999,5100623
4431,1999,5100624
19222,1999,5100625
3364,1999,5100627
3805,1999,5100626
9052,1999,5100628
7175,1999,5100629
15057,1999,5100630
13642,1999,5100637
26395,1999,5100642
2576,1999,5100645
30954,1999,5100650
3471,1999,5100665
2555,1999,5100670
44795,1999,5100675
12551,1999,5100677
7504,1999,5100680
7048,1999,5100682
4200,1999,5100685
19722,1999,5100700
27302,1999,5100704
5281,1999,5100706
2465,1999,5100715
8703,1999,5100718
1698,1999,5100719
5626,1999,5100720
155115,1999,5100760
14534,1999,5100770
4972,1999,5100775
4251,1999,5100724
6885,1999,5100777
2653,1999,5100726
14977,1999,5100780
10693,1999,5100785
3313,1999,5100729
12333,1999,5100730
5477,1999,5100735
21348,1999,5100710
3778,1999,5100740
4394,1999,5100787
70660,1999,5100790
33014,1999,5100792
6030,1999,5100794
55956,1999,5100795
9716,1999,5100800
15404,1999,5100805
3288,1999,5100810
5505,1999,5100820
3477,1999,5100830
214435,1999,5100840
7683,1999,5100850
11131,1999,5100550
16184,1999,5100860
3647,1999,5200005
10562,1999,5200010
15945,1999,5200013
2990,1999,5200015
3524,1999,5200017
2152,1999,5200020
89200,1999,5200025
21248,1999,5200030
2050,1999,5200050
2827,1999,5200055
5968,1999,5200060
7715,1999,5200080
2617,1999,5200082
5376,1999,5200085
4018,1999,5200090
282197,1999,5200110
853,1999,5200120
17818,1999,5200130
324662,1999,5200140
2511,1999,5200145
3442,1999,5200150
3656,1999,5200160
18205,1999,5200170
6284,1999,5200180
8129,1999,5200215
3719,1999,5200235
5573,1999,5200250
4814,1999,5200260
2635,1999,5200280
4033,1999,5200310
7947,1999,5200320
20293,1999,5200330
8170,1999,5200340
15204,1999,5200350
4744,1999,5200355
2672,1999,5200357
2947,1999,5200360
5893,1999,5200380
9194,1999,5200390
2750,1999,5200393
3821,1999,5200396
5579,1999,5200400
7726,1999,5200410
1259,1999,5200420
7682,1999,5200425
9724,1999,5200430
14382,1999,5200440
45222,1999,5200450
2980,1999,5200455
2531,1999,5200460
3596,1999,5200465
9026,1999,5200470
4684,1999,5200480
16009,1999,5200490
12193,1999,5200495
7276,1999,5200500
4027,1999,5200505
60853,1999,5200510
4080,1999,5200520
10460,1999,5200530
20292,1999,5200540
6493,1999,5200545
2974,1999,5200547
37819,1999,5200549
14057,1999,5200551
3516,1999,5200552
2939,1999,5200570
8072,1999,5200580
6216,1999,5200590
32245,1999,5200620
3014,1999,5200630
14801,1999,5200640
3867,1999,5200650
3222,1999,5200660
3306,1999,5200670
2665,1999,5200680
2060,1999,5200690
2778,1999,5200710
4985,1999,5200830
6979,1999,5200725
3535,1999,5200735
11392,1999,5200740
3561,1999,5200750
7234,1999,5200753
7832,1999,5200760
9605,1999,5200780
5587,1999,5200790
78388,1999,5200800
5542,1999,5200810
11209,1999,5200840
4819,1999,5200850
48165,1999,5200860
1056330,1999,5200870
17336,1999,5200880
28170,1999,5200890
30411,1999,5200910
3783,1999,5200915
12924,1999,5200920
3036,1999,5200929
4418,1999,5200940
2925,1999,5200945
2936,1999,5200960
11660,1999,5200970
4091,1999,5200980
10163,1999,5200990
5065,1999,5200993
12718,1999,5200995
41726,1999,5201000
22856,1999,5201010
32537,1999,5201020
3457,1999,5201030
27466,1999,5201040
4519,1999,5201056
5044,1999,5201060
5420,1999,5201080
13940,1999,5201090
9264,1999,5201100
27677,1999,5201120
6050,1999,5201130
7925,1999,5201140
81823,1999,5201150
3184,1999,5201160
6847,1999,5201170
30651,1999,5201180
78945,1999,5201190
2643,1999,5201200
2069,1999,5201205
6732,1999,5201210
18713,1999,5201220
8083,1999,5201230
125597,1999,5201250
2604,1999,5201260
4983,1999,5201270
11125,1999,5201280
2097,1999,5201290
4801,1999,5201295
9706,1999,5201300
2370,1999,5201305
37044,1999,5201308
35096,1999,5201310
1899,1999,5201340
6433,1999,5201350
7655,1999,5201370
6929,1999,5201375
2717,1999,5201377
33922,1999,5201380
2166,1999,5201385
6023,1999,5201390
10336,1999,5201400
5609,1999,5201405
4538,1999,5201410
7036,1999,5201440
17389,1999,5201450
33343,1999,5201460
2272,1999,5201470
1924,1999,5201480
9641,1999,5201483
9486,1999,5201486
2601,1999,5201487
3733,1999,5201490
6404,1999,5201500
4262,1999,5201520
71155,1999,5201523
3494,1999,5201525
13592,1999,5201530
4713,1999,5201540
4191,1999,5201550
17068,1999,5201560
3495,1999,5201565
18377,1999,5201570
2207,1999,5201580
3284,1999,5201590
2714,1999,5201600
9148,1999,5201630
12309,1999,5201640
2045,1999,5201645
9598,1999,5201680
3564,1999,5201690
22951,1999,5201710
11421,1999,5201720
20808,1999,5201730
28631,1999,5201740
66832,1999,5201760
16822,1999,5201770
39011,1999,5201800
2653,1999,5201805
3191,1999,5201810
25764,1999,5201830
3723,1999,5201839
35857,1999,5201850
10877,1999,5201860
4517,1999,5201870
2067,1999,5201878
107755,1999,5201880
17447,1999,5201890
7993,1999,5201900
4977,1999,5201910
2856,1999,5201920
3477,1999,5201925
32740,1999,5201930
3400,1999,5201935
5667,1999,5201940
3094,1999,5201945
3469,1999,5201950
5266,1999,5201960
12208,1999,5201970
4342,1999,5201971
2756,1999,5201973
67024,1999,5201975
8858,1999,5201980
5878,1999,5201990
6558,1999,5202000
2147,1999,5202005
25684,1999,5202010
3566,1999,5202015
21980,1999,5202020
3102,1999,5202026
1563,1999,5202028
13482,1999,5202040
50505,1999,5202045
6264,1999,5202050
19513,1999,5202060
6302,1999,5202068
3011,1999,5202070
3531,1999,5202100
2325,1999,5202108
4875,1999,5202119
3008,1999,5202130
78222,1999,5202140
3365,1999,5202145
5575,1999,5202150
3411,1999,5202155
3027,1999,5202157
33514,1999,5202160
15420,1999,5202170
2909,1999,5202180
88734,1999,5202185
3502,1999,5202190
9911,1999,5202200
6472,1999,5202205
2495,1999,5202220
3725,1999,5202230
1969868,1999,5300010
